Quality;Polygons;Lights;Shadows;Particles;IsComplexMaterial;FPS
0;50;3;0;50;0;126.4
0;50;3;0;250;0;120.0
0;50;3;0;750;0;82.82
0;50;3;0;1500;0;59.63
0;50;3;0;2500;0;45.5
0;50;3;0;3500;0;42.59
0;50;3;1;50;0;137.2
0;50;3;1;250;0;96.86
0;50;3;1;750;0;82.78
0;50;3;1;1500;0;46.55
0;50;3;1;2500;0;42.44
0;50;3;1;3500;0;37.75
0;50;6;0;50;0;146.51
0;50;6;0;250;0;123.35
0;50;6;0;750;0;97.46
0;50;6;0;1500;0;65.48
0;50;6;0;2500;0;45.1
0;50;6;0;3500;0;39.45
0;50;6;1;50;0;132.32
0;50;6;1;250;0;125.33
0;50;6;1;750;0;91.47
0;50;6;1;1500;0;64.59
0;50;6;1;2500;0;45.86
0;50;6;1;3500;0;40.69
0;50;10;0;50;0;138.59
0;50;10;0;250;0;130.91
0;50;10;0;750;0;95.94
0;50;10;0;1500;0;66.45
0;50;10;0;2500;0;46.18
0;50;10;0;3500;0;41.46
0;50;10;1;50;0;129.67
0;50;10;1;250;0;124.51
0;50;10;1;750;0;92.88
0;50;10;1;1500;0;64.0
0;50;10;1;2500;0;45.39
0;50;10;1;3500;0;39.86
0;50;14;0;50;0;132.78
0;50;14;0;250;0;126.17
0;50;14;0;750;0;93.49
0;50;14;0;1500;0;64.31
0;50;14;0;2500;0;44.59
0;50;14;0;3500;0;39.1
0;50;14;1;50;0;126.43
0;50;14;1;250;0;123.78
0;50;14;1;750;0;91.93
0;50;14;1;1500;0;65.17
0;50;14;1;2500;0;44.77
0;50;14;1;3500;0;38.91
0;50;20;0;50;0;135.81
0;50;20;0;250;0;129.24
0;50;20;0;750;0;95.71
0;50;20;0;1500;0;65.55
0;50;20;0;2500;0;47.41
0;50;20;0;3500;0;39.79
0;50;20;1;50;0;110.51
0;50;20;1;250;0;111.11
0;50;20;1;750;0;91.01
0;50;20;1;1500;0;65.28
0;50;20;1;2500;0;45.84
0;50;20;1;3500;0;42.05
0;300;3;0;50;0;103.62
0;300;3;0;250;0;128.3
0;300;3;0;750;0;91.57
0;300;3;0;1500;0;64.97
0;300;3;0;2500;0;45.35
0;300;3;0;3500;0;39.35
0;300;3;1;50;0;118.16
0;300;3;1;250;0;117.47
0;300;3;1;750;0;90.18
0;300;3;1;1500;0;64.58
0;300;3;1;2500;0;44.32
0;300;3;1;3500;0;38.19
0;300;6;0;50;0;124.94
0;300;6;0;250;0;119.94
0;300;6;0;750;0;87.6
0;300;6;0;1500;0;62.98
0;300;6;0;2500;0;43.96
0;300;6;0;3500;0;39.88
0;300;6;1;50;0;117.95
0;300;6;1;250;0;116.54
0;300;6;1;750;0;85.49
0;300;6;1;1500;0;62.45
0;300;6;1;2500;0;45.32
0;300;6;1;3500;0;38.32
0;300;10;0;50;0;124.8
0;300;10;0;250;0;123.85
0;300;10;0;750;0;91.72
0;300;10;0;1500;0;63.52
0;300;10;0;2500;0;44.87
0;300;10;0;3500;0;38.27
0;300;10;1;50;0;117.53
0;300;10;1;250;0;117.54
0;300;10;1;750;0;86.03
0;300;10;1;1500;0;62.11
0;300;10;1;2500;0;44.94
0;300;10;1;3500;0;38.25
0;300;14;0;50;0;123.72
0;300;14;0;250;0;122.8
0;300;14;0;750;0;89.66
0;300;14;0;1500;0;55.24
0;300;14;0;2500;0;41.92
0;300;14;0;3500;0;37.98
0;300;14;1;50;0;123.75
0;300;14;1;250;0;119.84
0;300;14;1;750;0;92.3
0;300;14;1;1500;0;65.48
0;300;14;1;2500;0;45.98
0;300;14;1;3500;0;38.25
0;300;20;0;50;0;125.6
0;300;20;0;250;0;119.76
0;300;20;0;750;0;89.67
0;300;20;0;1500;0;62.42
0;300;20;0;2500;0;45.82
0;300;20;0;3500;0;38.47
0;300;20;1;50;0;116.92
0;300;20;1;250;0;115.63
0;300;20;1;750;0;86.09
0;300;20;1;1500;0;62.22
0;300;20;1;2500;0;43.81
0;300;20;1;3500;0;37.89
0;750;3;0;50;0;83.57
0;750;3;0;250;0;111.01
0;750;3;0;750;0;84.39
0;750;3;0;1500;0;58.52
0;750;3;0;2500;0;38.61
0;750;3;0;3500;0;35.22
0;750;3;1;50;0;103.57
0;750;3;1;250;0;111.22
0;750;3;1;750;0;86.19
0;750;3;1;1500;0;57.52
0;750;3;1;2500;0;39.6
0;750;3;1;3500;0;37.53
0;750;6;0;50;0;116.62
0;750;6;0;250;0;114.82
0;750;6;0;750;0;85.08
0;750;6;0;1500;0;61.77
0;750;6;0;2500;0;41.81
0;750;6;0;3500;0;35.65
0;750;6;1;50;0;105.53
0;750;6;1;250;0;110.37
0;750;6;1;750;0;77.07
0;750;6;1;1500;0;59.62
0;750;6;1;2500;0;43.13
0;750;6;1;3500;0;38.13
0;750;10;0;50;0;111.89
0;750;10;0;250;0;111.92
0;750;10;0;750;0;83.56
0;750;10;0;1500;0;59.36
0;750;10;0;2500;0;43.91
0;750;10;0;3500;0;38.04
0;750;10;1;50;0;104.66
0;750;10;1;250;0;99.9
0;750;10;1;750;0;79.15
0;750;10;1;1500;0;61.78
0;750;10;1;2500;0;43.51
0;750;10;1;3500;0;38.08
0;750;14;0;50;0;112.96
0;750;14;0;250;0;110.82
0;750;14;0;750;0;84.14
0;750;14;0;1500;0;62.56
0;750;14;0;2500;0;42.37
0;750;14;0;3500;0;34.35
0;750;14;1;50;0;96.18
0;750;14;1;250;0;106.21
0;750;14;1;750;0;79.77
0;750;14;1;1500;0;62.43
0;750;14;1;2500;0;44.25
0;750;14;1;3500;0;40.7
0;750;20;0;50;0;116.3
0;750;20;0;250;0;111.31
0;750;20;0;750;0;84.02
0;750;20;0;1500;0;61.98
0;750;20;0;2500;0;38.71
0;750;20;0;3500;0;34.63
0;750;20;1;50;0;98.69
0;750;20;1;250;0;109.1
0;750;20;1;750;0;85.87
0;750;20;1;1500;0;63.16
0;750;20;1;2500;0;44.46
0;750;20;1;3500;0;38.23
0;3000;3;0;50;0;45.91
0;3000;3;0;250;0;72.67
0;3000;3;0;750;0;62.97
0;3000;3;0;1500;0;49.94
0;3000;3;0;2500;0;36.84
0;3000;3;0;3500;0;34.29
0;3000;3;1;50;0;65.56
0;3000;3;1;250;0;66.34
0;3000;3;1;750;0;62.02
0;3000;3;1;1500;0;46.18
0;3000;3;1;2500;0;37.0
0;3000;3;1;3500;0;31.84
0;3000;6;0;50;0;69.73
0;3000;6;0;250;0;69.36
0;3000;6;0;750;0;63.11
0;3000;6;0;1500;0;50.34
0;3000;6;0;2500;0;37.35
0;3000;6;0;3500;0;32.23
0;3000;6;1;50;0;68.25
0;3000;6;1;250;0;68.41
0;3000;6;1;750;0;62.67
0;3000;6;1;1500;0;48.72
0;3000;6;1;2500;0;36.79
0;3000;6;1;3500;0;32.99
0;3000;10;0;50;0;70.87
0;3000;10;0;250;0;71.1
0;3000;10;0;750;0;65.35
0;3000;10;0;1500;0;51.18
0;3000;10;0;2500;0;38.6
0;3000;10;0;3500;0;34.67
0;3000;10;1;50;0;68.28
0;3000;10;1;250;0;71.36
0;3000;10;1;750;0;63.57
0;3000;10;1;1500;0;50.69
0;3000;10;1;2500;0;38.09
0;3000;10;1;3500;0;34.31
0;3000;14;0;50;0;58.04
0;3000;14;0;250;0;64.98
0;3000;14;0;750;0;58.57
0;3000;14;0;1500;0;50.54
0;3000;14;0;2500;0;40.59
0;3000;14;0;3500;0;36.81
0;3000;14;1;50;0;75.56
0;3000;14;1;250;0;71.51
0;3000;14;1;750;0;51.08
0;3000;14;1;1500;0;43.87
0;3000;14;1;2500;0;31.98
0;3000;14;1;3500;0;28.4
0;3000;20;0;50;0;57.43
0;3000;20;0;250;0;64.3
0;3000;20;0;750;0;58.68
0;3000;20;0;1500;0;48.35
0;3000;20;0;2500;0;36.17
0;3000;20;0;3500;0;32.53
0;3000;20;1;50;0;66.17
0;3000;20;1;250;0;70.2
0;3000;20;1;750;0;61.6
0;3000;20;1;1500;0;50.6
0;3000;20;1;2500;0;37.46
0;3000;20;1;3500;0;34.64
0;7500;3;0;50;0;24.79
0;7500;3;0;250;0;43.63
0;7500;3;0;750;0;38.84
0;7500;3;0;1500;0;36.0
0;7500;3;0;2500;0;30.54
0;7500;3;0;3500;0;28.12
0;7500;3;1;50;0;39.7
0;7500;3;1;250;0;38.73
0;7500;3;1;750;0;37.72
0;7500;3;1;1500;0;34.66
0;7500;3;1;2500;0;30.21
0;7500;3;1;3500;0;26.48
0;7500;6;0;50;0;39.95
0;7500;6;0;250;0;38.42
0;7500;6;0;750;0;38.57
0;7500;6;0;1500;0;35.12
0;7500;6;0;2500;0;30.36
0;7500;6;0;3500;0;28.17
0;7500;6;1;50;0;38.4
0;7500;6;1;250;0;39.25
0;7500;6;1;750;0;37.45
0;7500;6;1;1500;0;34.84
0;7500;6;1;2500;0;29.51
0;7500;6;1;3500;0;27.96
0;7500;10;0;50;0;39.54
0;7500;10;0;250;0;41.46
0;7500;10;0;750;0;38.36
0;7500;10;0;1500;0;33.29
0;7500;10;0;2500;0;29.84
0;7500;10;0;3500;0;26.26
0;7500;10;1;50;0;39.71
0;7500;10;1;250;0;39.27
0;7500;10;1;750;0;37.37
0;7500;10;1;1500;0;32.97
0;7500;10;1;2500;0;29.83
0;7500;10;1;3500;0;28.51
0;7500;14;0;50;0;39.92
0;7500;14;0;250;0;39.57
0;7500;14;0;750;0;36.14
0;7500;14;0;1500;0;33.26
0;7500;14;0;2500;0;30.11
0;7500;14;0;3500;0;28.2
0;7500;14;1;50;0;37.31
0;7500;14;1;250;0;38.98
0;7500;14;1;750;0;37.3
0;7500;14;1;1500;0;33.21
0;7500;14;1;2500;0;29.46
0;7500;14;1;3500;0;26.31
0;7500;20;0;50;0;39.64
0;7500;20;0;250;0;38.36
0;7500;20;0;750;0;38.77
0;7500;20;0;1500;0;35.59
0;7500;20;0;2500;0;29.84
0;7500;20;0;3500;0;28.17
0;7500;20;1;50;0;39.07
0;7500;20;1;250;0;38.22
0;7500;20;1;750;0;35.57
0;7500;20;1;1500;0;31.42
0;7500;20;1;2500;0;28.85
0;7500;20;1;3500;0;26.46
0;17500;3;0;50;0;10.45
0;17500;3;0;250;0;20.93
0;17500;3;0;750;0;19.95
0;17500;3;0;1500;0;18.5
0;17500;3;0;2500;0;17.84
0;17500;3;0;3500;0;16.28
0;17500;3;1;50;0;19.95
0;17500;3;1;250;0;21.02
0;17500;3;1;750;0;19.4
0;17500;3;1;1500;0;18.33
0;17500;3;1;2500;0;16.78
0;17500;3;1;3500;0;16.29
0;17500;6;0;50;0;19.98
0;17500;6;0;250;0;20.57
0;17500;6;0;750;0;19.8
0;17500;6;0;1500;0;19.27
0;17500;6;0;2500;0;17.21
0;17500;6;0;3500;0;17.01
0;17500;6;1;50;0;19.03
0;17500;6;1;250;0;21.43
0;17500;6;1;750;0;18.91
0;17500;6;1;1500;0;17.48
0;17500;6;1;2500;0;16.73
0;17500;6;1;3500;0;16.42
0;17500;10;0;50;0;21.47
0;17500;10;0;250;0;19.59
0;17500;10;0;750;0;19.09
0;17500;10;0;1500;0;18.79
0;17500;10;0;2500;0;17.67
0;17500;10;0;3500;0;16.55
0;17500;10;1;50;0;19.82
0;17500;10;1;250;0;20.48
0;17500;10;1;750;0;19.06
0;17500;10;1;1500;0;17.3
0;17500;10;1;2500;0;17.22
0;17500;10;1;3500;0;16.79
0;17500;14;0;50;0;21.02
0;17500;14;0;250;0;19.61
0;17500;14;0;750;0;19.42
0;17500;14;0;1500;0;18.19
0;17500;14;0;2500;0;17.4
0;17500;14;0;3500;0;16.39
0;17500;14;1;50;0;19.64
0;17500;14;1;250;0;19.39
0;17500;14;1;750;0;18.88
0;17500;14;1;1500;0;17.93
0;17500;14;1;2500;0;17.11
0;17500;14;1;3500;0;16.37
0;17500;20;0;50;0;19.23
0;17500;20;0;250;0;19.97
0;17500;20;0;750;0;19.36
0;17500;20;0;1500;0;18.63
0;17500;20;0;2500;0;17.19
0;17500;20;0;3500;0;16.95
0;17500;20;1;50;0;19.27
0;17500;20;1;250;0;19.23
0;17500;20;1;750;0;19.45
0;17500;20;1;1500;0;19.41
0;17500;20;1;2500;0;18.29
0;17500;20;1;3500;0;17.49
0;37500;3;0;50;0;4.38
0;37500;3;0;250;0;11.4
0;37500;3;0;750;0;10.69
0;37500;3;0;1500;0;11.02
0;37500;3;0;2500;0;10.58
0;37500;3;0;3500;0;10.31
0;37500;3;1;50;0;11.14
0;37500;3;1;250;0;11.11
0;37500;3;1;750;0;10.86
0;37500;3;1;1500;0;10.35
0;37500;3;1;2500;0;9.59
0;37500;3;1;3500;0;8.87
0;37500;6;0;50;0;10.84
0;37500;6;0;250;0;11.6
0;37500;6;0;750;0;10.89
0;37500;6;0;1500;0;10.66
0;37500;6;0;2500;0;10.33
0;37500;6;0;3500;0;9.84
0;37500;6;1;50;0;11.03
0;37500;6;1;250;0;10.81
0;37500;6;1;750;0;10.66
0;37500;6;1;1500;0;10.36
0;37500;6;1;2500;0;9.72
0;37500;6;1;3500;0;9.59
0;37500;10;0;50;0;10.99
0;37500;10;0;250;0;10.47
0;37500;10;0;750;0;10.94
0;37500;10;0;1500;0;10.43
0;37500;10;0;2500;0;9.55
0;37500;10;0;3500;0;9.86
0;37500;10;1;50;0;9.94
0;37500;10;1;250;0;10.85
0;37500;10;1;750;0;10.14
0;37500;10;1;1500;0;10.27
0;37500;10;1;2500;0;9.79
0;37500;10;1;3500;0;9.44
0;37500;14;0;50;0;10.96
0;37500;14;0;250;0;10.55
0;37500;14;0;750;0;10.93
0;37500;14;0;1500;0;10.29
0;37500;14;0;2500;0;10.35
0;37500;14;0;3500;0;10.06
0;37500;14;1;50;0;10.44
0;37500;14;1;250;0;10.54
0;37500;14;1;750;0;10.23
0;37500;14;1;1500;0;10.22
0;37500;14;1;2500;0;9.33
0;37500;14;1;3500;0;9.36
0;37500;20;0;50;0;10.83
0;37500;20;0;250;0;10.75
0;37500;20;0;750;0;10.9
0;37500;20;0;1500;0;10.07
0;37500;20;0;2500;0;9.58
0;37500;20;0;3500;0;9.94
0;37500;20;1;50;0;10.62
0;37500;20;1;250;0;10.87
0;37500;20;1;750;0;10.68
0;37500;20;1;1500;0;10.29
0;37500;20;1;2500;0;10.05
0;37500;20;1;3500;0;9.53
0;62500;3;0;50;0;2.88
0;62500;3;0;250;0;7.3
0;62500;3;0;750;0;6.12
0;62500;3;0;1500;0;6.51
0;62500;3;0;2500;0;6.46
0;62500;3;0;3500;0;6.41
0;62500;3;1;50;0;6.51
0;62500;3;1;250;0;6.61
0;62500;3;1;750;0;5.99
0;62500;3;1;1500;0;6.2
0;62500;3;1;2500;0;5.96
0;62500;3;1;3500;0;5.77
0;62500;6;0;50;0;6.17
0;62500;6;0;250;0;6.02
0;62500;6;0;750;0;6.0
0;62500;6;0;1500;0;6.17
0;62500;6;0;2500;0;6.29
0;62500;6;0;3500;0;6.09
0;62500;6;1;50;0;6.38
0;62500;6;1;250;0;5.91
0;62500;6;1;750;0;6.08
0;62500;6;1;1500;0;5.81
0;62500;6;1;2500;0;6.17
0;62500;6;1;3500;0;5.72
0;62500;10;0;50;0;5.94
0;62500;10;0;250;0;6.45
0;62500;10;0;750;0;6.12
0;62500;10;0;1500;0;6.17
0;62500;10;0;2500;0;5.55
0;62500;10;0;3500;0;6.2
0;62500;10;1;50;0;6.23
0;62500;10;1;250;0;6.25
0;62500;10;1;750;0;5.98
0;62500;10;1;1500;0;6.37
0;62500;10;1;2500;0;5.79
0;62500;10;1;3500;0;5.92
0;62500;14;0;50;0;6.29
0;62500;14;0;250;0;6.41
0;62500;14;0;750;0;6.44
0;62500;14;0;1500;0;5.66
0;62500;14;0;2500;0;6.13
0;62500;14;0;3500;0;6.08
0;62500;14;1;50;0;6.45
0;62500;14;1;250;0;5.7
0;62500;14;1;750;0;6.18
0;62500;14;1;1500;0;6.19
0;62500;14;1;2500;0;5.95
0;62500;14;1;3500;0;5.88
0;62500;20;0;50;0;6.09
0;62500;20;0;250;0;6.4
0;62500;20;0;750;0;6.0
0;62500;20;0;1500;0;6.13
0;62500;20;0;2500;0;6.0
0;62500;20;0;3500;0;5.81
0;62500;20;1;50;0;6.05
0;62500;20;1;250;0;6.66
0;62500;20;1;750;0;5.84
0;62500;20;1;1500;0;6.21
0;62500;20;1;2500;0;5.88
0;62500;20;1;3500;0;5.48
0;87500;3;0;50;0;2.7
0;87500;3;0;250;0;5.24
0;87500;3;0;750;0;4.22
0;87500;3;0;1500;0;4.5
0;87500;3;0;2500;0;4.64
0;87500;3;0;3500;0;4.49
0;87500;3;1;50;0;4.89
0;87500;3;1;250;0;4.39
0;87500;3;1;750;0;4.01
0;87500;3;1;1500;0;4.57
0;87500;3;1;2500;0;4.56
0;87500;3;1;3500;0;4.43
0;87500;6;0;50;0;4.74
0;87500;6;0;250;0;4.98
0;87500;6;0;750;0;4.69
0;87500;6;0;1500;0;4.59
0;87500;6;0;2500;0;4.53
0;87500;6;0;3500;0;4.41
0;87500;6;1;50;0;4.75
0;87500;6;1;250;0;4.64
0;87500;6;1;750;0;4.55
0;87500;6;1;1500;0;2.99
0;87500;6;1;2500;0;4.58
0;87500;6;1;3500;0;4.63
0;87500;10;0;50;0;4.71
0;87500;10;0;250;0;4.91
0;87500;10;0;750;0;4.72
0;87500;10;0;1500;0;4.52
0;87500;10;0;2500;0;4.46
0;87500;10;0;3500;0;4.53
0;87500;10;1;50;0;4.77
0;87500;10;1;250;0;4.46
0;87500;10;1;750;0;4.4
0;87500;10;1;1500;0;4.58
0;87500;10;1;2500;0;4.39
0;87500;10;1;3500;0;4.27
0;87500;14;0;50;0;4.59
0;87500;14;0;250;0;4.46
0;87500;14;0;750;0;4.65
0;87500;14;0;1500;0;4.52
0;87500;14;0;2500;0;4.22
0;87500;14;0;3500;0;4.49
0;87500;14;1;50;0;4.68
0;87500;14;1;250;0;4.67
0;87500;14;1;750;0;4.49
0;87500;14;1;1500;0;4.43
0;87500;14;1;2500;0;4.29
0;87500;14;1;3500;0;4.03
0;87500;20;0;50;0;3.84
0;87500;20;0;250;0;4.57
0;87500;20;0;750;0;4.77
0;87500;20;0;1500;0;4.66
0;87500;20;0;2500;0;4.23
0;87500;20;0;3500;0;4.2
0;87500;20;1;50;0;4.76
0;87500;20;1;250;0;4.88
0;87500;20;1;750;0;4.73
0;87500;20;1;1500;0;4.28
0;87500;20;1;2500;0;4.28
0;87500;20;1;3500;0;4.23
0;137500;3;0;50;0;3.31
0;137500;3;0;250;0;3.81
0;137500;3;0;750;0;3.8
0;137500;3;0;1500;0;3.91
0;137500;3;0;2500;0;3.45
0;137500;3;0;3500;0;3.66
0;137500;3;1;50;0;3.82
0;137500;3;1;250;0;3.72
0;137500;3;1;750;0;3.43
0;137500;3;1;1500;0;3.5
0;137500;3;1;2500;0;3.6
0;137500;3;1;3500;0;3.3
0;137500;6;0;50;0;3.73
0;137500;6;0;250;0;3.96
0;137500;6;0;750;0;4.42
0;137500;6;0;1500;0;3.56
0;137500;6;0;2500;0;3.9
0;137500;6;0;3500;0;4.06
0;137500;6;1;50;0;4.42
0;137500;6;1;250;0;4.14
0;137500;6;1;750;0;4.14
0;137500;6;1;1500;0;3.99
0;137500;6;1;2500;0;3.66
0;137500;6;1;3500;0;4.02
0;137500;10;0;50;0;4.18
0;137500;10;0;250;0;4.14
0;137500;10;0;750;0;4.04
0;137500;10;0;1500;0;4.06
0;137500;10;0;2500;0;4.02
0;137500;10;0;3500;0;4.07
0;137500;10;1;50;0;3.93
0;137500;10;1;250;0;4.1
0;137500;10;1;750;0;4.09
0;137500;10;1;1500;0;3.76
0;137500;10;1;2500;0;4.0
0;137500;10;1;3500;0;3.99
0;137500;14;0;50;0;4.23
0;137500;14;0;250;0;4.23
0;137500;14;0;750;0;4.27
0;137500;14;0;1500;0;3.96
0;137500;14;0;2500;0;4.1
0;137500;14;0;3500;0;4.09
0;137500;14;1;50;0;4.14
0;137500;14;1;250;0;4.12
0;137500;14;1;750;0;3.92
0;137500;14;1;1500;0;4.12
0;137500;14;1;2500;0;3.94
0;137500;14;1;3500;0;3.87
0;137500;20;0;50;0;3.96
0;137500;20;0;250;0;3.91
0;137500;20;0;750;0;4.41
0;137500;20;0;1500;0;4.06
0;137500;20;0;2500;0;4.17
0;137500;20;0;3500;0;4.04
0;137500;20;1;50;0;4.18
0;137500;20;1;250;0;4.15
0;137500;20;1;750;0;4.1
0;137500;20;1;1500;0;3.87
0;137500;20;1;2500;0;4.09
0;137500;20;1;3500;0;3.61
0;212500;3;0;50;0;4.21
0;212500;3;0;250;0;3.97
0;212500;3;0;750;0;3.88
0;212500;3;0;1500;0;3.81
0;212500;3;0;2500;0;3.85
0;212500;3;0;3500;0;3.94
0;212500;3;1;50;0;3.76
0;212500;3;1;250;0;4.11
0;212500;3;1;750;0;3.98
0;212500;3;1;1500;0;3.76
0;212500;3;1;2500;0;3.75
0;212500;3;1;3500;0;3.8
0;212500;6;0;50;0;4.05
0;212500;6;0;250;0;4.09
0;212500;6;0;750;0;4.12
0;212500;6;0;1500;0;3.89
0;212500;6;0;2500;0;4.1
0;212500;6;0;3500;0;4.05
0;212500;6;1;50;0;4.22
0;212500;6;1;250;0;4.1
0;212500;6;1;750;0;4.02
0;212500;6;1;1500;0;4.08
0;212500;6;1;2500;0;3.9
0;212500;6;1;3500;0;3.92
0;212500;10;0;50;0;4.01
0;212500;10;0;250;0;4.29
0;212500;10;0;750;0;4.04
0;212500;10;0;1500;0;4.05
0;212500;10;0;2500;0;3.74
0;212500;10;0;3500;0;3.86
0;212500;10;1;50;0;4.07
0;212500;10;1;250;0;4.0
0;212500;10;1;750;0;3.85
0;212500;10;1;1500;0;4.05
0;212500;10;1;2500;0;3.79
0;212500;10;1;3500;0;3.85
0;212500;14;0;50;0;3.89
0;212500;14;0;250;0;3.88
0;212500;14;0;750;0;4.11
0;212500;14;0;1500;0;3.93
0;212500;14;0;2500;0;3.48
0;212500;14;0;3500;0;4.07
0;212500;14;1;50;0;4.22
0;212500;14;1;250;0;4.08
0;212500;14;1;750;0;4.05
0;212500;14;1;1500;0;4.11
0;212500;14;1;2500;0;3.86
0;212500;14;1;3500;0;3.68
0;212500;20;0;50;0;4.04
0;212500;20;0;250;0;3.98
0;212500;20;0;750;0;3.97
0;212500;20;0;1500;0;4.05
0;212500;20;0;2500;0;3.88
0;212500;20;0;3500;0;4.02
0;212500;20;1;50;0;3.91
0;212500;20;1;250;0;4.06
0;212500;20;1;750;0;3.92
0;212500;20;1;1500;0;3.95
0;212500;20;1;2500;0;3.76
0;212500;20;1;3500;0;3.8
0;300000;3;0;50;0;4.02
0;300000;3;0;250;0;4.16
0;300000;3;0;750;0;4.21
0;300000;3;0;1500;0;3.94
0;300000;3;0;2500;0;4.13
0;300000;3;0;3500;0;4.01
0;300000;3;1;50;0;4.17
0;300000;3;1;250;0;4.25
0;300000;3;1;750;0;4.01
0;300000;3;1;1500;0;3.94
0;300000;3;1;2500;0;3.84
0;300000;3;1;3500;0;3.73
0;300000;6;0;50;0;3.92
0;300000;6;0;250;0;4.18
0;300000;6;0;750;0;4.03
0;300000;6;0;1500;0;4.21
0;300000;6;0;2500;0;3.75
0;300000;6;0;3500;0;3.69
0;300000;6;1;50;0;4.14
0;300000;6;1;250;0;3.95
0;300000;6;1;750;0;4.1
0;300000;6;1;1500;0;3.74
0;300000;6;1;2500;0;3.8
0;300000;6;1;3500;0;3.99
0;300000;10;0;50;0;4.16
0;300000;10;0;250;0;4.01
0;300000;10;0;750;0;4.03
0;300000;10;0;1500;0;4.28
0;300000;10;0;2500;0;4.02
0;300000;10;0;3500;0;3.84
0;300000;10;1;50;0;4.11
0;300000;10;1;250;0;4.22
0;300000;10;1;750;0;3.94
0;300000;10;1;1500;0;3.77
0;300000;10;1;2500;0;4.08
0;300000;10;1;3500;0;4.01
0;300000;14;0;50;0;3.96
0;300000;14;0;250;0;4.06
0;300000;14;0;750;0;3.98
0;300000;14;0;1500;0;3.91
0;300000;14;0;2500;0;3.91
0;300000;14;0;3500;0;3.81
0;300000;14;1;50;0;4.38
0;300000;14;1;250;0;3.99
0;300000;14;1;750;0;4.14
0;300000;14;1;1500;0;4.08
0;300000;14;1;2500;0;3.98
0;300000;14;1;3500;0;3.79
0;300000;20;0;50;0;3.96
0;300000;20;0;250;0;4.14
0;300000;20;0;750;0;4.31
0;300000;20;0;1500;0;3.95
0;300000;20;0;2500;0;3.82
0;300000;20;0;3500;0;4.02
0;300000;20;1;50;0;4.06
0;300000;20;1;250;0;4.07
0;300000;20;1;750;0;4.09
0;300000;20;1;1500;0;3.88
0;300000;20;1;2500;0;3.93
0;300000;20;1;3500;0;3.72
0;50;3;0;50;1;0.79
0;50;3;0;250;1;128.59
0;50;3;0;750;1;91.56
0;50;3;0;1500;1;65.27
0;50;3;0;2500;1;44.27
0;50;3;0;3500;1;39.08
0;50;3;1;50;1;131.87
0;50;3;1;250;1;122.58
0;50;3;1;750;1;90.4
0;50;3;1;1500;1;68.45
0;50;3;1;2500;1;48.98
0;50;3;1;3500;1;42.14
0;50;6;0;50;1;139.58
0;50;6;0;250;1;117.11
0;50;6;0;750;1;86.3
0;50;6;0;1500;1;64.5
0;50;6;0;2500;1;45.67
0;50;6;0;3500;1;36.75
0;50;6;1;50;1;122.1
0;50;6;1;250;1;122.09
0;50;6;1;750;1;96.05
0;50;6;1;1500;1;68.36
0;50;6;1;2500;1;46.08
0;50;6;1;3500;1;41.53
0;50;10;0;50;1;119.99
0;50;10;0;250;1;124.72
0;50;10;0;750;1;96.66
0;50;10;0;1500;1;68.33
0;50;10;0;2500;1;45.23
0;50;10;0;3500;1;39.71
0;50;10;1;50;1;131.75
0;50;10;1;250;1;121.78
0;50;10;1;750;1;79.75
0;50;10;1;1500;1;63.56
0;50;10;1;2500;1;46.58
0;50;10;1;3500;1;39.95
0;50;14;0;50;1;143.04
0;50;14;0;250;1;130.15
0;50;14;0;750;1;95.06
0;50;14;0;1500;1;63.66
0;50;14;0;2500;1;45.04
0;50;14;0;3500;1;39.31
0;50;14;1;50;1;130.7
0;50;14;1;250;1;123.46
0;50;14;1;750;1;89.74
0;50;14;1;1500;1;63.26
0;50;14;1;2500;1;44.19
0;50;14;1;3500;1;38.9
0;50;20;0;50;1;137.05
0;50;20;0;250;1;130.55
0;50;20;0;750;1;97.15
0;50;20;0;1500;1;65.88
0;50;20;0;2500;1;42.39
0;50;20;0;3500;1;37.67
0;50;20;1;50;1;129.55
0;50;20;1;250;1;130.93
0;50;20;1;750;1;98.3
0;50;20;1;1500;1;66.53
0;50;20;1;2500;1;43.24
0;50;20;1;3500;1;39.7
0;300;3;0;50;1;99.5
0;300;3;0;250;1;131.82
0;300;3;0;750;1;99.12
0;300;3;0;1500;1;68.73
0;300;3;0;2500;1;48.5
0;300;3;0;3500;1;38.72
0;300;3;1;50;1;95.98
0;300;3;1;250;1;95.86
0;300;3;1;750;1;48.81
0;300;3;1;1500;1;64.33
0;300;3;1;2500;1;49.03
0;300;3;1;3500;1;41.45
0;300;6;0;50;1;135.36
0;300;6;0;250;1;123.8
0;300;6;0;750;1;91.43
0;300;6;0;1500;1;65.4
0;300;6;0;2500;1;45.6
0;300;6;0;3500;1;39.78
0;300;6;1;50;1;130.83
0;300;6;1;250;1;123.03
0;300;6;1;750;1;93.18
0;300;6;1;1500;1;64.3
0;300;6;1;2500;1;45.16
0;300;6;1;3500;1;39.75
0;300;10;0;50;1;133.22
0;300;10;0;250;1;128.85
0;300;10;0;750;1;97.88
0;300;10;0;1500;1;65.32
0;300;10;0;2500;1;46.5
0;300;10;0;3500;1;41.66
0;300;10;1;50;1;129.4
0;300;10;1;250;1;124.05
0;300;10;1;750;1;90.61
0;300;10;1;1500;1;64.07
0;300;10;1;2500;1;45.98
0;300;10;1;3500;1;39.58
0;300;14;0;50;1;131.35
0;300;14;0;250;1;126.14
0;300;14;0;750;1;93.2
0;300;14;0;1500;1;64.63
0;300;14;0;2500;1;46.06
0;300;14;0;3500;1;41.68
0;300;14;1;50;1;125.86
0;300;14;1;250;1;125.28
0;300;14;1;750;1;92.16
0;300;14;1;1500;1;64.17
0;300;14;1;2500;1;45.76
0;300;14;1;3500;1;40.8
0;300;20;0;50;1;131.89
0;300;20;0;250;1;126.65
0;300;20;0;750;1;95.84
0;300;20;0;1500;1;65.81
0;300;20;0;2500;1;46.02
0;300;20;0;3500;1;41.28
0;300;20;1;50;1;130.56
0;300;20;1;250;1;125.28
0;300;20;1;750;1;93.18
0;300;20;1;1500;1;65.2
0;300;20;1;2500;1;45.46
0;300;20;1;3500;1;41.48
0;750;3;0;50;1;90.55
0;750;3;0;250;1;125.72
0;750;3;0;750;1;91.46
0;750;3;0;1500;1;63.42
0;750;3;0;2500;1;45.11
0;750;3;0;3500;1;40.85
0;750;3;1;50;1;119.48
0;750;3;1;250;1;116.16
0;750;3;1;750;1;86.47
0;750;3;1;1500;1;62.7
0;750;3;1;2500;1;43.39
0;750;3;1;3500;1;38.27
0;750;6;0;50;1;119.23
0;750;6;0;250;1;117.39
0;750;6;0;750;1;89.27
0;750;6;0;1500;1;63.19
0;750;6;0;2500;1;44.83
0;750;6;0;3500;1;39.25
0;750;6;1;50;1;118.74
0;750;6;1;250;1;116.74
0;750;6;1;750;1;86.31
0;750;6;1;1500;1;62.6
0;750;6;1;2500;1;45.0
0;750;6;1;3500;1;39.73
0;750;10;0;50;1;119.27
0;750;10;0;250;1;116.99
0;750;10;0;750;1;77.76
0;750;10;0;1500;1;59.67
0;750;10;0;2500;1;44.31
0;750;10;0;3500;1;41.47
0;750;10;1;50;1;104.67
0;750;10;1;250;1;110.89
0;750;10;1;750;1;89.71
0;750;10;1;1500;1;67.19
0;750;10;1;2500;1;47.76
0;750;10;1;3500;1;40.62
0;750;14;0;50;1;123.17
0;750;14;0;250;1;125.46
0;750;14;0;750;1;91.05
0;750;14;0;1500;1;64.63
0;750;14;0;2500;1;45.79
0;750;14;0;3500;1;40.68
0;750;14;1;50;1;119.52
0;750;14;1;250;1;112.78
0;750;14;1;750;1;85.76
0;750;14;1;1500;1;63.52
0;750;14;1;2500;1;44.73
0;750;14;1;3500;1;38.2
0;750;20;0;50;1;123.46
0;750;20;0;250;1;119.6
0;750;20;0;750;1;90.88
0;750;20;0;1500;1;63.71
0;750;20;0;2500;1;44.46
0;750;20;0;3500;1;38.7
0;750;20;1;50;1;117.58
0;750;20;1;250;1;111.26
0;750;20;1;750;1;71.08
0;750;20;1;1500;1;55.26
0;750;20;1;2500;1;36.38
0;750;20;1;3500;1;37.36
0;3000;3;0;50;1;19.21
0;3000;3;0;250;1;72.11
0;3000;3;0;750;1;63.16
0;3000;3;0;1500;1;56.64
0;3000;3;0;2500;1;40.1
0;3000;3;0;3500;1;31.63
0;3000;3;1;50;1;78.65
0;3000;3;1;250;1;83.07
0;3000;3;1;750;1;69.57
0;3000;3;1;1500;1;45.74
0;3000;3;1;2500;1;33.28
0;3000;3;1;3500;1;25.35
0;3000;6;0;50;1;66.26
0;3000;6;0;250;1;69.34
0;3000;6;0;750;1;69.34
0;3000;6;0;1500;1;56.55
0;3000;6;0;2500;1;40.65
0;3000;6;0;3500;1;28.49
0;3000;6;1;50;1;66.36
0;3000;6;1;250;1;81.63
0;3000;6;1;750;1;75.02
0;3000;6;1;1500;1;52.32
0;3000;6;1;2500;1;38.77
0;3000;6;1;3500;1;32.31
0;3000;10;0;50;1;76.43
0;3000;10;0;250;1;83.97
0;3000;10;0;750;1;71.03
0;3000;10;0;1500;1;52.46
0;3000;10;0;2500;1;38.63
0;3000;10;0;3500;1;35.41
0;3000;10;1;50;1;78.75
0;3000;10;1;250;1;79.03
0;3000;10;1;750;1;70.25
0;3000;10;1;1500;1;51.87
0;3000;10;1;2500;1;35.91
0;3000;10;1;3500;1;31.02
0;3000;14;0;50;1;78.3
0;3000;14;0;250;1;85.54
0;3000;14;0;750;1;75.51
0;3000;14;0;1500;1;55.17
0;3000;14;0;2500;1;38.32
0;3000;14;0;3500;1;35.73
0;3000;14;1;50;1;78.55
0;3000;14;1;250;1;79.64
0;3000;14;1;750;1;69.17
0;3000;14;1;1500;1;50.52
0;3000;14;1;2500;1;38.61
0;3000;14;1;3500;1;35.27
0;3000;20;0;50;1;83.21
0;3000;20;0;250;1;84.05
0;3000;20;0;750;1;51.4
0;3000;20;0;1500;1;45.96
0;3000;20;0;2500;1;38.58
0;3000;20;0;3500;1;35.65
0;3000;20;1;50;1;78.95
0;3000;20;1;250;1;82.13
0;3000;20;1;750;1;68.43
0;3000;20;1;1500;1;49.75
0;3000;20;1;2500;1;36.19
0;3000;20;1;3500;1;31.93
0;7500;3;0;50;1;24.98
0;7500;3;0;250;1;50.78
0;7500;3;0;750;1;46.17
0;7500;3;0;1500;1;40.86
0;7500;3;0;2500;1;34.17
0;7500;3;0;3500;1;29.21
0;7500;3;1;50;1;46.66
0;7500;3;1;250;1;49.24
0;7500;3;1;750;1;44.39
0;7500;3;1;1500;1;38.78
0;7500;3;1;2500;1;31.85
0;7500;3;1;3500;1;29.42
0;7500;6;0;50;1;50.55
0;7500;6;0;250;1;50.63
0;7500;6;0;750;1;46.07
0;7500;6;0;1500;1;41.57
0;7500;6;0;2500;1;32.52
0;7500;6;0;3500;1;29.79
0;7500;6;1;50;1;46.59
0;7500;6;1;250;1;48.1
0;7500;6;1;750;1;43.52
0;7500;6;1;1500;1;38.26
0;7500;6;1;2500;1;32.0
0;7500;6;1;3500;1;29.06
0;7500;10;0;50;1;49.0
0;7500;10;0;250;1;48.83
0;7500;10;0;750;1;44.61
0;7500;10;0;1500;1;38.7
0;7500;10;0;2500;1;31.63
0;7500;10;0;3500;1;29.71
0;7500;10;1;50;1;49.51
0;7500;10;1;250;1;48.78
0;7500;10;1;750;1;44.63
0;7500;10;1;1500;1;37.87
0;7500;10;1;2500;1;31.75
0;7500;10;1;3500;1;29.17
0;7500;14;0;50;1;49.65
0;7500;14;0;250;1;49.84
0;7500;14;0;750;1;45.58
0;7500;14;0;1500;1;38.54
0;7500;14;0;2500;1;29.23
0;7500;14;0;3500;1;29.59
0;7500;14;1;50;1;49.05
0;7500;14;1;250;1;45.97
0;7500;14;1;750;1;44.51
0;7500;14;1;1500;1;37.67
0;7500;14;1;2500;1;30.14
0;7500;14;1;3500;1;28.73
0;7500;20;0;50;1;48.53
0;7500;20;0;250;1;49.29
0;7500;20;0;750;1;44.33
0;7500;20;0;1500;1;38.51
0;7500;20;0;2500;1;31.97
0;7500;20;0;3500;1;29.66
0;7500;20;1;50;1;49.15
0;7500;20;1;250;1;48.51
0;7500;20;1;750;1;44.15
0;7500;20;1;1500;1;38.62
0;7500;20;1;2500;1;31.53
0;7500;20;1;3500;1;26.1
0;17500;3;0;50;1;10.5
0;17500;3;0;250;1;27.68
0;17500;3;0;750;1;25.01
0;17500;3;0;1500;1;23.72
0;17500;3;0;2500;1;21.66
0;17500;3;0;3500;1;20.94
0;17500;3;1;50;1;25.47
0;17500;3;1;250;1;25.28
0;17500;3;1;750;1;23.82
0;17500;3;1;1500;1;22.77
0;17500;3;1;2500;1;21.28
0;17500;3;1;3500;1;19.08
0;17500;6;0;50;1;25.78
0;17500;6;0;250;1;25.45
0;17500;6;0;750;1;24.87
0;17500;6;0;1500;1;23.23
0;17500;6;0;2500;1;21.2
0;17500;6;0;3500;1;19.6
0;17500;6;1;50;1;25.53
0;17500;6;1;250;1;25.19
0;17500;6;1;750;1;23.81
0;17500;6;1;1500;1;23.02
0;17500;6;1;2500;1;20.72
0;17500;6;1;3500;1;18.75
0;17500;10;0;50;1;25.13
0;17500;10;0;250;1;25.52
0;17500;10;0;750;1;23.69
0;17500;10;0;1500;1;18.96
0;17500;10;0;2500;1;18.69
0;17500;10;0;3500;1;16.94
0;17500;10;1;50;1;14.48
0;17500;10;1;250;1;25.67
0;17500;10;1;750;1;25.12
0;17500;10;1;1500;1;23.17
0;17500;10;1;2500;1;21.17
0;17500;10;1;3500;1;19.39
0;17500;14;0;50;1;24.91
0;17500;14;0;250;1;25.47
0;17500;14;0;750;1;24.65
0;17500;14;0;1500;1;22.99
0;17500;14;0;2500;1;20.66
0;17500;14;0;3500;1;19.49
0;17500;14;1;50;1;25.27
0;17500;14;1;250;1;24.89
0;17500;14;1;750;1;23.6
0;17500;14;1;1500;1;22.77
0;17500;14;1;2500;1;20.79
0;17500;14;1;3500;1;18.55
0;17500;20;0;50;1;24.29
0;17500;20;0;250;1;24.73
0;17500;20;0;750;1;24.4
0;17500;20;0;1500;1;23.43
0;17500;20;0;2500;1;21.19
0;17500;20;0;3500;1;19.06
0;17500;20;1;50;1;25.46
0;17500;20;1;250;1;25.17
0;17500;20;1;750;1;24.02
0;17500;20;1;1500;1;22.37
0;17500;20;1;2500;1;18.95
0;17500;20;1;3500;1;18.64
0;37500;3;0;50;1;4.25
0;37500;3;0;250;1;14.48
0;37500;3;0;750;1;12.94
0;37500;3;0;1500;1;12.24
0;37500;3;0;2500;1;11.8
0;37500;3;0;3500;1;12.51
0;37500;3;1;50;1;14.92
0;37500;3;1;250;1;14.78
0;37500;3;1;750;1;12.71
0;37500;3;1;1500;1;12.62
0;37500;3;1;2500;1;11.9
0;37500;3;1;3500;1;11.4
0;37500;6;0;50;1;14.69
0;37500;6;0;250;1;13.09
0;37500;6;0;750;1;13.22
0;37500;6;0;1500;1;11.98
0;37500;6;0;2500;1;11.85
0;37500;6;0;3500;1;11.85
0;37500;6;1;50;1;14.66
0;37500;6;1;250;1;13.06
0;37500;6;1;750;1;12.98
0;37500;6;1;1500;1;12.9
0;37500;6;1;2500;1;12.16
0;37500;6;1;3500;1;11.64
0;37500;10;0;50;1;14.8
0;37500;10;0;250;1;12.91
0;37500;10;0;750;1;14.63
0;37500;10;0;1500;1;12.5
0;37500;10;0;2500;1;11.76
0;37500;10;0;3500;1;12.02
0;37500;10;1;50;1;14.58
0;37500;10;1;250;1;13.26
0;37500;10;1;750;1;12.95
0;37500;10;1;1500;1;11.98
0;37500;10;1;2500;1;12.14
0;37500;10;1;3500;1;11.47
0;37500;14;0;50;1;14.61
0;37500;14;0;250;1;13.21
0;37500;14;0;750;1;12.68
0;37500;14;0;1500;1;12.19
0;37500;14;0;2500;1;12.25
0;37500;14;0;3500;1;11.82
0;37500;14;1;50;1;12.72
0;37500;14;1;250;1;13.3
0;37500;14;1;750;1;12.59
0;37500;14;1;1500;1;12.83
0;37500;14;1;2500;1;11.83
0;37500;14;1;3500;1;11.72
0;37500;20;0;50;1;13.05
0;37500;20;0;250;1;12.72
0;37500;20;0;750;1;12.91
0;37500;20;0;1500;1;12.49
0;37500;20;0;2500;1;11.86
0;37500;20;0;3500;1;11.76
0;37500;20;1;50;1;14.36
0;37500;20;1;250;1;14.75
0;37500;20;1;750;1;12.36
0;37500;20;1;1500;1;12.19
0;37500;20;1;2500;1;11.37
0;37500;20;1;3500;1;11.51
0;62500;3;0;50;1;3.05
0;62500;3;0;250;1;9.37
0;62500;3;0;750;1;8.15
0;62500;3;0;1500;1;7.79
0;62500;3;0;2500;1;8.32
0;62500;3;0;3500;1;8.72
0;62500;3;1;50;1;9.31
0;62500;3;1;250;1;8.31
0;62500;3;1;750;1;7.68
0;62500;3;1;1500;1;8.19
0;62500;3;1;2500;1;8.52
0;62500;3;1;3500;1;8.03
0;62500;6;0;50;1;8.38
0;62500;6;0;250;1;8.13
0;62500;6;0;750;1;8.13
0;62500;6;0;1500;1;8.62
0;62500;6;0;2500;1;8.34
0;62500;6;0;3500;1;8.15
0;62500;6;1;50;1;6.66
0;62500;6;1;250;1;8.74
0;62500;6;1;750;1;8.69
0;62500;6;1;1500;1;8.35
0;62500;6;1;2500;1;8.14
0;62500;6;1;3500;1;8.01
0;62500;10;0;50;1;8.94
0;62500;10;0;250;1;8.82
0;62500;10;0;750;1;8.87
0;62500;10;0;1500;1;8.65
0;62500;10;0;2500;1;8.3
0;62500;10;0;3500;1;8.36
0;62500;10;1;50;1;8.95
0;62500;10;1;250;1;8.46
0;62500;10;1;750;1;8.32
0;62500;10;1;1500;1;8.38
0;62500;10;1;2500;1;8.32
0;62500;10;1;3500;1;8.1
0;62500;14;0;50;1;8.86
0;62500;14;0;250;1;8.72
0;62500;14;0;750;1;8.86
0;62500;14;0;1500;1;8.36
0;62500;14;0;2500;1;8.41
0;62500;14;0;3500;1;8.16
0;62500;14;1;50;1;8.83
0;62500;14;1;250;1;9.03
0;62500;14;1;750;1;8.81
0;62500;14;1;1500;1;8.3
0;62500;14;1;2500;1;8.03
0;62500;14;1;3500;1;7.91
0;62500;20;0;50;1;8.97
0;62500;20;0;250;1;8.83
0;62500;20;0;750;1;9.08
0;62500;20;0;1500;1;8.51
0;62500;20;0;2500;1;8.51
0;62500;20;0;3500;1;8.31
0;62500;20;1;50;1;8.54
0;62500;20;1;250;1;8.71
0;62500;20;1;750;1;8.59
0;62500;20;1;1500;1;8.37
0;62500;20;1;2500;1;7.8
0;62500;20;1;3500;1;8.13
0;87500;3;0;50;1;2.8
0;87500;3;0;250;1;7.56
0;87500;3;0;750;1;6.19
0;87500;3;0;1500;1;6.12
0;87500;3;0;2500;1;5.7
0;87500;3;0;3500;1;5.95
0;87500;3;1;50;1;6.16
0;87500;3;1;250;1;5.58
0;87500;3;1;750;1;5.62
0;87500;3;1;1500;1;5.79
0;87500;3;1;2500;1;6.29
0;87500;3;1;3500;1;5.98
0;87500;6;0;50;1;6.44
0;87500;6;0;250;1;6.03
0;87500;6;0;750;1;6.24
0;87500;6;0;1500;1;6.08
0;87500;6;0;2500;1;5.45
0;87500;6;0;3500;1;5.9
0;87500;6;1;50;1;6.34
0;87500;6;1;250;1;6.21
0;87500;6;1;750;1;5.89
0;87500;6;1;1500;1;5.51
0;87500;6;1;2500;1;5.17
0;87500;6;1;3500;1;5.47
0;87500;10;0;50;1;6.23
0;87500;10;0;250;1;6.45
0;87500;10;0;750;1;6.42
0;87500;10;0;1500;1;6.13
0;87500;10;0;2500;1;5.69
0;87500;10;0;3500;1;4.98
0;87500;10;1;50;1;5.83
0;87500;10;1;250;1;5.64
0;87500;10;1;750;1;5.57
0;87500;10;1;1500;1;5.82
0;87500;10;1;2500;1;5.87
0;87500;10;1;3500;1;5.38
0;87500;14;0;50;1;5.98
0;87500;14;0;250;1;5.49
0;87500;14;0;750;1;6.09
0;87500;14;0;1500;1;5.6
0;87500;14;0;2500;1;6.03
0;87500;14;0;3500;1;5.73
0;87500;14;1;50;1;6.29
0;87500;14;1;250;1;5.55
0;87500;14;1;750;1;5.94
0;87500;14;1;1500;1;6.23
0;87500;14;1;2500;1;5.77
0;87500;14;1;3500;1;5.57
0;87500;20;0;50;1;5.65
0;87500;20;0;250;1;6.63
0;87500;20;0;750;1;6.16
0;87500;20;0;1500;1;6.01
0;87500;20;0;2500;1;5.99
0;87500;20;0;3500;1;5.83
0;87500;20;1;50;1;6.23
0;87500;20;1;250;1;6.23
0;87500;20;1;750;1;6.11
0;87500;20;1;1500;1;5.72
0;87500;20;1;2500;1;5.93
0;87500;20;1;3500;1;5.8
0;137500;3;0;50;1;3.62
0;137500;3;0;250;1;5.75
0;137500;3;0;750;1;5.73
0;137500;3;0;1500;1;5.29
0;137500;3;0;2500;1;5.24
0;137500;3;0;3500;1;4.98
0;137500;3;1;50;1;5.52
0;137500;3;1;250;1;5.54
0;137500;3;1;750;1;5.31
0;137500;3;1;1500;1;5.46
0;137500;3;1;2500;1;5.02
0;137500;3;1;3500;1;4.86
0;137500;6;0;50;1;5.66
0;137500;6;0;250;1;5.46
0;137500;6;0;750;1;5.46
0;137500;6;0;1500;1;5.24
0;137500;6;0;2500;1;5.46
0;137500;6;0;3500;1;5.26
0;137500;6;1;50;1;5.42
0;137500;6;1;250;1;5.42
0;137500;6;1;750;1;5.49
0;137500;6;1;1500;1;5.41
0;137500;6;1;2500;1;5.07
0;137500;6;1;3500;1;5.06
0;137500;10;0;50;1;5.55
0;137500;10;0;250;1;5.6
0;137500;10;0;750;1;5.34
0;137500;10;0;1500;1;5.25
0;137500;10;0;2500;1;5.3
0;137500;10;0;3500;1;5.18
0;137500;10;1;50;1;5.38
0;137500;10;1;250;1;5.65
0;137500;10;1;750;1;5.2
0;137500;10;1;1500;1;5.36
0;137500;10;1;2500;1;4.97
0;137500;10;1;3500;1;5.12
0;137500;14;0;50;1;5.31
0;137500;14;0;250;1;5.57
0;137500;14;0;750;1;5.31
0;137500;14;0;1500;1;5.21
0;137500;14;0;2500;1;5.33
0;137500;14;0;3500;1;5.39
0;137500;14;1;50;1;5.56
0;137500;14;1;250;1;5.45
0;137500;14;1;750;1;4.93
0;137500;14;1;1500;1;5.36
0;137500;14;1;2500;1;4.89
0;137500;14;1;3500;1;5.08
0;137500;20;0;50;1;5.28
0;137500;20;0;250;1;5.66
0;137500;20;0;750;1;5.47
0;137500;20;0;1500;1;5.39
0;137500;20;0;2500;1;5.22
0;137500;20;0;3500;1;4.87
0;137500;20;1;50;1;5.24
0;137500;20;1;250;1;5.27
0;137500;20;1;750;1;5.22
0;137500;20;1;1500;1;5.28
0;137500;20;1;2500;1;4.67
0;137500;20;1;3500;1;4.34
0;212500;3;0;50;1;4.85
0;212500;3;0;250;1;5.31
0;212500;3;0;750;1;5.23
0;212500;3;0;1500;1;5.22
0;212500;3;0;2500;1;5.28
0;212500;3;0;3500;1;4.97
0;212500;3;1;50;1;5.13
0;212500;3;1;250;1;5.38
0;212500;3;1;750;1;5.14
0;212500;3;1;1500;1;5.88
0;212500;3;1;2500;1;5.07
0;212500;3;1;3500;1;4.7
0;212500;6;0;50;1;5.42
0;212500;6;0;250;1;5.63
0;212500;6;0;750;1;5.46
0;212500;6;0;1500;1;5.24
0;212500;6;0;2500;1;5.17
0;212500;6;0;3500;1;5.23
0;212500;6;1;50;1;5.12
0;212500;6;1;250;1;5.23
0;212500;6;1;750;1;5.26
0;212500;6;1;1500;1;5.13
0;212500;6;1;2500;1;5.05
0;212500;6;1;3500;1;5.14
0;212500;10;0;50;1;5.23
0;212500;10;0;250;1;5.41
0;212500;10;0;750;1;5.5
0;212500;10;0;1500;1;5.24
0;212500;10;0;2500;1;5.16
0;212500;10;0;3500;1;5.08
0;212500;10;1;50;1;5.02
0;212500;10;1;250;1;5.45
0;212500;10;1;750;1;5.08
0;212500;10;1;1500;1;5.34
0;212500;10;1;2500;1;4.89
0;212500;10;1;3500;1;5.03
0;212500;14;0;50;1;5.38
0;212500;14;0;250;1;5.36
0;212500;14;0;750;1;5.53
0;212500;14;0;1500;1;5.24
0;212500;14;0;2500;1;4.87
0;212500;14;0;3500;1;5.33
0;212500;14;1;50;1;5.32
0;212500;14;1;250;1;5.45
0;212500;14;1;750;1;5.18
0;212500;14;1;1500;1;4.73
0;212500;14;1;2500;1;5.02
0;212500;14;1;3500;1;4.8
0;212500;20;0;50;1;5.23
0;212500;20;0;250;1;5.8
0;212500;20;0;750;1;5.34
0;212500;20;0;1500;1;5.37
0;212500;20;0;2500;1;5.55
0;212500;20;0;3500;1;5.16
0;212500;20;1;50;1;5.63
0;212500;20;1;250;1;5.11
0;212500;20;1;750;1;5.12
0;212500;20;1;1500;1;5.09
0;212500;20;1;2500;1;5.27
0;212500;20;1;3500;1;5.12
0;300000;3;0;50;1;5.38
0;300000;3;0;250;1;5.42
0;300000;3;0;750;1;5.58
0;300000;3;0;1500;1;5.28
0;300000;3;0;2500;1;5.18
0;300000;3;0;3500;1;5.12
0;300000;3;1;50;1;5.09
0;300000;3;1;250;1;5.62
0;300000;3;1;750;1;4.83
0;300000;3;1;1500;1;5.48
0;300000;3;1;2500;1;4.54
0;300000;3;1;3500;1;5.07
0;300000;6;0;50;1;5.26
0;300000;6;0;250;1;5.68
0;300000;6;0;750;1;5.65
0;300000;6;0;1500;1;5.49
0;300000;6;0;2500;1;5.02
0;300000;6;0;3500;1;5.39
0;300000;6;1;50;1;5.65
0;300000;6;1;250;1;5.54
0;300000;6;1;750;1;5.37
0;300000;6;1;1500;1;5.0
0;300000;6;1;2500;1;4.73
0;300000;6;1;3500;1;5.1
0;300000;10;0;50;1;5.22
0;300000;10;0;250;1;5.62
0;300000;10;0;750;1;5.61
0;300000;10;0;1500;1;5.23
0;300000;10;0;2500;1;5.36
0;300000;10;0;3500;1;5.31
0;300000;10;1;50;1;5.55
0;300000;10;1;250;1;5.52
0;300000;10;1;750;1;5.38
0;300000;10;1;1500;1;4.99
0;300000;10;1;2500;1;5.25
0;300000;10;1;3500;1;5.19
0;300000;14;0;50;1;5.45
0;300000;14;0;250;1;5.39
0;300000;14;0;750;1;4.82
0;300000;14;0;1500;1;5.2
0;300000;14;0;2500;1;5.17
0;300000;14;0;3500;1;4.89
0;300000;14;1;50;1;5.18
0;300000;14;1;250;1;5.14
0;300000;14;1;750;1;5.42
0;300000;14;1;1500;1;5.2
0;300000;14;1;2500;1;5.19
0;300000;14;1;3500;1;5.22
0;300000;20;0;50;1;5.42
0;300000;20;0;250;1;5.6
0;300000;20;0;750;1;5.59
0;300000;20;0;1500;1;5.26
0;300000;20;0;2500;1;5.3
0;300000;20;0;3500;1;5.4
0;300000;20;1;50;1;5.35
0;300000;20;1;250;1;5.6
0;300000;20;1;750;1;5.43
0;300000;20;1;1500;1;5.36
0;300000;20;1;2500;1;4.97
0;300000;20;1;3500;1;5.23
1;50;3;0;50;0;0.82
1;50;3;0;250;0;124.91
1;50;3;0;750;0;91.42
1;50;3;0;1500;0;64.55
1;50;3;0;2500;0;44.93
1;50;3;0;3500;0;39.42
1;50;3;1;50;0;138.25
1;50;3;1;250;0;129.77
1;50;3;1;750;0;96.84
1;50;3;1;1500;0;64.68
1;50;3;1;2500;0;44.43
1;50;3;1;3500;0;35.87
1;50;6;0;50;0;136.79
1;50;6;0;250;0;125.04
1;50;6;0;750;0;95.15
1;50;6;0;1500;0;66.0
1;50;6;0;2500;0;45.54
1;50;6;0;3500;0;39.57
1;50;6;1;50;0;131.31
1;50;6;1;250;0;121.58
1;50;6;1;750;0;89.31
1;50;6;1;1500;0;63.13
1;50;6;1;2500;0;44.13
1;50;6;1;3500;0;38.6
1;50;10;0;50;0;135.63
1;50;10;0;250;0;125.33
1;50;10;0;750;0;90.97
1;50;10;0;1500;0;63.45
1;50;10;0;2500;0;44.26
1;50;10;0;3500;0;38.73
1;50;10;1;50;0;126.42
1;50;10;1;250;0;119.7
1;50;10;1;750;0;89.01
1;50;10;1;1500;0;62.72
1;50;10;1;2500;0;43.64
1;50;10;1;3500;0;38.51
1;50;14;0;50;0;113.15
1;50;14;0;250;0;111.5
1;50;14;0;750;0;89.18
1;50;14;0;1500;0;64.84
1;50;14;0;2500;0;45.24
1;50;14;0;3500;0;39.41
1;50;14;1;50;0;137.66
1;50;14;1;250;0;125.83
1;50;14;1;750;0;91.68
1;50;14;1;1500;0;62.2
1;50;14;1;2500;0;43.95
1;50;14;1;3500;0;38.42
1;50;20;0;50;0;135.63
1;50;20;0;250;0;126.05
1;50;20;0;750;0;91.48
1;50;20;0;1500;0;64.12
1;50;20;0;2500;0;44.44
1;50;20;0;3500;0;38.92
1;50;20;1;50;0;126.52
1;50;20;1;250;0;121.67
1;50;20;1;750;0;86.43
1;50;20;1;1500;0;62.23
1;50;20;1;2500;0;44.12
1;50;20;1;3500;0;38.55
1;300;3;0;50;0;96.5
1;300;3;0;250;0;105.02
1;300;3;0;750;0;89.38
1;300;3;0;1500;0;62.12
1;300;3;0;2500;0;43.53
1;300;3;0;3500;0;37.94
1;300;3;1;50;0;122.43
1;300;3;1;250;0;115.7
1;300;3;1;750;0;87.88
1;300;3;1;1500;0;59.81
1;300;3;1;2500;0;43.2
1;300;3;1;3500;0;37.72
1;300;6;0;50;0;126.52
1;300;6;0;250;0;119.81
1;300;6;0;750;0;90.72
1;300;6;0;1500;0;61.75
1;300;6;0;2500;0;43.07
1;300;6;0;3500;0;36.52
1;300;6;1;50;0;111.2
1;300;6;1;250;0;110.43
1;300;6;1;750;0;84.84
1;300;6;1;1500;0;59.69
1;300;6;1;2500;0;42.54
1;300;6;1;3500;0;37.85
1;300;10;0;50;0;119.45
1;300;10;0;250;0;95.2
1;300;10;0;750;0;87.91
1;300;10;0;1500;0;61.14
1;300;10;0;2500;0;43.42
1;300;10;0;3500;0;38.1
1;300;10;1;50;0;111.49
1;300;10;1;250;0;112.39
1;300;10;1;750;0;87.13
1;300;10;1;1500;0;63.05
1;300;10;1;2500;0;43.12
1;300;10;1;3500;0;37.46
1;300;14;0;50;0;123.01
1;300;14;0;250;0;117.58
1;300;14;0;750;0;88.63
1;300;14;0;1500;0;63.07
1;300;14;0;2500;0;44.75
1;300;14;0;3500;0;37.96
1;300;14;1;50;0;115.92
1;300;14;1;250;0;111.75
1;300;14;1;750;0;83.9
1;300;14;1;1500;0;59.31
1;300;14;1;2500;0;43.47
1;300;14;1;3500;0;38.22
1;300;20;0;50;0;125.29
1;300;20;0;250;0;112.57
1;300;20;0;750;0;75.33
1;300;20;0;1500;0;57.39
1;300;20;0;2500;0;43.93
1;300;20;0;3500;0;38.97
1;300;20;1;50;0;125.52
1;300;20;1;250;0;116.35
1;300;20;1;750;0;85.86
1;300;20;1;1500;0;59.63
1;300;20;1;2500;0;43.6
1;300;20;1;3500;0;38.3
1;750;3;0;50;0;79.75
1;750;3;0;250;0;106.56
1;750;3;0;750;0;78.75
1;750;3;0;1500;0;59.48
1;750;3;0;2500;0;42.73
1;750;3;0;3500;0;37.53
1;750;3;1;50;0;105.45
1;750;3;1;250;0;105.46
1;750;3;1;750;0;80.9
1;750;3;1;1500;0;58.11
1;750;3;1;2500;0;43.32
1;750;3;1;3500;0;37.64
1;750;6;0;50;0;111.22
1;750;6;0;250;0;110.75
1;750;6;0;750;0;84.93
1;750;6;0;1500;0;59.47
1;750;6;0;2500;0;44.77
1;750;6;0;3500;0;37.65
1;750;6;1;50;0;102.24
1;750;6;1;250;0;105.02
1;750;6;1;750;0;81.68
1;750;6;1;1500;0;58.84
1;750;6;1;2500;0;42.31
1;750;6;1;3500;0;37.21
1;750;10;0;50;0;109.86
1;750;10;0;250;0;112.52
1;750;10;0;750;0;87.2
1;750;10;0;1500;0;60.76
1;750;10;0;2500;0;42.07
1;750;10;0;3500;0;37.81
1;750;10;1;50;0;107.62
1;750;10;1;250;0;105.39
1;750;10;1;750;0;82.1
1;750;10;1;1500;0;57.91
1;750;10;1;2500;0;42.91
1;750;10;1;3500;0;37.56
1;750;14;0;50;0;112.47
1;750;14;0;250;0;111.73
1;750;14;0;750;0;83.65
1;750;14;0;1500;0;59.65
1;750;14;0;2500;0;42.65
1;750;14;0;3500;0;37.78
1;750;14;1;50;0;109.04
1;750;14;1;250;0;103.05
1;750;14;1;750;0;79.74
1;750;14;1;1500;0;56.17
1;750;14;1;2500;0;37.91
1;750;14;1;3500;0;35.19
1;750;20;0;50;0;112.9
1;750;20;0;250;0;117.3
1;750;20;0;750;0;89.54
1;750;20;0;1500;0;59.8
1;750;20;0;2500;0;43.46
1;750;20;0;3500;0;37.54
1;750;20;1;50;0;109.2
1;750;20;1;250;0;106.31
1;750;20;1;750;0;78.11
1;750;20;1;1500;0;57.68
1;750;20;1;2500;0;43.1
1;750;20;1;3500;0;37.47
1;3000;3;0;50;0;44.38
1;3000;3;0;250;0;71.13
1;3000;3;0;750;0;64.07
1;3000;3;0;1500;0;50.57
1;3000;3;0;2500;0;37.19
1;3000;3;0;3500;0;32.89
1;3000;3;1;50;0;54.39
1;3000;3;1;250;0;60.8
1;3000;3;1;750;0;59.47
1;3000;3;1;1500;0;50.87
1;3000;3;1;2500;0;38.95
1;3000;3;1;3500;0;34.2
1;3000;6;0;50;0;68.07
1;3000;6;0;250;0;70.98
1;3000;6;0;750;0;63.94
1;3000;6;0;1500;0;49.61
1;3000;6;0;2500;0;37.45
1;3000;6;0;3500;0;29.64
1;3000;6;1;50;0;59.0
1;3000;6;1;250;0;62.59
1;3000;6;1;750;0;58.39
1;3000;6;1;1500;0;50.36
1;3000;6;1;2500;0;38.42
1;3000;6;1;3500;0;35.15
1;3000;10;0;50;0;70.91
1;3000;10;0;250;0;70.57
1;3000;10;0;750;0;62.66
1;3000;10;0;1500;0;50.07
1;3000;10;0;2500;0;37.04
1;3000;10;0;3500;0;32.58
1;3000;10;1;50;0;66.17
1;3000;10;1;250;0;68.71
1;3000;10;1;750;0;61.7
1;3000;10;1;1500;0;48.66
1;3000;10;1;2500;0;36.0
1;3000;10;1;3500;0;32.66
1;3000;14;0;50;0;68.59
1;3000;14;0;250;0;66.07
1;3000;14;0;750;0;61.81
1;3000;14;0;1500;0;50.11
1;3000;14;0;2500;0;37.53
1;3000;14;0;3500;0;32.65
1;3000;14;1;50;0;62.74
1;3000;14;1;250;0;64.82
1;3000;14;1;750;0;58.32
1;3000;14;1;1500;0;47.99
1;3000;14;1;2500;0;37.76
1;3000;14;1;3500;0;34.12
1;3000;20;0;50;0;69.8
1;3000;20;0;250;0;69.95
1;3000;20;0;750;0;61.75
1;3000;20;0;1500;0;49.38
1;3000;20;0;2500;0;32.58
1;3000;20;0;3500;0;33.3
1;3000;20;1;50;0;64.24
1;3000;20;1;250;0;68.55
1;3000;20;1;750;0;61.15
1;3000;20;1;1500;0;48.99
1;3000;20;1;2500;0;36.54
1;3000;20;1;3500;0;31.64
1;7500;3;0;50;0;19.82
1;7500;3;0;250;0;41.31
1;7500;3;0;750;0;38.1
1;7500;3;0;1500;0;35.09
1;7500;3;0;2500;0;29.8
1;7500;3;0;3500;0;27.77
1;7500;3;1;50;0;37.38
1;7500;3;1;250;0;37.78
1;7500;3;1;750;0;32.61
1;7500;3;1;1500;0;31.78
1;7500;3;1;2500;0;28.2
1;7500;3;1;3500;0;24.97
1;7500;6;0;50;0;38.14
1;7500;6;0;250;0;38.41
1;7500;6;0;750;0;36.76
1;7500;6;0;1500;0;32.25
1;7500;6;0;2500;0;28.54
1;7500;6;0;3500;0;28.42
1;7500;6;1;50;0;37.67
1;7500;6;1;250;0;37.59
1;7500;6;1;750;0;35.35
1;7500;6;1;1500;0;32.35
1;7500;6;1;2500;0;28.73
1;7500;6;1;3500;0;26.18
1;7500;10;0;50;0;38.85
1;7500;10;0;250;0;38.37
1;7500;10;0;750;0;36.21
1;7500;10;0;1500;0;32.52
1;7500;10;0;2500;0;28.81
1;7500;10;0;3500;0;25.92
1;7500;10;1;50;0;38.13
1;7500;10;1;250;0;37.99
1;7500;10;1;750;0;36.25
1;7500;10;1;1500;0;31.77
1;7500;10;1;2500;0;28.1
1;7500;10;1;3500;0;25.16
1;7500;14;0;50;0;37.69
1;7500;14;0;250;0;37.37
1;7500;14;0;750;0;35.8
1;7500;14;0;1500;0;32.26
1;7500;14;0;2500;0;28.37
1;7500;14;0;3500;0;25.58
1;7500;14;1;50;0;36.53
1;7500;14;1;250;0;38.43
1;7500;14;1;750;0;36.43
1;7500;14;1;1500;0;32.39
1;7500;14;1;2500;0;29.64
1;7500;14;1;3500;0;26.61
1;7500;20;0;50;0;38.44
1;7500;20;0;250;0;38.67
1;7500;20;0;750;0;36.98
1;7500;20;0;1500;0;32.71
1;7500;20;0;2500;0;29.6
1;7500;20;0;3500;0;25.9
1;7500;20;1;50;0;37.74
1;7500;20;1;250;0;37.84
1;7500;20;1;750;0;36.09
1;7500;20;1;1500;0;31.03
1;7500;20;1;2500;0;28.47
1;7500;20;1;3500;0;26.21
1;17500;3;0;50;0;9.89
1;17500;3;0;250;0;22.43
1;17500;3;0;750;0;20.93
1;17500;3;0;1500;0;18.58
1;17500;3;0;2500;0;16.82
1;17500;3;0;3500;0;16.36
1;17500;3;1;50;0;19.67
1;17500;3;1;250;0;19.27
1;17500;3;1;750;0;19.14
1;17500;3;1;1500;0;17.89
1;17500;3;1;2500;0;16.71
1;17500;3;1;3500;0;16.84
1;17500;6;0;50;0;19.74
1;17500;6;0;250;0;19.69
1;17500;6;0;750;0;19.27
1;17500;6;0;1500;0;18.09
1;17500;6;0;2500;0;16.43
1;17500;6;0;3500;0;16.42
1;17500;6;1;50;0;19.01
1;17500;6;1;250;0;18.69
1;17500;6;1;750;0;16.93
1;17500;6;1;1500;0;18.07
1;17500;6;1;2500;0;17.15
1;17500;6;1;3500;0;16.47
1;17500;10;0;50;0;19.49
1;17500;10;0;250;0;19.44
1;17500;10;0;750;0;18.49
1;17500;10;0;1500;0;17.95
1;17500;10;0;2500;0;16.11
1;17500;10;0;3500;0;15.07
1;17500;10;1;50;0;11.29
1;17500;10;1;250;0;10.78
1;17500;10;1;750;0;18.22
1;17500;10;1;1500;0;17.02
1;17500;10;1;2500;0;17.75
1;17500;10;1;3500;0;17.44
1;17500;14;0;50;0;21.89
1;17500;14;0;250;0;19.71
1;17500;14;0;750;0;19.06
1;17500;14;0;1500;0;18.22
1;17500;14;0;2500;0;16.9
1;17500;14;0;3500;0;17.33
1;17500;14;1;50;0;19.22
1;17500;14;1;250;0;18.15
1;17500;14;1;750;0;18.82
1;17500;14;1;1500;0;17.61
1;17500;14;1;2500;0;16.89
1;17500;14;1;3500;0;16.08
1;17500;20;0;50;0;17.83
1;17500;20;0;250;0;19.4
1;17500;20;0;750;0;17.8
1;17500;20;0;1500;0;17.26
1;17500;20;0;2500;0;5.33
1;17500;20;0;3500;0;15.83
1;17500;20;1;50;0;19.06
1;17500;20;1;250;0;19.2
1;17500;20;1;750;0;18.6
1;17500;20;1;1500;0;17.27
1;17500;20;1;2500;0;16.78
1;17500;20;1;3500;0;15.84
1;37500;3;0;50;0;3.63
1;37500;3;0;250;0;10.35
1;37500;3;0;750;0;10.03
1;37500;3;0;1500;0;9.36
1;37500;3;0;2500;0;9.63
1;37500;3;0;3500;0;9.98
1;37500;3;1;50;0;10.62
1;37500;3;1;250;0;10.56
1;37500;3;1;750;0;9.82
1;37500;3;1;1500;0;9.91
1;37500;3;1;2500;0;9.41
1;37500;3;1;3500;0;9.44
1;37500;6;0;50;0;10.29
1;37500;6;0;250;0;10.53
1;37500;6;0;750;0;10.58
1;37500;6;0;1500;0;10.18
1;37500;6;0;2500;0;9.77
1;37500;6;0;3500;0;9.48
1;37500;6;1;50;0;10.52
1;37500;6;1;250;0;10.35
1;37500;6;1;750;0;10.16
1;37500;6;1;1500;0;9.97
1;37500;6;1;2500;0;9.52
1;37500;6;1;3500;0;9.32
1;37500;10;0;50;0;10.36
1;37500;10;0;250;0;10.7
1;37500;10;0;750;0;10.53
1;37500;10;0;1500;0;10.2
1;37500;10;0;2500;0;9.79
1;37500;10;0;3500;0;9.73
1;37500;10;1;50;0;10.55
1;37500;10;1;250;0;10.38
1;37500;10;1;750;0;10.14
1;37500;10;1;1500;0;10.03
1;37500;10;1;2500;0;9.23
1;37500;10;1;3500;0;9.3
1;37500;14;0;50;0;10.65
1;37500;14;0;250;0;10.83
1;37500;14;0;750;0;10.63
1;37500;14;0;1500;0;10.15
1;37500;14;0;2500;0;9.81
1;37500;14;0;3500;0;9.54
1;37500;14;1;50;0;10.46
1;37500;14;1;250;0;10.4
1;37500;14;1;750;0;10.28
1;37500;14;1;1500;0;9.69
1;37500;14;1;2500;0;9.45
1;37500;14;1;3500;0;9.25
1;37500;20;0;50;0;10.29
1;37500;20;0;250;0;9.26
1;37500;20;0;750;0;8.75
1;37500;20;0;1500;0;9.08
1;37500;20;0;2500;0;8.66
1;37500;20;0;3500;0;8.2
1;37500;20;1;50;0;9.12
1;37500;20;1;250;0;8.92
1;37500;20;1;750;0;9.31
1;37500;20;1;1500;0;9.19
1;37500;20;1;2500;0;9.21
1;37500;20;1;3500;0;9.15
1;62500;3;0;50;0;2.96
1;62500;3;0;250;0;6.88
1;62500;3;0;750;0;6.16
1;62500;3;0;1500;0;6.23
1;62500;3;0;2500;0;5.91
1;62500;3;0;3500;0;6.0
1;62500;3;1;50;0;7.44
1;62500;3;1;250;0;6.25
1;62500;3;1;750;0;5.88
1;62500;3;1;1500;0;5.77
1;62500;3;1;2500;0;5.81
1;62500;3;1;3500;0;5.73
1;62500;6;0;50;0;6.09
1;62500;6;0;250;0;6.28
1;62500;6;0;750;0;6.24
1;62500;6;0;1500;0;6.1
1;62500;6;0;2500;0;5.72
1;62500;6;0;3500;0;5.51
1;62500;6;1;50;0;6.37
1;62500;6;1;250;0;6.11
1;62500;6;1;750;0;6.39
1;62500;6;1;1500;0;5.9
1;62500;6;1;2500;0;5.74
1;62500;6;1;3500;0;5.83
1;62500;10;0;50;0;6.07
1;62500;10;0;250;0;7.28
1;62500;10;0;750;0;6.2
1;62500;10;0;1500;0;6.07
1;62500;10;0;2500;0;5.75
1;62500;10;0;3500;0;6.06
1;62500;10;1;50;0;6.13
1;62500;10;1;250;0;6.14
1;62500;10;1;750;0;6.15
1;62500;10;1;1500;0;6.08
1;62500;10;1;2500;0;5.71
1;62500;10;1;3500;0;6.12
1;62500;14;0;50;0;5.95
1;62500;14;0;250;0;6.15
1;62500;14;0;750;0;6.06
1;62500;14;0;1500;0;5.98
1;62500;14;0;2500;0;5.85
1;62500;14;0;3500;0;5.77
1;62500;14;1;50;0;6.21
1;62500;14;1;250;0;6.4
1;62500;14;1;750;0;6.47
1;62500;14;1;1500;0;5.97
1;62500;14;1;2500;0;5.48
1;62500;14;1;3500;0;5.81
1;62500;20;0;50;0;5.96
1;62500;20;0;250;0;7.3
1;62500;20;0;750;0;6.13
1;62500;20;0;1500;0;6.27
1;62500;20;0;2500;0;5.58
1;62500;20;0;3500;0;5.85
1;62500;20;1;50;0;6.0
1;62500;20;1;250;0;6.38
1;62500;20;1;750;0;6.02
1;62500;20;1;1500;0;5.62
1;62500;20;1;2500;0;5.7
1;62500;20;1;3500;0;5.85
1;87500;3;0;50;0;2.67
1;87500;3;0;250;0;5.38
1;87500;3;0;750;0;4.87
1;87500;3;0;1500;0;4.41
1;87500;3;0;2500;0;4.4
1;87500;3;0;3500;0;4.55
1;87500;3;1;50;0;4.52
1;87500;3;1;250;0;4.78
1;87500;3;1;750;0;4.42
1;87500;3;1;1500;0;4.47
1;87500;3;1;2500;0;4.29
1;87500;3;1;3500;0;4.28
1;87500;6;0;50;0;4.67
1;87500;6;0;250;0;4.62
1;87500;6;0;750;0;4.54
1;87500;6;0;1500;0;4.53
1;87500;6;0;2500;0;4.43
1;87500;6;0;3500;0;4.35
1;87500;6;1;50;0;4.53
1;87500;6;1;250;0;4.65
1;87500;6;1;750;0;4.38
1;87500;6;1;1500;0;4.35
1;87500;6;1;2500;0;4.37
1;87500;6;1;3500;0;4.46
1;87500;10;0;50;0;4.49
1;87500;10;0;250;0;4.96
1;87500;10;0;750;0;4.22
1;87500;10;0;1500;0;4.16
1;87500;10;0;2500;0;4.27
1;87500;10;0;3500;0;4.47
1;87500;10;1;50;0;4.86
1;87500;10;1;250;0;4.97
1;87500;10;1;750;0;4.87
1;87500;10;1;1500;0;4.6
1;87500;10;1;2500;0;4.51
1;87500;10;1;3500;0;3.87
1;87500;14;0;50;0;4.67
1;87500;14;0;250;0;4.69
1;87500;14;0;750;0;4.85
1;87500;14;0;1500;0;4.68
1;87500;14;0;2500;0;4.71
1;87500;14;0;3500;0;4.69
1;87500;14;1;50;0;4.55
1;87500;14;1;250;0;4.77
1;87500;14;1;750;0;4.63
1;87500;14;1;1500;0;4.13
1;87500;14;1;2500;0;4.44
1;87500;14;1;3500;0;4.39
1;87500;20;0;50;0;4.36
1;87500;20;0;250;0;4.87
1;87500;20;0;750;0;4.66
1;87500;20;0;1500;0;4.55
1;87500;20;0;2500;0;4.11
1;87500;20;0;3500;0;4.59
1;87500;20;1;50;0;4.67
1;87500;20;1;250;0;4.8
1;87500;20;1;750;0;4.49
1;87500;20;1;1500;0;4.15
1;87500;20;1;2500;0;4.24
1;87500;20;1;3500;0;4.38
1;137500;3;0;50;0;3.26
1;137500;3;0;250;0;3.9
1;137500;3;0;750;0;3.65
1;137500;3;0;1500;0;3.84
1;137500;3;0;2500;0;4.0
1;137500;3;0;3500;0;4.17
1;137500;3;1;50;0;3.83
1;137500;3;1;250;0;3.76
1;137500;3;1;750;0;3.84
1;137500;3;1;1500;0;4.26
1;137500;3;1;2500;0;4.05
1;137500;3;1;3500;0;3.78
1;137500;6;0;50;0;4.03
1;137500;6;0;250;0;4.01
1;137500;6;0;750;0;3.69
1;137500;6;0;1500;0;3.45
1;137500;6;0;2500;0;4.24
1;137500;6;0;3500;0;3.85
1;137500;6;1;50;0;4.12
1;137500;6;1;250;0;3.62
1;137500;6;1;750;0;3.72
1;137500;6;1;1500;0;2.73
1;137500;6;1;2500;0;5.2
1;137500;6;1;3500;0;4.01
1;137500;10;0;50;0;4.23
1;137500;10;0;250;0;4.2
1;137500;10;0;750;0;4.14
1;137500;10;0;1500;0;4.0
1;137500;10;0;2500;0;4.02
1;137500;10;0;3500;0;3.9
1;137500;10;1;50;0;4.15
1;137500;10;1;250;0;4.01
1;137500;10;1;750;0;4.1
1;137500;10;1;1500;0;3.76
1;137500;10;1;2500;0;3.8
1;137500;10;1;3500;0;3.97
1;137500;14;0;50;0;4.1
1;137500;14;0;250;0;4.21
1;137500;14;0;750;0;4.03
1;137500;14;0;1500;0;4.06
1;137500;14;0;2500;0;4.03
1;137500;14;0;3500;0;3.87
1;137500;14;1;50;0;4.4
1;137500;14;1;250;0;4.21
1;137500;14;1;750;0;4.02
1;137500;14;1;1500;0;4.11
1;137500;14;1;2500;0;3.92
1;137500;14;1;3500;0;3.81
1;137500;20;0;50;0;4.02
1;137500;20;0;250;0;4.25
1;137500;20;0;750;0;4.08
1;137500;20;0;1500;0;3.96
1;137500;20;0;2500;0;3.98
1;137500;20;0;3500;0;3.83
1;137500;20;1;50;0;4.09
1;137500;20;1;250;0;4.13
1;137500;20;1;750;0;4.02
1;137500;20;1;1500;0;3.99
1;137500;20;1;2500;0;3.71
1;137500;20;1;3500;0;4.0
1;212500;3;0;50;0;3.86
1;212500;3;0;250;0;4.36
1;212500;3;0;750;0;4.19
1;212500;3;0;1500;0;4.09
1;212500;3;0;2500;0;3.99
1;212500;3;0;3500;0;4.06
1;212500;3;1;50;0;4.13
1;212500;3;1;250;0;4.16
1;212500;3;1;750;0;4.07
1;212500;3;1;1500;0;4.06
1;212500;3;1;2500;0;3.92
1;212500;3;1;3500;0;3.91
1;212500;6;0;50;0;3.82
1;212500;6;0;250;0;4.04
1;212500;6;0;750;0;4.21
1;212500;6;0;1500;0;4.09
1;212500;6;0;2500;0;3.9
1;212500;6;0;3500;0;3.92
1;212500;6;1;50;0;4.38
1;212500;6;1;250;0;4.04
1;212500;6;1;750;0;4.01
1;212500;6;1;1500;0;4.02
1;212500;6;1;2500;0;3.91
1;212500;6;1;3500;0;3.72
1;212500;10;0;50;0;3.76
1;212500;10;0;250;0;4.32
1;212500;10;0;750;0;4.18
1;212500;10;0;1500;0;4.08
1;212500;10;0;2500;0;3.87
1;212500;10;0;3500;0;4.0
1;212500;10;1;50;0;4.15
1;212500;10;1;250;0;4.09
1;212500;10;1;750;0;4.12
1;212500;10;1;1500;0;3.62
1;212500;10;1;2500;0;4.05
1;212500;10;1;3500;0;3.54
1;212500;14;0;50;0;3.92
1;212500;14;0;250;0;4.16
1;212500;14;0;750;0;4.12
1;212500;14;0;1500;0;3.92
1;212500;14;0;2500;0;4.01
1;212500;14;0;3500;0;3.85
1;212500;14;1;50;0;4.15
1;212500;14;1;250;0;4.15
1;212500;14;1;750;0;3.8
1;212500;14;1;1500;0;3.92
1;212500;14;1;2500;0;3.89
1;212500;14;1;3500;0;3.69
1;212500;20;0;50;0;4.05
1;212500;20;0;250;0;4.04
1;212500;20;0;750;0;4.11
1;212500;20;0;1500;0;3.92
1;212500;20;0;2500;0;3.88
1;212500;20;0;3500;0;3.85
1;212500;20;1;50;0;4.16
1;212500;20;1;250;0;4.02
1;212500;20;1;750;0;3.98
1;212500;20;1;1500;0;3.7
1;212500;20;1;2500;0;3.79
1;212500;20;1;3500;0;3.8
1;300000;3;0;50;0;4.15
1;300000;3;0;250;0;4.0
1;300000;3;0;750;0;4.11
1;300000;3;0;1500;0;3.82
1;300000;3;0;2500;0;4.01
1;300000;3;0;3500;0;3.87
1;300000;3;1;50;0;3.95
1;300000;3;1;250;0;3.99
1;300000;3;1;750;0;4.1
1;300000;3;1;1500;0;3.89
1;300000;3;1;2500;0;3.89
1;300000;3;1;3500;0;3.29
1;300000;6;0;50;0;3.63
1;300000;6;0;250;0;3.94
1;300000;6;0;750;0;3.91
1;300000;6;0;1500;0;4.1
1;300000;6;0;2500;0;3.55
1;300000;6;0;3500;0;4.12
1;300000;6;1;50;0;4.03
1;300000;6;1;250;0;4.04
1;300000;6;1;750;0;4.12
1;300000;6;1;1500;0;4.0
1;300000;6;1;2500;0;3.72
1;300000;6;1;3500;0;3.79
1;300000;10;0;50;0;3.94
1;300000;10;0;250;0;4.03
1;300000;10;0;750;0;3.93
1;300000;10;0;1500;0;3.87
1;300000;10;0;2500;0;3.69
1;300000;10;0;3500;0;4.09
1;300000;10;1;50;0;3.81
1;300000;10;1;250;0;3.94
1;300000;10;1;750;0;3.95
1;300000;10;1;1500;0;3.87
1;300000;10;1;2500;0;3.32
1;300000;10;1;3500;0;3.24
1;300000;14;0;50;0;3.72
1;300000;14;0;250;0;3.63
1;300000;14;0;750;0;4.19
1;300000;14;0;1500;0;4.13
1;300000;14;0;2500;0;4.07
1;300000;14;0;3500;0;3.62
1;300000;14;1;50;0;3.96
1;300000;14;1;250;0;3.78
1;300000;14;1;750;0;3.63
1;300000;14;1;1500;0;3.5
1;300000;14;1;2500;0;3.93
1;300000;14;1;3500;0;4.05
1;300000;20;0;50;0;4.13
1;300000;20;0;250;0;4.09
1;300000;20;0;750;0;3.9
1;300000;20;0;1500;0;4.05
1;300000;20;0;2500;0;3.74
1;300000;20;0;3500;0;3.85
1;300000;20;1;50;0;3.79
1;300000;20;1;250;0;3.97
1;300000;20;1;750;0;3.96
1;300000;20;1;1500;0;3.87
1;300000;20;1;2500;0;3.69
1;300000;20;1;3500;0;3.86
1;50;3;0;50;1;0.8
1;50;3;0;250;1;126.09
1;50;3;0;750;1;92.83
1;50;3;0;1500;1;66.57
1;50;3;0;2500;1;49.27
1;50;3;0;3500;1;42.98
1;50;3;1;50;1;124.1
1;50;3;1;250;1;118.77
1;50;3;1;750;1;97.09
1;50;3;1;1500;1;68.38
1;50;3;1;2500;1;46.43
1;50;3;1;3500;1;39.72
1;50;6;0;50;1;143.9
1;50;6;0;250;1;126.53
1;50;6;0;750;1;92.8
1;50;6;0;1500;1;64.47
1;50;6;0;2500;1;44.98
1;50;6;0;3500;1;35.0
1;50;6;1;50;1;111.1
1;50;6;1;250;1;97.39
1;50;6;1;750;1;75.64
1;50;6;1;1500;1;57.36
1;50;6;1;2500;1;42.02
1;50;6;1;3500;1;36.44
1;50;10;0;50;1;129.89
1;50;10;0;250;1;110.23
1;50;10;0;750;1;92.56
1;50;10;0;1500;1;64.63
1;50;10;0;2500;1;42.16
1;50;10;0;3500;1;37.2
1;50;10;1;50;1;132.62
1;50;10;1;250;1;128.39
1;50;10;1;750;1;94.2
1;50;10;1;1500;1;63.94
1;50;10;1;2500;1;45.21
1;50;10;1;3500;1;37.78
1;50;14;0;50;1;125.06
1;50;14;0;250;1;126.42
1;50;14;0;750;1;98.6
1;50;14;0;1500;1;66.49
1;50;14;0;2500;1;46.35
1;50;14;0;3500;1;39.74
1;50;14;1;50;1;131.9
1;50;14;1;250;1;109.51
1;50;14;1;750;1;79.92
1;50;14;1;1500;1;61.72
1;50;14;1;2500;1;45.55
1;50;14;1;3500;1;42.62
1;50;20;0;50;1;148.33
1;50;20;0;250;1;113.03
1;50;20;0;750;1;91.82
1;50;20;0;1500;1;66.54
1;50;20;0;2500;1;48.18
1;50;20;0;3500;1;41.56
1;50;20;1;50;1;131.99
1;50;20;1;250;1;124.21
1;50;20;1;750;1;79.55
1;50;20;1;1500;1;59.78
1;50;20;1;2500;1;45.04
1;50;20;1;3500;1;41.54
1;300;3;0;50;1;99.46
1;300;3;0;250;1;128.87
1;300;3;0;750;1;92.82
1;300;3;0;1500;1;63.52
1;300;3;0;2500;1;44.78
1;300;3;0;3500;1;39.1
1;300;3;1;50;1;123.1
1;300;3;1;250;1;117.66
1;300;3;1;750;1;88.48
1;300;3;1;1500;1;62.3
1;300;3;1;2500;1;44.48
1;300;3;1;3500;1;38.33
1;300;6;0;50;1;130.14
1;300;6;0;250;1;120.97
1;300;6;0;750;1;89.28
1;300;6;0;1500;1;62.99
1;300;6;0;2500;1;39.75
1;300;6;0;3500;1;35.84
1;300;6;1;50;1;117.4
1;300;6;1;250;1;121.92
1;300;6;1;750;1;92.91
1;300;6;1;1500;1;65.84
1;300;6;1;2500;1;45.19
1;300;6;1;3500;1;39.06
1;300;10;0;50;1;132.33
1;300;10;0;250;1;125.69
1;300;10;0;750;1;89.53
1;300;10;0;1500;1;62.95
1;300;10;0;2500;1;44.29
1;300;10;0;3500;1;39.29
1;300;10;1;50;1;122.85
1;300;10;1;250;1;117.78
1;300;10;1;750;1;89.64
1;300;10;1;1500;1;63.61
1;300;10;1;2500;1;44.05
1;300;10;1;3500;1;38.53
1;300;14;0;50;1;128.93
1;300;14;0;250;1;121.65
1;300;14;0;750;1;90.58
1;300;14;0;1500;1;63.32
1;300;14;0;2500;1;45.34
1;300;14;0;3500;1;39.0
1;300;14;1;50;1;124.58
1;300;14;1;250;1;116.85
1;300;14;1;750;1;89.25
1;300;14;1;1500;1;62.93
1;300;14;1;2500;1;44.29
1;300;14;1;3500;1;38.37
1;300;20;0;50;1;129.3
1;300;20;0;250;1;119.91
1;300;20;0;750;1;89.7
1;300;20;0;1500;1;62.54
1;300;20;0;2500;1;44.88
1;300;20;0;3500;1;35.9
1;300;20;1;50;1;109.65
1;300;20;1;250;1;112.33
1;300;20;1;750;1;92.23
1;300;20;1;1500;1;59.06
1;300;20;1;2500;1;44.54
1;300;20;1;3500;1;37.78
1;750;3;0;50;1;77.07
1;750;3;0;250;1;111.17
1;750;3;0;750;1;86.57
1;750;3;0;1500;1;65.41
1;750;3;0;2500;1;46.35
1;750;3;0;3500;1;38.72
1;750;3;1;50;1;105.05
1;750;3;1;250;1;113.19
1;750;3;1;750;1;89.41
1;750;3;1;1500;1;62.98
1;750;3;1;2500;1;44.12
1;750;3;1;3500;1;38.19
1;750;6;0;50;1;116.71
1;750;6;0;250;1;103.95
1;750;6;0;750;1;88.15
1;750;6;0;1500;1;62.51
1;750;6;0;2500;1;43.8
1;750;6;0;3500;1;38.88
1;750;6;1;50;1;117.53
1;750;6;1;250;1;112.9
1;750;6;1;750;1;83.53
1;750;6;1;1500;1;61.48
1;750;6;1;2500;1;44.17
1;750;6;1;3500;1;37.79
1;750;10;0;50;1;119.47
1;750;10;0;250;1;116.64
1;750;10;0;750;1;85.41
1;750;10;0;1500;1;59.87
1;750;10;0;2500;1;43.38
1;750;10;0;3500;1;38.41
1;750;10;1;50;1;111.41
1;750;10;1;250;1;108.31
1;750;10;1;750;1;79.68
1;750;10;1;1500;1;52.53
1;750;10;1;2500;1;38.15
1;750;10;1;3500;1;31.04
1;750;14;0;50;1;86.2
1;750;14;0;250;1;90.12
1;750;14;0;750;1;70.91
1;750;14;0;1500;1;51.79
1;750;14;0;2500;1;38.07
1;750;14;0;3500;1;33.3
1;750;14;1;50;1;102.01
1;750;14;1;250;1;95.4
1;750;14;1;750;1;62.25
1;750;14;1;1500;1;43.14
1;750;14;1;2500;1;35.37
1;750;14;1;3500;1;35.45
1;750;20;0;50;1;102.53
1;750;20;0;250;1;101.79
1;750;20;0;750;1;72.4
1;750;20;0;1500;1;53.15
1;750;20;0;2500;1;38.98
1;750;20;0;3500;1;34.69
1;750;20;1;50;1;98.71
1;750;20;1;250;1;77.77
1;750;20;1;750;1;58.68
1;750;20;1;1500;1;46.6
1;750;20;1;2500;1;35.25
1;750;20;1;3500;1;30.14
1;3000;3;0;50;1;31.23
1;3000;3;0;250;1;70.02
1;3000;3;0;750;1;57.32
1;3000;3;0;1500;1;42.17
1;3000;3;0;2500;1;31.46
1;3000;3;0;3500;1;25.2
1;3000;3;1;50;1;63.6
1;3000;3;1;250;1;65.16
1;3000;3;1;750;1;58.09
1;3000;3;1;1500;1;39.99
1;3000;3;1;2500;1;30.05
1;3000;3;1;3500;1;28.96
1;3000;6;0;50;1;63.57
1;3000;6;0;250;1;66.62
1;3000;6;0;750;1;65.79
1;3000;6;0;1500;1;52.34
1;3000;6;0;2500;1;39.56
1;3000;6;0;3500;1;35.24
1;3000;6;1;50;1;79.34
1;3000;6;1;250;1;78.3
1;3000;6;1;750;1;68.7
1;3000;6;1;1500;1;49.97
1;3000;6;1;2500;1;37.73
1;3000;6;1;3500;1;33.21
1;3000;10;0;50;1;79.45
1;3000;10;0;250;1;79.85
1;3000;10;0;750;1;70.6
1;3000;10;0;1500;1;51.47
1;3000;10;0;2500;1;38.27
1;3000;10;0;3500;1;35.35
1;3000;10;1;50;1;77.13
1;3000;10;1;250;1;78.22
1;3000;10;1;750;1;65.97
1;3000;10;1;1500;1;50.07
1;3000;10;1;2500;1;37.76
1;3000;10;1;3500;1;34.83
1;3000;14;0;50;1;78.05
1;3000;14;0;250;1;79.38
1;3000;14;0;750;1;68.6
1;3000;14;0;1500;1;50.34
1;3000;14;0;2500;1;38.63
1;3000;14;0;3500;1;35.24
1;3000;14;1;50;1;76.73
1;3000;14;1;250;1;75.7
1;3000;14;1;750;1;66.56
1;3000;14;1;1500;1;51.18
1;3000;14;1;2500;1;37.93
1;3000;14;1;3500;1;35.27
1;3000;20;0;50;1;81.9
1;3000;20;0;250;1;81.69
1;3000;20;0;750;1;70.39
1;3000;20;0;1500;1;51.56
1;3000;20;0;2500;1;39.06
1;3000;20;0;3500;1;35.14
1;3000;20;1;50;1;77.62
1;3000;20;1;250;1;77.07
1;3000;20;1;750;1;68.78
1;3000;20;1;1500;1;50.28
1;3000;20;1;2500;1;37.81
1;3000;20;1;3500;1;33.3
1;7500;3;0;50;1;25.94
1;7500;3;0;250;1;52.02
1;7500;3;0;750;1;45.84
1;7500;3;0;1500;1;41.27
1;7500;3;0;2500;1;32.15
1;7500;3;0;3500;1;29.89
1;7500;3;1;50;1;48.8
1;7500;3;1;250;1;49.07
1;7500;3;1;750;1;44.05
1;7500;3;1;1500;1;39.01
1;7500;3;1;2500;1;31.32
1;7500;3;1;3500;1;29.04
1;7500;6;0;50;1;49.82
1;7500;6;0;250;1;49.92
1;7500;6;0;750;1;45.77
1;7500;6;0;1500;1;39.66
1;7500;6;0;2500;1;31.62
1;7500;6;0;3500;1;29.53
1;7500;6;1;50;1;49.08
1;7500;6;1;250;1;28.77
1;7500;6;1;750;1;30.27
1;7500;6;1;1500;1;39.84
1;7500;6;1;2500;1;31.39
1;7500;6;1;3500;1;29.9
1;7500;10;0;50;1;51.03
1;7500;10;0;250;1;50.72
1;7500;10;0;750;1;45.9
1;7500;10;0;1500;1;39.42
1;7500;10;0;2500;1;31.73
1;7500;10;0;3500;1;29.99
1;7500;10;1;50;1;49.81
1;7500;10;1;250;1;49.15
1;7500;10;1;750;1;44.71
1;7500;10;1;1500;1;33.04
1;7500;10;1;2500;1;28.71
1;7500;10;1;3500;1;28.68
1;7500;14;0;50;1;51.67
1;7500;14;0;250;1;52.59
1;7500;14;0;750;1;48.12
1;7500;14;0;1500;1;39.53
1;7500;14;0;2500;1;32.62
1;7500;14;0;3500;1;30.0
1;7500;14;1;50;1;49.02
1;7500;14;1;250;1;48.6
1;7500;14;1;750;1;44.09
1;7500;14;1;1500;1;38.22
1;7500;14;1;2500;1;31.65
1;7500;14;1;3500;1;29.66
1;7500;20;0;50;1;49.62
1;7500;20;0;250;1;49.33
1;7500;20;0;750;1;45.7
1;7500;20;0;1500;1;38.81
1;7500;20;0;2500;1;31.39
1;7500;20;0;3500;1;29.56
1;7500;20;1;50;1;46.43
1;7500;20;1;250;1;48.07
1;7500;20;1;750;1;44.36
1;7500;20;1;1500;1;38.85
1;7500;20;1;2500;1;31.67
1;7500;20;1;3500;1;29.52
1;17500;3;0;50;1;6.1
1;17500;3;0;250;1;30.54
1;17500;3;0;750;1;26.44
1;17500;3;0;1500;1;24.51
1;17500;3;0;2500;1;22.12
1;17500;3;0;3500;1;19.57
1;17500;3;1;50;1;26.48
1;17500;3;1;250;1;25.65
1;17500;3;1;750;1;23.86
1;17500;3;1;1500;1;23.28
1;17500;3;1;2500;1;19.88
1;17500;3;1;3500;1;19.41
1;17500;6;0;50;1;25.71
1;17500;6;0;250;1;25.38
1;17500;6;0;750;1;25.71
1;17500;6;0;1500;1;24.1
1;17500;6;0;2500;1;19.85
1;17500;6;0;3500;1;19.83
1;17500;6;1;50;1;25.9
1;17500;6;1;250;1;25.46
1;17500;6;1;750;1;24.53
1;17500;6;1;1500;1;23.08
1;17500;6;1;2500;1;19.85
1;17500;6;1;3500;1;19.83
1;17500;10;0;50;1;25.88
1;17500;10;0;250;1;25.74
1;17500;10;0;750;1;25.01
1;17500;10;0;1500;1;23.75
1;17500;10;0;2500;1;21.43
1;17500;10;0;3500;1;19.74
1;17500;10;1;50;1;25.79
1;17500;10;1;250;1;24.68
1;17500;10;1;750;1;24.2
1;17500;10;1;1500;1;23.08
1;17500;10;1;2500;1;19.77
1;17500;10;1;3500;1;19.44
1;17500;14;0;50;1;25.76
1;17500;14;0;250;1;25.85
1;17500;14;0;750;1;25.06
1;17500;14;0;1500;1;23.86
1;17500;14;0;2500;1;21.64
1;17500;14;0;3500;1;17.28
1;17500;14;1;50;1;25.93
1;17500;14;1;250;1;25.5
1;17500;14;1;750;1;24.38
1;17500;14;1;1500;1;23.12
1;17500;14;1;2500;1;19.5
1;17500;14;1;3500;1;19.03
1;17500;20;0;50;1;24.79
1;17500;20;0;250;1;23.28
1;17500;20;0;750;1;22.22
1;17500;20;0;1500;1;17.97
1;17500;20;0;2500;1;16.05
1;17500;20;0;3500;1;15.62
1;17500;20;1;50;1;19.14
1;17500;20;1;250;1;17.07
1;17500;20;1;750;1;17.89
1;17500;20;1;1500;1;17.65
1;17500;20;1;2500;1;16.97
1;17500;20;1;3500;1;9.65
1;37500;3;0;50;1;3.0
1;37500;3;0;250;1;15.88
1;37500;3;0;750;1;12.56
1;37500;3;0;1500;1;10.24
1;37500;3;0;2500;1;11.46
1;37500;3;0;3500;1;11.96
1;37500;3;1;50;1;14.56
1;37500;3;1;250;1;14.05
1;37500;3;1;750;1;12.6
1;37500;3;1;1500;1;11.96
1;37500;3;1;2500;1;11.82
1;37500;3;1;3500;1;11.37
1;37500;6;0;50;1;12.9
1;37500;6;0;250;1;12.41
1;37500;6;0;750;1;12.75
1;37500;6;0;1500;1;12.33
1;37500;6;0;2500;1;11.6
1;37500;6;0;3500;1;11.07
1;37500;6;1;50;1;13.09
1;37500;6;1;250;1;12.95
1;37500;6;1;750;1;12.43
1;37500;6;1;1500;1;12.03
1;37500;6;1;2500;1;11.7
1;37500;6;1;3500;1;11.04
1;37500;10;0;50;1;12.92
1;37500;10;0;250;1;14.37
1;37500;10;0;750;1;12.7
1;37500;10;0;1500;1;12.11
1;37500;10;0;2500;1;11.7
1;37500;10;0;3500;1;11.43
1;37500;10;1;50;1;12.98
1;37500;10;1;250;1;13.07
1;37500;10;1;750;1;12.7
1;37500;10;1;1500;1;12.19
1;37500;10;1;2500;1;11.86
1;37500;10;1;3500;1;11.21
1;37500;14;0;50;1;12.88
1;37500;14;0;250;1;13.03
1;37500;14;0;750;1;12.64
1;37500;14;0;1500;1;11.92
1;37500;14;0;2500;1;11.74
1;37500;14;0;3500;1;11.96
1;37500;14;1;50;1;14.8
1;37500;14;1;250;1;12.54
1;37500;14;1;750;1;14.37
1;37500;14;1;1500;1;12.33
1;37500;14;1;2500;1;11.93
1;37500;14;1;3500;1;11.74
1;37500;20;0;50;1;12.76
1;37500;20;0;250;1;12.83
1;37500;20;0;750;1;15.13
1;37500;20;0;1500;1;12.7
1;37500;20;0;2500;1;12.12
1;37500;20;0;3500;1;11.56
1;37500;20;1;50;1;14.76
1;37500;20;1;250;1;14.65
1;37500;20;1;750;1;13.14
1;37500;20;1;1500;1;12.59
1;37500;20;1;2500;1;11.7
1;37500;20;1;3500;1;11.05
1;62500;3;0;50;1;3.32
1;62500;3;0;250;1;9.4
1;62500;3;0;750;1;9.05
1;62500;3;0;1500;1;8.64
1;62500;3;0;2500;1;8.19
1;62500;3;0;3500;1;8.57
1;62500;3;1;50;1;9.01
1;62500;3;1;250;1;8.9
1;62500;3;1;750;1;8.97
1;62500;3;1;1500;1;8.65
1;62500;3;1;2500;1;8.04
1;62500;3;1;3500;1;6.29
1;62500;6;0;50;1;9.05
1;62500;6;0;250;1;9.21
1;62500;6;0;750;1;9.14
1;62500;6;0;1500;1;8.86
1;62500;6;0;2500;1;8.06
1;62500;6;0;3500;1;8.43
1;62500;6;1;50;1;7.88
1;62500;6;1;250;1;8.83
1;62500;6;1;750;1;8.56
1;62500;6;1;1500;1;8.76
1;62500;6;1;2500;1;8.21
1;62500;6;1;3500;1;7.99
1;62500;10;0;50;1;6.03
1;62500;10;0;250;1;8.77
1;62500;10;0;750;1;8.48
1;62500;10;0;1500;1;8.22
1;62500;10;0;2500;1;8.05
1;62500;10;0;3500;1;8.68
1;62500;10;1;50;1;9.2
1;62500;10;1;250;1;9.2
1;62500;10;1;750;1;8.78
1;62500;10;1;1500;1;8.6
1;62500;10;1;2500;1;8.09
1;62500;10;1;3500;1;7.9
1;62500;14;0;50;1;8.85
1;62500;14;0;250;1;8.77
1;62500;14;0;750;1;8.75
1;62500;14;0;1500;1;8.73
1;62500;14;0;2500;1;8.26
1;62500;14;0;3500;1;8.12
1;62500;14;1;50;1;8.01
1;62500;14;1;250;1;8.9
1;62500;14;1;750;1;9.05
1;62500;14;1;1500;1;8.84
1;62500;14;1;2500;1;7.51
1;62500;14;1;3500;1;5.95
1;62500;20;0;50;1;9.12
1;62500;20;0;250;1;8.39
1;62500;20;0;750;1;8.98
1;62500;20;0;1500;1;9.17
1;62500;20;0;2500;1;8.45
1;62500;20;0;3500;1;8.52
1;62500;20;1;50;1;8.91
1;62500;20;1;250;1;8.71
1;62500;20;1;750;1;8.78
1;62500;20;1;1500;1;8.62
1;62500;20;1;2500;1;8.31
1;62500;20;1;3500;1;7.64
1;87500;3;0;50;1;2.6
1;87500;3;0;250;1;8.02
1;87500;3;0;750;1;6.3
1;87500;3;0;1500;1;6.0
1;87500;3;0;2500;1;5.67
1;87500;3;0;3500;1;6.03
1;87500;3;1;50;1;6.59
1;87500;3;1;250;1;6.4
1;87500;3;1;750;1;6.2
1;87500;3;1;1500;1;5.63
1;87500;3;1;2500;1;5.37
1;87500;3;1;3500;1;5.75
1;87500;6;0;50;1;6.23
1;87500;6;0;250;1;6.36
1;87500;6;0;750;1;6.24
1;87500;6;0;1500;1;5.7
1;87500;6;0;2500;1;5.96
1;87500;6;0;3500;1;5.71
1;87500;6;1;50;1;6.13
1;87500;6;1;250;1;6.51
1;87500;6;1;750;1;5.97
1;87500;6;1;1500;1;5.46
1;87500;6;1;2500;1;5.8
1;87500;6;1;3500;1;5.66
1;87500;10;0;50;1;6.26
1;87500;10;0;250;1;6.45
1;87500;10;0;750;1;6.34
1;87500;10;0;1500;1;6.0
1;87500;10;0;2500;1;5.84
1;87500;10;0;3500;1;5.7
1;87500;10;1;50;1;6.3
1;87500;10;1;250;1;6.42
1;87500;10;1;750;1;6.25
1;87500;10;1;1500;1;5.6
1;87500;10;1;2500;1;5.69
1;87500;10;1;3500;1;5.55
1;87500;14;0;50;1;5.47
1;87500;14;0;250;1;5.71
1;87500;14;0;750;1;5.24
1;87500;14;0;1500;1;5.6
1;87500;14;0;2500;1;5.51
1;87500;14;0;3500;1;5.07
1;87500;14;1;50;1;6.24
1;87500;14;1;250;1;5.75
1;87500;14;1;750;1;5.5
1;87500;14;1;1500;1;5.34
1;87500;14;1;2500;1;5.61
1;87500;14;1;3500;1;5.67
1;87500;20;0;50;1;6.06
1;87500;20;0;250;1;6.18
1;87500;20;0;750;1;5.81
1;87500;20;0;1500;1;6.01
1;87500;20;0;2500;1;5.81
1;87500;20;0;3500;1;5.62
1;87500;20;1;50;1;6.22
1;87500;20;1;250;1;5.87
1;87500;20;1;750;1;5.37
1;87500;20;1;1500;1;5.52
1;87500;20;1;2500;1;5.45
1;87500;20;1;3500;1;5.4
1;137500;3;0;50;1;3.59
1;137500;3;0;250;1;5.84
1;137500;3;0;750;1;5.48
1;137500;3;0;1500;1;5.3
1;137500;3;0;2500;1;5.35
1;137500;3;0;3500;1;5.15
1;137500;3;1;50;1;5.56
1;137500;3;1;250;1;5.42
1;137500;3;1;750;1;5.27
1;137500;3;1;1500;1;5.27
1;137500;3;1;2500;1;5.1
1;137500;3;1;3500;1;4.78
1;137500;6;0;50;1;5.3
1;137500;6;0;250;1;5.75
1;137500;6;0;750;1;5.64
1;137500;6;0;1500;1;5.53
1;137500;6;0;2500;1;5.35
1;137500;6;0;3500;1;4.86
1;137500;6;1;50;1;5.5
1;137500;6;1;250;1;5.58
1;137500;6;1;750;1;5.56
1;137500;6;1;1500;1;5.4
1;137500;6;1;2500;1;5.12
1;137500;6;1;3500;1;4.97
1;137500;10;0;50;1;5.59
1;137500;10;0;250;1;5.59
1;137500;10;0;750;1;5.63
1;137500;10;0;1500;1;5.14
1;137500;10;0;2500;1;5.36
1;137500;10;0;3500;1;5.15
1;137500;10;1;50;1;5.51
1;137500;10;1;250;1;5.7
1;137500;10;1;750;1;5.21
1;137500;10;1;1500;1;5.26
1;137500;10;1;2500;1;5.19
1;137500;10;1;3500;1;5.06
1;137500;14;0;50;1;5.63
1;137500;14;0;250;1;5.32
1;137500;14;0;750;1;5.45
1;137500;14;0;1500;1;5.51
1;137500;14;0;2500;1;5.41
1;137500;14;0;3500;1;4.99
1;137500;14;1;50;1;5.62
1;137500;14;1;250;1;5.02
1;137500;14;1;750;1;5.49
1;137500;14;1;1500;1;5.48
1;137500;14;1;2500;1;5.16
1;137500;14;1;3500;1;5.29
1;137500;20;0;50;1;5.42
1;137500;20;0;250;1;5.7
1;137500;20;0;750;1;5.34
1;137500;20;0;1500;1;4.83
1;137500;20;0;2500;1;5.05
1;137500;20;0;3500;1;5.23
1;137500;20;1;50;1;5.46
1;137500;20;1;250;1;5.55
1;137500;20;1;750;1;4.92
1;137500;20;1;1500;1;4.94
1;137500;20;1;2500;1;5.18
1;137500;20;1;3500;1;5.07
1;212500;3;0;50;1;5.78
1;212500;3;0;250;1;5.68
1;212500;3;0;750;1;5.53
1;212500;3;0;1500;1;5.44
1;212500;3;0;2500;1;5.29
1;212500;3;0;3500;1;5.06
1;212500;3;1;50;1;5.27
1;212500;3;1;250;1;5.6
1;212500;3;1;750;1;5.41
1;212500;3;1;1500;1;5.23
1;212500;3;1;2500;1;4.89
1;212500;3;1;3500;1;5.03
1;212500;6;0;50;1;4.81
1;212500;6;0;250;1;5.46
1;212500;6;0;750;1;5.3
1;212500;6;0;1500;1;5.57
1;212500;6;0;2500;1;5.34
1;212500;6;0;3500;1;5.33
1;212500;6;1;50;1;5.61
1;212500;6;1;250;1;5.63
1;212500;6;1;750;1;5.27
1;212500;6;1;1500;1;4.8
1;212500;6;1;2500;1;4.9
1;212500;6;1;3500;1;5.31
1;212500;10;0;50;1;5.38
1;212500;10;0;250;1;5.66
1;212500;10;0;750;1;5.34
1;212500;10;0;1500;1;5.36
1;212500;10;0;2500;1;4.95
1;212500;10;0;3500;1;5.09
1;212500;10;1;50;1;5.54
1;212500;10;1;250;1;5.41
1;212500;10;1;750;1;5.32
1;212500;10;1;1500;1;5.26
1;212500;10;1;2500;1;4.46
1;212500;10;1;3500;1;4.4
1;212500;14;0;50;1;4.85
1;212500;14;0;250;1;5.47
1;212500;14;0;750;1;5.28
1;212500;14;0;1500;1;5.46
1;212500;14;0;2500;1;4.95
1;212500;14;0;3500;1;4.76
1;212500;14;1;50;1;5.57
1;212500;14;1;250;1;5.55
1;212500;14;1;750;1;5.65
1;212500;14;1;1500;1;5.1
1;212500;14;1;2500;1;5.12
1;212500;14;1;3500;1;4.55
1;212500;20;0;50;1;5.35
1;212500;20;0;250;1;5.51
1;212500;20;0;750;1;5.54
1;212500;20;0;1500;1;5.04
1;212500;20;0;2500;1;5.64
1;212500;20;0;3500;1;5.11
1;212500;20;1;50;1;5.29
1;212500;20;1;250;1;5.41
1;212500;20;1;750;1;4.98
1;212500;20;1;1500;1;5.36
1;212500;20;1;2500;1;5.19
1;212500;20;1;3500;1;5.21
1;300000;3;0;50;1;5.46
1;300000;3;0;250;1;5.72
1;300000;3;0;750;1;5.47
1;300000;3;0;1500;1;4.97
1;300000;3;0;2500;1;4.62
1;300000;3;0;3500;1;4.87
1;300000;3;1;50;1;5.46
1;300000;3;1;250;1;5.61
1;300000;3;1;750;1;5.58
1;300000;3;1;1500;1;4.78
1;300000;3;1;2500;1;4.64
1;300000;3;1;3500;1;5.23
1;300000;6;0;50;1;5.62
1;300000;6;0;250;1;5.9
1;300000;6;0;750;1;5.78
1;300000;6;0;1500;1;5.43
1;300000;6;0;2500;1;5.55
1;300000;6;0;3500;1;5.33
1;300000;6;1;50;1;5.29
1;300000;6;1;250;1;5.52
1;300000;6;1;750;1;5.2
1;300000;6;1;1500;1;4.94
1;300000;6;1;2500;1;4.96
1;300000;6;1;3500;1;4.58
1;300000;10;0;50;1;5.0
1;300000;10;0;250;1;5.5
1;300000;10;0;750;1;5.38
1;300000;10;0;1500;1;4.86
1;300000;10;0;2500;1;4.58
1;300000;10;0;3500;1;5.05
1;300000;10;1;50;1;5.67
1;300000;10;1;250;1;5.73
1;300000;10;1;750;1;5.39
1;300000;10;1;1500;1;5.16
1;300000;10;1;2500;1;5.26
1;300000;10;1;3500;1;4.94
1;300000;14;0;50;1;5.33
1;300000;14;0;250;1;5.57
1;300000;14;0;750;1;5.48
1;300000;14;0;1500;1;4.55
1;300000;14;0;2500;1;4.92
1;300000;14;0;3500;1;5.16
1;300000;14;1;50;1;5.31
1;300000;14;1;250;1;5.83
1;300000;14;1;750;1;5.62
1;300000;14;1;1500;1;5.18
1;300000;14;1;2500;1;5.16
1;300000;14;1;3500;1;5.14
1;300000;20;0;50;1;5.4
1;300000;20;0;250;1;5.37
1;300000;20;0;750;1;5.44
1;300000;20;0;1500;1;5.33
1;300000;20;0;2500;1;5.22
1;300000;20;0;3500;1;5.33
1;300000;20;1;50;1;5.45
1;300000;20;1;250;1;4.4
1;300000;20;1;750;1;4.92
1;300000;20;1;1500;1;4.93
1;300000;20;1;2500;1;4.73
1;300000;20;1;3500;1;5.04
2;50;3;0;50;0;0.82
2;50;3;0;250;0;126.07
2;50;3;0;750;0;90.93
2;50;3;0;1500;0;65.79
2;50;3;0;2500;0;48.95
2;50;3;0;3500;0;41.8
2;50;3;1;50;0;116.43
2;50;3;1;250;0;122.71
2;50;3;1;750;0;92.0
2;50;3;1;1500;0;65.95
2;50;3;1;2500;0;45.89
2;50;3;1;3500;0;38.99
2;50;6;0;50;0;138.59
2;50;6;0;250;0;128.57
2;50;6;0;750;0;91.22
2;50;6;0;1500;0;64.34
2;50;6;0;2500;0;44.48
2;50;6;0;3500;0;39.28
2;50;6;1;50;0;129.81
2;50;6;1;250;0;119.85
2;50;6;1;750;0;89.73
2;50;6;1;1500;0;63.4
2;50;6;1;2500;0;44.37
2;50;6;1;3500;0;38.94
2;50;10;0;50;0;136.12
2;50;10;0;250;0;128.89
2;50;10;0;750;0;93.13
2;50;10;0;1500;0;64.77
2;50;10;0;2500;0;45.3
2;50;10;0;3500;0;39.48
2;50;10;1;50;0;129.5
2;50;10;1;250;0;121.92
2;50;10;1;750;0;90.19
2;50;10;1;1500;0;62.74
2;50;10;1;2500;0;44.94
2;50;10;1;3500;0;38.52
2;50;14;0;50;0;133.18
2;50;14;0;250;0;123.84
2;50;14;0;750;0;91.4
2;50;14;0;1500;0;62.98
2;50;14;0;2500;0;44.54
2;50;14;0;3500;0;39.14
2;50;14;1;50;0;124.17
2;50;14;1;250;0;117.54
2;50;14;1;750;0;88.96
2;50;14;1;1500;0;62.4
2;50;14;1;2500;0;44.2
2;50;14;1;3500;0;38.86
2;50;20;0;50;0;129.24
2;50;20;0;250;0;124.63
2;50;20;0;750;0;89.0
2;50;20;0;1500;0;63.09
2;50;20;0;2500;0;44.12
2;50;20;0;3500;0;39.43
2;50;20;1;50;0;128.87
2;50;20;1;250;0;121.57
2;50;20;1;750;0;88.74
2;50;20;1;1500;0;62.44
2;50;20;1;2500;0;43.93
2;50;20;1;3500;0;38.58
2;300;3;0;50;0;93.21
2;300;3;0;250;0;122.5
2;300;3;0;750;0;88.26
2;300;3;0;1500;0;61.88
2;300;3;0;2500;0;44.4
2;300;3;0;3500;0;38.21
2;300;3;1;50;0;118.7
2;300;3;1;250;0;106.53
2;300;3;1;750;0;85.28
2;300;3;1;1500;0;61.48
2;300;3;1;2500;0;43.81
2;300;3;1;3500;0;37.89
2;300;6;0;50;0;111.14
2;300;6;0;250;0;105.99
2;300;6;0;750;0;81.91
2;300;6;0;1500;0;63.16
2;300;6;0;2500;0;46.63
2;300;6;0;3500;0;39.46
2;300;6;1;50;0;119.8
2;300;6;1;250;0;112.48
2;300;6;1;750;0;75.5
2;300;6;1;1500;0;55.12
2;300;6;1;2500;0;42.12
2;300;6;1;3500;0;38.43
2;300;10;0;50;0;118.47
2;300;10;0;250;0;113.09
2;300;10;0;750;0;84.97
2;300;10;0;1500;0;59.47
2;300;10;0;2500;0;44.87
2;300;10;0;3500;0;41.5
2;300;10;1;50;0;126.5
2;300;10;1;250;0;118.38
2;300;10;1;750;0;85.41
2;300;10;1;1500;0;61.63
2;300;10;1;2500;0;43.11
2;300;10;1;3500;0;38.01
2;300;14;0;50;0;124.61
2;300;14;0;250;0;117.57
2;300;14;0;750;0;85.5
2;300;14;0;1500;0;52.61
2;300;14;0;2500;0;38.47
2;300;14;0;3500;0;36.61
2;300;14;1;50;0;112.81
2;300;14;1;250;0;111.55
2;300;14;1;750;0;85.25
2;300;14;1;1500;0;64.59
2;300;14;1;2500;0;44.98
2;300;14;1;3500;0;39.13
2;300;20;0;50;0;137.27
2;300;20;0;250;0;125.8
2;300;20;0;750;0;90.78
2;300;20;0;1500;0;63.3
2;300;20;0;2500;0;44.33
2;300;20;0;3500;0;38.29
2;300;20;1;50;0;119.57
2;300;20;1;250;0;116.39
2;300;20;1;750;0;86.11
2;300;20;1;1500;0;59.84
2;300;20;1;2500;0;44.0
2;300;20;1;3500;0;38.01
2;750;3;0;50;0;83.52
2;750;3;0;250;0;97.25
2;750;3;0;750;0;84.05
2;750;3;0;1500;0;59.4
2;750;3;0;2500;0;43.49
2;750;3;0;3500;0;37.21
2;750;3;1;50;0;99.19
2;750;3;1;250;0;98.42
2;750;3;1;750;0;77.7
2;750;3;1;1500;0;57.72
2;750;3;1;2500;0;42.65
2;750;3;1;3500;0;36.78
2;750;6;0;50;0;103.85
2;750;6;0;250;0;106.24
2;750;6;0;750;0;82.28
2;750;6;0;1500;0;59.15
2;750;6;0;2500;0;43.66
2;750;6;0;3500;0;38.24
2;750;6;1;50;0;109.75
2;750;6;1;250;0;86.26
2;750;6;1;750;0;45.53
2;750;6;1;1500;0;48.81
2;750;6;1;2500;0;34.76
2;750;6;1;3500;0;33.28
2;750;10;0;50;0;121.99
2;750;10;0;250;0;122.74
2;750;10;0;750;0;86.35
2;750;10;0;1500;0;63.36
2;750;10;0;2500;0;45.21
2;750;10;0;3500;0;39.31
2;750;10;1;50;0;111.6
2;750;10;1;250;0;109.53
2;750;10;1;750;0;82.01
2;750;10;1;1500;0;61.75
2;750;10;1;2500;0;38.5
2;750;10;1;3500;0;35.84
2;750;14;0;50;0;111.45
2;750;14;0;250;0;122.16
2;750;14;0;750;0;91.13
2;750;14;0;1500;0;64.26
2;750;14;0;2500;0;39.46
2;750;14;0;3500;0;37.64
2;750;14;1;50;0;111.41
2;750;14;1;250;0;113.11
2;750;14;1;750;0;85.6
2;750;14;1;1500;0;62.41
2;750;14;1;2500;0;43.95
2;750;14;1;3500;0;37.14
2;750;20;0;50;0;104.19
2;750;20;0;250;0;104.89
2;750;20;0;750;0;88.01
2;750;20;0;1500;0;61.92
2;750;20;0;2500;0;43.49
2;750;20;0;3500;0;37.84
2;750;20;1;50;0;90.94
2;750;20;1;250;0;96.64
2;750;20;1;750;0;76.42
2;750;20;1;1500;0;59.55
2;750;20;1;2500;0;45.37
2;750;20;1;3500;0;39.93
2;3000;3;0;50;0;44.28
2;3000;3;0;250;0;71.53
2;3000;3;0;750;0;68.59
2;3000;3;0;1500;0;52.03
2;3000;3;0;2500;0;37.94
2;3000;3;0;3500;0;35.44
2;3000;3;1;50;0;69.42
2;3000;3;1;250;0;63.45
2;3000;3;1;750;0;57.81
2;3000;3;1;1500;0;50.62
2;3000;3;1;2500;0;37.2
2;3000;3;1;3500;0;33.3
2;3000;6;0;50;0;72.04
2;3000;6;0;250;0;70.93
2;3000;6;0;750;0;62.96
2;3000;6;0;1500;0;50.47
2;3000;6;0;2500;0;37.39
2;3000;6;0;3500;0;33.26
2;3000;6;1;50;0;66.65
2;3000;6;1;250;0;69.19
2;3000;6;1;750;0;62.14
2;3000;6;1;1500;0;49.05
2;3000;6;1;2500;0;36.09
2;3000;6;1;3500;0;31.99
2;3000;10;0;50;0;69.78
2;3000;10;0;250;0;71.03
2;3000;10;0;750;0;62.48
2;3000;10;0;1500;0;49.94
2;3000;10;0;2500;0;37.67
2;3000;10;0;3500;0;33.0
2;3000;10;1;50;0;69.68
2;3000;10;1;250;0;69.52
2;3000;10;1;750;0;59.06
2;3000;10;1;1500;0;48.87
2;3000;10;1;2500;0;36.43
2;3000;10;1;3500;0;32.79
2;3000;14;0;50;0;70.82
2;3000;14;0;250;0;71.13
2;3000;14;0;750;0;63.5
2;3000;14;0;1500;0;50.33
2;3000;14;0;2500;0;37.21
2;3000;14;0;3500;0;32.64
2;3000;14;1;50;0;69.0
2;3000;14;1;250;0;68.71
2;3000;14;1;750;0;61.64
2;3000;14;1;1500;0;48.45
2;3000;14;1;2500;0;35.27
2;3000;14;1;3500;0;32.24
2;3000;20;0;50;0;69.58
2;3000;20;0;250;0;70.52
2;3000;20;0;750;0;62.98
2;3000;20;0;1500;0;49.53
2;3000;20;0;2500;0;37.13
2;3000;20;0;3500;0;32.74
2;3000;20;1;50;0;65.41
2;3000;20;1;250;0;68.87
2;3000;20;1;750;0;59.41
2;3000;20;1;1500;0;48.41
2;3000;20;1;2500;0;36.93
2;3000;20;1;3500;0;32.39
2;7500;3;0;50;0;24.11
2;7500;3;0;250;0;41.78
2;7500;3;0;750;0;37.84
2;7500;3;0;1500;0;32.91
2;7500;3;0;2500;0;30.03
2;7500;3;0;3500;0;28.75
2;7500;3;1;50;0;39.17
2;7500;3;1;250;0;38.99
2;7500;3;1;750;0;36.37
2;7500;3;1;1500;0;31.97
2;7500;3;1;2500;0;28.22
2;7500;3;1;3500;0;25.5
2;7500;6;0;50;0;38.17
2;7500;6;0;250;0;39.13
2;7500;6;0;750;0;37.6
2;7500;6;0;1500;0;33.07
2;7500;6;0;2500;0;29.05
2;7500;6;0;3500;0;25.99
2;7500;6;1;50;0;38.76
2;7500;6;1;250;0;37.62
2;7500;6;1;750;0;36.38
2;7500;6;1;1500;0;31.88
2;7500;6;1;2500;0;26.38
2;7500;6;1;3500;0;18.98
2;7500;10;0;50;0;38.74
2;7500;10;0;250;0;37.78
2;7500;10;0;750;0;37.23
2;7500;10;0;1500;0;32.93
2;7500;10;0;2500;0;29.77
2;7500;10;0;3500;0;26.57
2;7500;10;1;50;0;37.99
2;7500;10;1;250;0;38.15
2;7500;10;1;750;0;35.78
2;7500;10;1;1500;0;31.68
2;7500;10;1;2500;0;28.97
2;7500;10;1;3500;0;25.61
2;7500;14;0;50;0;38.76
2;7500;14;0;250;0;38.47
2;7500;14;0;750;0;37.2
2;7500;14;0;1500;0;32.9
2;7500;14;0;2500;0;29.49
2;7500;14;0;3500;0;25.46
2;7500;14;1;50;0;38.17
2;7500;14;1;250;0;37.75
2;7500;14;1;750;0;36.14
2;7500;14;1;1500;0;31.14
2;7500;14;1;2500;0;28.67
2;7500;14;1;3500;0;26.01
2;7500;20;0;50;0;38.67
2;7500;20;0;250;0;37.94
2;7500;20;0;750;0;37.3
2;7500;20;0;1500;0;31.79
2;7500;20;0;2500;0;28.89
2;7500;20;0;3500;0;26.06
2;7500;20;1;50;0;37.9
2;7500;20;1;250;0;38.37
2;7500;20;1;750;0;36.37
2;7500;20;1;1500;0;32.23
2;7500;20;1;2500;0;28.83
2;7500;20;1;3500;0;25.9
2;17500;3;0;50;0;5.9
2;17500;3;0;250;0;23.07
2;17500;3;0;750;0;19.56
2;17500;3;0;1500;0;19.08
2;17500;3;0;2500;0;17.01
2;17500;3;0;3500;0;16.36
2;17500;3;1;50;0;19.58
2;17500;3;1;250;0;19.33
2;17500;3;1;750;0;18.84
2;17500;3;1;1500;0;18.26
2;17500;3;1;2500;0;17.36
2;17500;3;1;3500;0;16.49
2;17500;6;0;50;0;19.77
2;17500;6;0;250;0;19.87
2;17500;6;0;750;0;19.76
2;17500;6;0;1500;0;18.51
2;17500;6;0;2500;0;16.89
2;17500;6;0;3500;0;16.03
2;17500;6;1;50;0;21.27
2;17500;6;1;250;0;19.51
2;17500;6;1;750;0;19.1
2;17500;6;1;1500;0;18.23
2;17500;6;1;2500;0;16.56
2;17500;6;1;3500;0;16.33
2;17500;10;0;50;0;19.61
2;17500;10;0;250;0;19.16
2;17500;10;0;750;0;19.29
2;17500;10;0;1500;0;18.65
2;17500;10;0;2500;0;16.93
2;17500;10;0;3500;0;16.69
2;17500;10;1;50;0;18.79
2;17500;10;1;250;0;19.57
2;17500;10;1;750;0;18.84
2;17500;10;1;1500;0;17.79
2;17500;10;1;2500;0;16.73
2;17500;10;1;3500;0;16.36
2;17500;14;0;50;0;19.05
2;17500;14;0;250;0;19.65
2;17500;14;0;750;0;18.99
2;17500;14;0;1500;0;18.08
2;17500;14;0;2500;0;17.42
2;17500;14;0;3500;0;17.17
2;17500;14;1;50;0;19.29
2;17500;14;1;250;0;19.17
2;17500;14;1;750;0;19.05
2;17500;14;1;1500;0;17.97
2;17500;14;1;2500;0;16.23
2;17500;14;1;3500;0;15.96
2;17500;20;0;50;0;19.86
2;17500;20;0;250;0;19.49
2;17500;20;0;750;0;19.26
2;17500;20;0;1500;0;18.09
2;17500;20;0;2500;0;16.76
2;17500;20;0;3500;0;16.72
2;17500;20;1;50;0;18.93
2;17500;20;1;250;0;19.19
2;17500;20;1;750;0;18.47
2;17500;20;1;1500;0;18.03
2;17500;20;1;2500;0;16.72
2;17500;20;1;3500;0;16.34
2;37500;3;0;50;0;3.72
2;37500;3;0;250;0;10.68
2;37500;3;0;750;0;6.82
2;37500;3;0;1500;0;10.49
2;37500;3;0;2500;0;9.45
2;37500;3;0;3500;0;9.11
2;37500;3;1;50;0;10.54
2;37500;3;1;250;0;10.63
2;37500;3;1;750;0;10.49
2;37500;3;1;1500;0;9.95
2;37500;3;1;2500;0;9.6
2;37500;3;1;3500;0;9.15
2;37500;6;0;50;0;10.62
2;37500;6;0;250;0;10.2
2;37500;6;0;750;0;10.28
2;37500;6;0;1500;0;9.75
2;37500;6;0;2500;0;9.01
2;37500;6;0;3500;0;9.54
2;37500;6;1;50;0;10.46
2;37500;6;1;250;0;9.75
2;37500;6;1;750;0;9.56
2;37500;6;1;1500;0;9.77
2;37500;6;1;2500;0;9.22
2;37500;6;1;3500;0;8.98
2;37500;10;0;50;0;10.18
2;37500;10;0;250;0;9.95
2;37500;10;0;750;0;10.13
2;37500;10;0;1500;0;9.81
2;37500;10;0;2500;0;9.58
2;37500;10;0;3500;0;9.42
2;37500;10;1;50;0;10.07
2;37500;10;1;250;0;10.22
2;37500;10;1;750;0;10.06
2;37500;10;1;1500;0;9.41
2;37500;10;1;2500;0;8.97
2;37500;10;1;3500;0;9.05
2;37500;14;0;50;0;10.1
2;37500;14;0;250;0;10.27
2;37500;14;0;750;0;9.85
2;37500;14;0;1500;0;9.85
2;37500;14;0;2500;0;8.91
2;37500;14;0;3500;0;9.59
2;37500;14;1;50;0;9.6
2;37500;14;1;250;0;9.84
2;37500;14;1;750;0;10.08
2;37500;14;1;1500;0;9.46
2;37500;14;1;2500;0;8.72
2;37500;14;1;3500;0;9.11
2;37500;20;0;50;0;10.25
2;37500;20;0;250;0;10.08
2;37500;20;0;750;0;9.9
2;37500;20;0;1500;0;9.83
2;37500;20;0;2500;0;9.37
2;37500;20;0;3500;0;9.32
2;37500;20;1;50;0;10.05
2;37500;20;1;250;0;10.03
2;37500;20;1;750;0;9.74
2;37500;20;1;1500;0;9.53
2;37500;20;1;2500;0;9.12
2;37500;20;1;3500;0;8.86
2;62500;3;0;50;0;2.85
2;62500;3;0;250;0;6.65
2;62500;3;0;750;0;5.69
2;62500;3;0;1500;0;5.3
2;62500;3;0;2500;0;5.48
2;62500;3;0;3500;0;5.95
2;62500;3;1;50;0;6.22
2;62500;3;1;250;0;6.28
2;62500;3;1;750;0;5.94
2;62500;3;1;1500;0;5.74
2;62500;3;1;2500;0;5.73
2;62500;3;1;3500;0;5.58
2;62500;6;0;50;0;6.07
2;62500;6;0;250;0;6.11
2;62500;6;0;750;0;5.85
2;62500;6;0;1500;0;5.95
2;62500;6;0;2500;0;5.66
2;62500;6;0;3500;0;5.74
2;62500;6;1;50;0;6.08
2;62500;6;1;250;0;5.25
2;62500;6;1;750;0;6.35
2;62500;6;1;1500;0;5.93
2;62500;6;1;2500;0;5.36
2;62500;6;1;3500;0;4.86
2;62500;10;0;50;0;5.68
2;62500;10;0;250;0;6.02
2;62500;10;0;750;0;6.18
2;62500;10;0;1500;0;5.76
2;62500;10;0;2500;0;5.57
2;62500;10;0;3500;0;5.97
2;62500;10;1;50;0;5.86
2;62500;10;1;250;0;5.73
2;62500;10;1;750;0;5.85
2;62500;10;1;1500;0;5.71
2;62500;10;1;2500;0;5.64
2;62500;10;1;3500;0;5.49
2;62500;14;0;50;0;5.72
2;62500;14;0;250;0;6.43
2;62500;14;0;750;0;5.96
2;62500;14;0;1500;0;6.52
2;62500;14;0;2500;0;5.73
2;62500;14;0;3500;0;5.79
2;62500;14;1;50;0;5.86
2;62500;14;1;250;0;6.3
2;62500;14;1;750;0;6.07
2;62500;14;1;1500;0;5.93
2;62500;14;1;2500;0;5.9
2;62500;14;1;3500;0;5.82
2;62500;20;0;50;0;5.69
2;62500;20;0;250;0;6.21
2;62500;20;0;750;0;6.37
2;62500;20;0;1500;0;5.87
2;62500;20;0;2500;0;5.31
2;62500;20;0;3500;0;5.84
2;62500;20;1;50;0;5.86
2;62500;20;1;250;0;5.85
2;62500;20;1;750;0;6.23
2;62500;20;1;1500;0;6.23
2;62500;20;1;2500;0;5.56
2;62500;20;1;3500;0;5.58
2;87500;3;0;50;0;2.64
2;87500;3;0;250;0;5.51
2;87500;3;0;750;0;5.15
2;87500;3;0;1500;0;5.07
2;87500;3;0;2500;0;4.6
2;87500;3;0;3500;0;4.54
2;87500;3;1;50;0;4.75
2;87500;3;1;250;0;4.75
2;87500;3;1;750;0;4.64
2;87500;3;1;1500;0;4.37
2;87500;3;1;2500;0;4.42
2;87500;3;1;3500;0;4.45
2;87500;6;0;50;0;4.78
2;87500;6;0;250;0;4.55
2;87500;6;0;750;0;4.66
2;87500;6;0;1500;0;4.65
2;87500;6;0;2500;0;4.5
2;87500;6;0;3500;0;4.51
2;87500;6;1;50;0;4.82
2;87500;6;1;250;0;4.78
2;87500;6;1;750;0;4.65
2;87500;6;1;1500;0;4.64
2;87500;6;1;2500;0;4.48
2;87500;6;1;3500;0;4.37
2;87500;10;0;50;0;4.7
2;87500;10;0;250;0;4.76
2;87500;10;0;750;0;4.67
2;87500;10;0;1500;0;4.49
2;87500;10;0;2500;0;4.43
2;87500;10;0;3500;0;4.43
2;87500;10;1;50;0;4.81
2;87500;10;1;250;0;4.63
2;87500;10;1;750;0;4.75
2;87500;10;1;1500;0;4.47
2;87500;10;1;2500;0;4.07
2;87500;10;1;3500;0;4.3
2;87500;14;0;50;0;4.74
2;87500;14;0;250;0;4.8
2;87500;14;0;750;0;4.75
2;87500;14;0;1500;0;4.51
2;87500;14;0;2500;0;4.39
2;87500;14;0;3500;0;4.37
2;87500;14;1;50;0;4.59
2;87500;14;1;250;0;4.81
2;87500;14;1;750;0;4.57
2;87500;14;1;1500;0;4.4
2;87500;14;1;2500;0;4.28
2;87500;14;1;3500;0;4.22
2;87500;20;0;50;0;4.79
2;87500;20;0;250;0;4.81
2;87500;20;0;750;0;4.55
2;87500;20;0;1500;0;4.42
2;87500;20;0;2500;0;4.58
2;87500;20;0;3500;0;4.52
2;87500;20;1;50;0;4.62
2;87500;20;1;250;0;4.99
2;87500;20;1;750;0;4.6
2;87500;20;1;1500;0;4.35
2;87500;20;1;2500;0;4.49
2;87500;20;1;3500;0;4.37
2;137500;3;0;50;0;3.25
2;137500;3;0;250;0;4.05
2;137500;3;0;750;0;4.15
2;137500;3;0;1500;0;4.2
2;137500;3;0;2500;0;4.15
2;137500;3;0;3500;0;3.95
2;137500;3;1;50;0;4.17
2;137500;3;1;250;0;4.13
2;137500;3;1;750;0;4.33
2;137500;3;1;1500;0;4.04
2;137500;3;1;2500;0;3.95
2;137500;3;1;3500;0;3.85
2;137500;6;0;50;0;3.96
2;137500;6;0;250;0;4.16
2;137500;6;0;750;0;4.11
2;137500;6;0;1500;0;3.38
2;137500;6;0;2500;0;3.57
2;137500;6;0;3500;0;4.11
2;137500;6;1;50;0;4.35
2;137500;6;1;250;0;4.21
2;137500;6;1;750;0;3.75
2;137500;6;1;1500;0;3.92
2;137500;6;1;2500;0;3.72
2;137500;6;1;3500;0;4.02
2;137500;10;0;50;0;3.89
2;137500;10;0;250;0;4.13
2;137500;10;0;750;0;4.31
2;137500;10;0;1500;0;4.16
2;137500;10;0;2500;0;4.03
2;137500;10;0;3500;0;3.66
2;137500;10;1;50;0;4.34
2;137500;10;1;250;0;4.17
2;137500;10;1;750;0;3.93
2;137500;10;1;1500;0;4.11
2;137500;10;1;2500;0;3.87
2;137500;10;1;3500;0;3.92
2;137500;14;0;50;0;3.99
2;137500;14;0;250;0;4.37
2;137500;14;0;750;0;4.06
2;137500;14;0;1500;0;4.05
2;137500;14;0;2500;0;4.04
2;137500;14;0;3500;0;4.05
2;137500;14;1;50;0;4.19
2;137500;14;1;250;0;4.06
2;137500;14;1;750;0;4.1
2;137500;14;1;1500;0;3.99
2;137500;14;1;2500;0;3.94
2;137500;14;1;3500;0;3.61
2;137500;20;0;50;0;3.97
2;137500;20;0;250;0;4.17
2;137500;20;0;750;0;4.21
2;137500;20;0;1500;0;3.8
2;137500;20;0;2500;0;3.89
2;137500;20;0;3500;0;3.82
2;137500;20;1;50;0;4.23
2;137500;20;1;250;0;3.83
2;137500;20;1;750;0;4.02
2;137500;20;1;1500;0;4.06
2;137500;20;1;2500;0;3.87
2;137500;20;1;3500;0;3.85
2;212500;3;0;50;0;4.09
2;212500;3;0;250;0;4.33
2;212500;3;0;750;0;4.02
2;212500;3;0;1500;0;3.84
2;212500;3;0;2500;0;4.0
2;212500;3;0;3500;0;3.91
2;212500;3;1;50;0;4.11
2;212500;3;1;250;0;4.17
2;212500;3;1;750;0;3.95
2;212500;3;1;1500;0;4.1
2;212500;3;1;2500;0;3.86
2;212500;3;1;3500;0;3.89
2;212500;6;0;50;0;3.76
2;212500;6;0;250;0;3.88
2;212500;6;0;750;0;3.75
2;212500;6;0;1500;0;4.04
2;212500;6;0;2500;0;4.08
2;212500;6;0;3500;0;3.66
2;212500;6;1;50;0;4.16
2;212500;6;1;250;0;4.17
2;212500;6;1;750;0;4.13
2;212500;6;1;1500;0;2.75
2;212500;6;1;2500;0;5.03
2;212500;6;1;3500;0;4.0
2;212500;10;0;50;0;3.94
2;212500;10;0;250;0;3.95
2;212500;10;0;750;0;3.97
2;212500;10;0;1500;0;3.72
2;212500;10;0;2500;0;4.27
2;212500;10;0;3500;0;3.98
2;212500;10;1;50;0;4.14
2;212500;10;1;250;0;3.94
2;212500;10;1;750;0;3.78
2;212500;10;1;1500;0;3.73
2;212500;10;1;2500;0;3.98
2;212500;10;1;3500;0;3.59
2;212500;14;0;50;0;4.06
2;212500;14;0;250;0;4.06
2;212500;14;0;750;0;3.64
2;212500;14;0;1500;0;3.99
2;212500;14;0;2500;0;3.9
2;212500;14;0;3500;0;3.9
2;212500;14;1;50;0;4.04
2;212500;14;1;250;0;3.84
2;212500;14;1;750;0;4.04
2;212500;14;1;1500;0;3.81
2;212500;14;1;2500;0;3.83
2;212500;14;1;3500;0;3.62
2;212500;20;0;50;0;3.95
2;212500;20;0;250;0;4.16
2;212500;20;0;750;0;3.73
2;212500;20;0;1500;0;4.15
2;212500;20;0;2500;0;3.83
2;212500;20;0;3500;0;3.92
2;212500;20;1;50;0;3.94
2;212500;20;1;250;0;4.01
2;212500;20;1;750;0;3.85
2;212500;20;1;1500;0;3.76
2;212500;20;1;2500;0;3.7
2;212500;20;1;3500;0;3.68
2;300000;3;0;50;0;3.94
2;300000;3;0;250;0;3.93
2;300000;3;0;750;0;3.82
2;300000;3;0;1500;0;3.95
2;300000;3;0;2500;0;3.86
2;300000;3;0;3500;0;3.81
2;300000;3;1;50;0;4.02
2;300000;3;1;250;0;3.69
2;300000;3;1;750;0;3.91
2;300000;3;1;1500;0;3.73
2;300000;3;1;2500;0;3.88
2;300000;3;1;3500;0;3.98
2;300000;6;0;50;0;4.16
2;300000;6;0;250;0;4.18
2;300000;6;0;750;0;3.61
2;300000;6;0;1500;0;3.9
2;300000;6;0;2500;0;3.92
2;300000;6;0;3500;0;4.03
2;300000;6;1;50;0;4.21
2;300000;6;1;250;0;4.16
2;300000;6;1;750;0;4.0
2;300000;6;1;1500;0;4.04
2;300000;6;1;2500;0;4.02
2;300000;6;1;3500;0;4.14
2;300000;10;0;50;0;4.26
2;300000;10;0;250;0;3.97
2;300000;10;0;750;0;4.54
2;300000;10;0;1500;0;3.87
2;300000;10;0;2500;0;3.79
2;300000;10;0;3500;0;3.98
2;300000;10;1;50;0;3.99
2;300000;10;1;250;0;4.23
2;300000;10;1;750;0;4.08
2;300000;10;1;1500;0;4.08
2;300000;10;1;2500;0;3.87
2;300000;10;1;3500;0;3.9
2;300000;14;0;50;0;3.79
2;300000;14;0;250;0;4.33
2;300000;14;0;750;0;4.16
2;300000;14;0;1500;0;3.92
2;300000;14;0;2500;0;3.97
2;300000;14;0;3500;0;3.96
2;300000;14;1;50;0;3.97
2;300000;14;1;250;0;4.1
2;300000;14;1;750;0;3.92
2;300000;14;1;1500;0;3.67
2;300000;14;1;2500;0;3.96
2;300000;14;1;3500;0;3.85
2;300000;20;0;50;0;4.13
2;300000;20;0;250;0;4.02
2;300000;20;0;750;0;3.81
2;300000;20;0;1500;0;4.27
2;300000;20;0;2500;0;3.9
2;300000;20;0;3500;0;3.9
2;300000;20;1;50;0;3.95
2;300000;20;1;250;0;4.34
2;300000;20;1;750;0;3.97
2;300000;20;1;1500;0;4.0
2;300000;20;1;2500;0;3.52
2;300000;20;1;3500;0;3.78
2;50;3;0;50;1;0.78
2;50;3;0;250;1;126.56
2;50;3;0;750;1;91.36
2;50;3;0;1500;1;65.65
2;50;3;0;2500;1;48.51
2;50;3;0;3500;1;42.18
2;50;3;1;50;1;118.1
2;50;3;1;250;1;116.2
2;50;3;1;750;1;91.11
2;50;3;1;1500;1;65.62
2;50;3;1;2500;1;45.05
2;50;3;1;3500;1;38.68
2;50;6;0;50;1;117.2
2;50;6;0;250;1;110.12
2;50;6;0;750;1;85.77
2;50;6;0;1500;1;65.56
2;50;6;0;2500;1;45.53
2;50;6;0;3500;1;39.39
2;50;6;1;50;1;130.99
2;50;6;1;250;1;122.02
2;50;6;1;750;1;89.39
2;50;6;1;1500;1;62.19
2;50;6;1;2500;1;43.93
2;50;6;1;3500;1;38.31
2;50;10;0;50;1;132.04
2;50;10;0;250;1;124.47
2;50;10;0;750;1;89.86
2;50;10;0;1500;1;63.1
2;50;10;0;2500;1;44.38
2;50;10;0;3500;1;38.7
2;50;10;1;50;1;125.0
2;50;10;1;250;1;118.06
2;50;10;1;750;1;89.22
2;50;10;1;1500;1;62.73
2;50;10;1;2500;1;44.31
2;50;10;1;3500;1;38.42
2;50;14;0;50;1;131.46
2;50;14;0;250;1;124.5
2;50;14;0;750;1;89.93
2;50;14;0;1500;1;63.57
2;50;14;0;2500;1;44.19
2;50;14;0;3500;1;39.21
2;50;14;1;50;1;129.84
2;50;14;1;250;1;119.96
2;50;14;1;750;1;89.58
2;50;14;1;1500;1;62.91
2;50;14;1;2500;1;44.76
2;50;14;1;3500;1;38.25
2;50;20;0;50;1;135.4
2;50;20;0;250;1;126.57
2;50;20;0;750;1;92.44
2;50;20;0;1500;1;58.27
2;50;20;0;2500;1;41.99
2;50;20;0;3500;1;38.04
2;50;20;1;50;1;132.89
2;50;20;1;250;1;131.28
2;50;20;1;750;1;96.37
2;50;20;1;1500;1;57.99
2;50;20;1;2500;1;44.24
2;50;20;1;3500;1;39.78
2;300;3;0;50;1;104.47
2;300;3;0;250;1;128.79
2;300;3;0;750;1;89.64
2;300;3;0;1500;1;62.66
2;300;3;0;2500;1;42.2
2;300;3;0;3500;1;36.62
2;300;3;1;50;1;117.23
2;300;3;1;250;1;117.38
2;300;3;1;750;1;92.64
2;300;3;1;1500;1;64.27
2;300;3;1;2500;1;45.24
2;300;3;1;3500;1;39.01
2;300;6;0;50;1;129.97
2;300;6;0;250;1;124.93
2;300;6;0;750;1;92.22
2;300;6;0;1500;1;63.57
2;300;6;0;2500;1;44.17
2;300;6;0;3500;1;38.96
2;300;6;1;50;1;123.3
2;300;6;1;250;1;117.83
2;300;6;1;750;1;88.54
2;300;6;1;1500;1;62.64
2;300;6;1;2500;1;43.99
2;300;6;1;3500;1;38.26
2;300;10;0;50;1;128.85
2;300;10;0;250;1;121.87
2;300;10;0;750;1;88.91
2;300;10;0;1500;1;63.75
2;300;10;0;2500;1;43.99
2;300;10;0;3500;1;38.67
2;300;10;1;50;1;124.04
2;300;10;1;250;1;117.94
2;300;10;1;750;1;88.56
2;300;10;1;1500;1;62.46
2;300;10;1;2500;1;44.09
2;300;10;1;3500;1;38.29
2;300;14;0;50;1;130.84
2;300;14;0;250;1;121.46
2;300;14;0;750;1;90.51
2;300;14;0;1500;1;63.2
2;300;14;0;2500;1;43.66
2;300;14;0;3500;1;38.66
2;300;14;1;50;1;123.71
2;300;14;1;250;1;116.54
2;300;14;1;750;1;86.65
2;300;14;1;1500;1;62.97
2;300;14;1;2500;1;44.38
2;300;14;1;3500;1;38.91
2;300;20;0;50;1;130.78
2;300;20;0;250;1;124.37
2;300;20;0;750;1;91.58
2;300;20;0;1500;1;63.75
2;300;20;0;2500;1;44.06
2;300;20;0;3500;1;38.72
2;300;20;1;50;1;122.38
2;300;20;1;250;1;118.27
2;300;20;1;750;1;88.62
2;300;20;1;1500;1;62.58
2;300;20;1;2500;1;44.18
2;300;20;1;3500;1;38.53
2;750;3;0;50;1;86.61
2;750;3;0;250;1;116.69
2;750;3;0;750;1;88.42
2;750;3;0;1500;1;63.24
2;750;3;0;2500;1;43.74
2;750;3;0;3500;1;38.19
2;750;3;1;50;1;115.52
2;750;3;1;250;1;109.86
2;750;3;1;750;1;84.86
2;750;3;1;1500;1;61.63
2;750;3;1;2500;1;42.97
2;750;3;1;3500;1;38.0
2;750;6;0;50;1;116.8
2;750;6;0;250;1;110.07
2;750;6;0;750;1;86.26
2;750;6;0;1500;1;61.95
2;750;6;0;2500;1;43.92
2;750;6;0;3500;1;33.31
2;750;6;1;50;1;99.27
2;750;6;1;250;1;104.72
2;750;6;1;750;1;84.7
2;750;6;1;1500;1;63.6
2;750;6;1;2500;1;45.17
2;750;6;1;3500;1;38.6
2;750;10;0;50;1;123.05
2;750;10;0;250;1;112.83
2;750;10;0;750;1;84.38
2;750;10;0;1500;1;61.91
2;750;10;0;2500;1;43.29
2;750;10;0;3500;1;37.77
2;750;10;1;50;1;113.16
2;750;10;1;250;1;104.97
2;750;10;1;750;1;79.28
2;750;10;1;1500;1;59.48
2;750;10;1;2500;1;43.21
2;750;10;1;3500;1;37.43
2;750;14;0;50;1;117.12
2;750;14;0;250;1;112.35
2;750;14;0;750;1;84.65
2;750;14;0;1500;1;51.2
2;750;14;0;2500;1;43.1
2;750;14;0;3500;1;38.53
2;750;14;1;50;1;109.31
2;750;14;1;250;1;110.96
2;750;14;1;750;1;84.33
2;750;14;1;1500;1;61.6
2;750;14;1;2500;1;43.4
2;750;14;1;3500;1;37.77
2;750;20;0;50;1;119.5
2;750;20;0;250;1;116.4
2;750;20;0;750;1;86.14
2;750;20;0;1500;1;63.73
2;750;20;0;2500;1;44.81
2;750;20;0;3500;1;39.8
2;750;20;1;50;1;111.43
2;750;20;1;250;1;111.71
2;750;20;1;750;1;84.54
2;750;20;1;1500;1;62.64
2;750;20;1;2500;1;45.65
2;750;20;1;3500;1;38.55
2;3000;3;0;50;1;50.67
2;3000;3;0;250;1;84.02
2;3000;3;0;750;1;75.98
2;3000;3;0;1500;1;55.39
2;3000;3;0;2500;1;35.35
2;3000;3;0;3500;1;32.28
2;3000;3;1;50;1;78.83
2;3000;3;1;250;1;85.08
2;3000;3;1;750;1;75.58
2;3000;3;1;1500;1;54.86
2;3000;3;1;2500;1;41.29
2;3000;3;1;3500;1;36.28
2;3000;6;0;50;1;83.04
2;3000;6;0;250;1;82.95
2;3000;6;0;750;1;71.74
2;3000;6;0;1500;1;51.96
2;3000;6;0;2500;1;38.88
2;3000;6;0;3500;1;35.56
2;3000;6;1;50;1;81.76
2;3000;6;1;250;1;79.52
2;3000;6;1;750;1;69.91
2;3000;6;1;1500;1;51.25
2;3000;6;1;2500;1;38.24
2;3000;6;1;3500;1;34.92
2;3000;10;0;50;1;77.64
2;3000;10;0;250;1;81.57
2;3000;10;0;750;1;70.69
2;3000;10;0;1500;1;52.21
2;3000;10;0;2500;1;38.97
2;3000;10;0;3500;1;35.63
2;3000;10;1;50;1;82.05
2;3000;10;1;250;1;79.3
2;3000;10;1;750;1;69.87
2;3000;10;1;1500;1;51.28
2;3000;10;1;2500;1;38.03
2;3000;10;1;3500;1;35.57
2;3000;14;0;50;1;82.49
2;3000;14;0;250;1;82.63
2;3000;14;0;750;1;71.53
2;3000;14;0;1500;1;52.48
2;3000;14;0;2500;1;39.05
2;3000;14;0;3500;1;35.75
2;3000;14;1;50;1;77.38
2;3000;14;1;250;1;75.76
2;3000;14;1;750;1;68.5
2;3000;14;1;1500;1;51.06
2;3000;14;1;2500;1;38.58
2;3000;14;1;3500;1;35.43
2;3000;20;0;50;1;82.74
2;3000;20;0;250;1;83.54
2;3000;20;0;750;1;72.16
2;3000;20;0;1500;1;52.18
2;3000;20;0;2500;1;36.01
2;3000;20;0;3500;1;31.23
2;3000;20;1;50;1;76.36
2;3000;20;1;250;1;81.36
2;3000;20;1;750;1;71.64
2;3000;20;1;1500;1;53.01
2;3000;20;1;2500;1;38.99
2;3000;20;1;3500;1;35.33
2;7500;3;0;50;1;26.62
2;7500;3;0;250;1;52.67
2;7500;3;0;750;1;48.46
2;7500;3;0;1500;1;42.15
2;7500;3;0;2500;1;34.39
2;7500;3;0;3500;1;30.41
2;7500;3;1;50;1;49.84
2;7500;3;1;250;1;49.77
2;7500;3;1;750;1;44.94
2;7500;3;1;1500;1;38.44
2;7500;3;1;2500;1;31.33
2;7500;3;1;3500;1;29.65
2;7500;6;0;50;1;50.25
2;7500;6;0;250;1;49.02
2;7500;6;0;750;1;44.56
2;7500;6;0;1500;1;38.19
2;7500;6;0;2500;1;31.64
2;7500;6;0;3500;1;29.61
2;7500;6;1;50;1;49.76
2;7500;6;1;250;1;49.55
2;7500;6;1;750;1;45.17
2;7500;6;1;1500;1;39.21
2;7500;6;1;2500;1;31.71
2;7500;6;1;3500;1;29.29
2;7500;10;0;50;1;49.54
2;7500;10;0;250;1;49.06
2;7500;10;0;750;1;44.63
2;7500;10;0;1500;1;39.63
2;7500;10;0;2500;1;32.6
2;7500;10;0;3500;1;29.96
2;7500;10;1;50;1;49.35
2;7500;10;1;250;1;48.83
2;7500;10;1;750;1;44.62
2;7500;10;1;1500;1;39.3
2;7500;10;1;2500;1;31.97
2;7500;10;1;3500;1;29.24
2;7500;14;0;50;1;50.21
2;7500;14;0;250;1;50.84
2;7500;14;0;750;1;45.6
2;7500;14;0;1500;1;38.96
2;7500;14;0;2500;1;32.99
2;7500;14;0;3500;1;29.69
2;7500;14;1;50;1;48.69
2;7500;14;1;250;1;49.01
2;7500;14;1;750;1;44.65
2;7500;14;1;1500;1;41.13
2;7500;14;1;2500;1;32.98
2;7500;14;1;3500;1;29.5
2;7500;20;0;50;1;48.76
2;7500;20;0;250;1;49.4
2;7500;20;0;750;1;45.5
2;7500;20;0;1500;1;40.99
2;7500;20;0;2500;1;32.99
2;7500;20;0;3500;1;29.77
2;7500;20;1;50;1;46.02
2;7500;20;1;250;1;46.47
2;7500;20;1;750;1;43.81
2;7500;20;1;1500;1;37.82
2;7500;20;1;2500;1;31.85
2;7500;20;1;3500;1;28.48
2;17500;3;0;50;1;10.68
2;17500;3;0;250;1;27.7
2;17500;3;0;750;1;24.08
2;17500;3;0;1500;1;23.65
2;17500;3;0;2500;1;21.78
2;17500;3;0;3500;1;21.34
2;17500;3;1;50;1;25.22
2;17500;3;1;250;1;25.56
2;17500;3;1;750;1;24.75
2;17500;3;1;1500;1;23.04
2;17500;3;1;2500;1;21.21
2;17500;3;1;3500;1;19.5
2;17500;6;0;50;1;26.03
2;17500;6;0;250;1;25.82
2;17500;6;0;750;1;24.94
2;17500;6;0;1500;1;23.32
2;17500;6;0;2500;1;21.64
2;17500;6;0;3500;1;20.83
2;17500;6;1;50;1;25.58
2;17500;6;1;250;1;25.29
2;17500;6;1;750;1;24.43
2;17500;6;1;1500;1;22.5
2;17500;6;1;2500;1;19.44
2;17500;6;1;3500;1;18.93
2;17500;10;0;50;1;25.82
2;17500;10;0;250;1;25.53
2;17500;10;0;750;1;25.02
2;17500;10;0;1500;1;23.44
2;17500;10;0;2500;1;21.35
2;17500;10;0;3500;1;19.12
2;17500;10;1;50;1;25.17
2;17500;10;1;250;1;25.25
2;17500;10;1;750;1;23.56
2;17500;10;1;1500;1;22.99
2;17500;10;1;2500;1;20.9
2;17500;10;1;3500;1;19.48
2;17500;14;0;50;1;25.01
2;17500;14;0;250;1;25.35
2;17500;14;0;750;1;25.07
2;17500;14;0;1500;1;23.02
2;17500;14;0;2500;1;21.37
2;17500;14;0;3500;1;19.6
2;17500;14;1;50;1;25.11
2;17500;14;1;250;1;25.3
2;17500;14;1;750;1;24.32
2;17500;14;1;1500;1;22.91
2;17500;14;1;2500;1;21.07
2;17500;14;1;3500;1;19.18
2;17500;20;0;50;1;25.57
2;17500;20;0;250;1;23.79
2;17500;20;0;750;1;21.66
2;17500;20;0;1500;1;22.04
2;17500;20;0;2500;1;21.34
2;17500;20;0;3500;1;21.52
2;17500;20;1;50;1;25.15
2;17500;20;1;250;1;25.32
2;17500;20;1;750;1;24.65
2;17500;20;1;1500;1;22.98
2;17500;20;1;2500;1;21.42
2;17500;20;1;3500;1;19.16
2;37500;3;0;50;1;4.26
2;37500;3;0;250;1;13.3
2;37500;3;0;750;1;12.3
2;37500;3;0;1500;1;11.86
2;37500;3;0;2500;1;11.35
2;37500;3;0;3500;1;11.85
2;37500;3;1;50;1;14.74
2;37500;3;1;250;1;13.23
2;37500;3;1;750;1;13.17
2;37500;3;1;1500;1;12.41
2;37500;3;1;2500;1;11.96
2;37500;3;1;3500;1;11.19
2;37500;6;0;50;1;12.39
2;37500;6;0;250;1;13.11
2;37500;6;0;750;1;12.76
2;37500;6;0;1500;1;11.85
2;37500;6;0;2500;1;11.11
2;37500;6;0;3500;1;11.14
2;37500;6;1;50;1;12.71
2;37500;6;1;250;1;12.82
2;37500;6;1;750;1;12.77
2;37500;6;1;1500;1;11.97
2;37500;6;1;2500;1;11.49
2;37500;6;1;3500;1;11.55
2;37500;10;0;50;1;12.97
2;37500;10;0;250;1;12.96
2;37500;10;0;750;1;12.69
2;37500;10;0;1500;1;12.25
2;37500;10;0;2500;1;11.54
2;37500;10;0;3500;1;11.39
2;37500;10;1;50;1;11.84
2;37500;10;1;250;1;12.75
2;37500;10;1;750;1;12.61
2;37500;10;1;1500;1;11.88
2;37500;10;1;2500;1;11.54
2;37500;10;1;3500;1;11.19
2;37500;14;0;50;1;12.75
2;37500;14;0;250;1;12.95
2;37500;14;0;750;1;12.37
2;37500;14;0;1500;1;12.33
2;37500;14;0;2500;1;11.88
2;37500;14;0;3500;1;10.19
2;37500;14;1;50;1;13.12
2;37500;14;1;250;1;12.99
2;37500;14;1;750;1;12.52
2;37500;14;1;1500;1;11.61
2;37500;14;1;2500;1;11.38
2;37500;14;1;3500;1;11.09
2;37500;20;0;50;1;12.93
2;37500;20;0;250;1;13.23
2;37500;20;0;750;1;12.01
2;37500;20;0;1500;1;11.9
2;37500;20;0;2500;1;11.43
2;37500;20;0;3500;1;11.41
2;37500;20;1;50;1;13.17
2;37500;20;1;250;1;13.27
2;37500;20;1;750;1;13.09
2;37500;20;1;1500;1;12.12
2;37500;20;1;2500;1;12.06
2;37500;20;1;3500;1;11.22
2;62500;3;0;50;1;3.01
2;62500;3;0;250;1;9.89
2;62500;3;0;750;1;9.12
2;62500;3;0;1500;1;9.36
2;62500;3;0;2500;1;8.3
2;62500;3;0;3500;1;8.39
2;62500;3;1;50;1;8.09
2;62500;3;1;250;1;8.55
2;62500;3;1;750;1;8.71
2;62500;3;1;1500;1;8.77
2;62500;3;1;2500;1;8.32
2;62500;3;1;3500;1;8.19
2;62500;6;0;50;1;8.92
2;62500;6;0;250;1;9.05
2;62500;6;0;750;1;9.0
2;62500;6;0;1500;1;8.54
2;62500;6;0;2500;1;8.21
2;62500;6;0;3500;1;7.84
2;62500;6;1;50;1;8.01
2;62500;6;1;250;1;8.79
2;62500;6;1;750;1;9.13
2;62500;6;1;1500;1;8.42
2;62500;6;1;2500;1;8.05
2;62500;6;1;3500;1;7.75
2;62500;10;0;50;1;8.88
2;62500;10;0;250;1;8.76
2;62500;10;0;750;1;8.45
2;62500;10;0;1500;1;6.53
2;62500;10;0;2500;1;6.46
2;62500;10;0;3500;1;7.79
2;62500;10;1;50;1;8.59
2;62500;10;1;250;1;9.09
2;62500;10;1;750;1;8.3
2;62500;10;1;1500;1;8.47
2;62500;10;1;2500;1;8.31
2;62500;10;1;3500;1;8.22
2;62500;14;0;50;1;8.32
2;62500;14;0;250;1;9.03
2;62500;14;0;750;1;8.68
2;62500;14;0;1500;1;8.47
2;62500;14;0;2500;1;7.94
2;62500;14;0;3500;1;6.53
2;62500;14;1;50;1;8.76
2;62500;14;1;250;1;8.14
2;62500;14;1;750;1;7.9
2;62500;14;1;1500;1;8.4
2;62500;14;1;2500;1;8.24
2;62500;14;1;3500;1;8.07
2;62500;20;0;50;1;8.48
2;62500;20;0;250;1;8.05
2;62500;20;0;750;1;8.92
2;62500;20;0;1500;1;7.66
2;62500;20;0;2500;1;8.06
2;62500;20;0;3500;1;8.28
2;62500;20;1;50;1;8.73
2;62500;20;1;250;1;7.85
2;62500;20;1;750;1;8.65
2;62500;20;1;1500;1;8.65
2;62500;20;1;2500;1;8.29
2;62500;20;1;3500;1;7.66
2;87500;3;0;50;1;2.71
2;87500;3;0;250;1;7.55
2;87500;3;0;750;1;6.26
2;87500;3;0;1500;1;5.56
2;87500;3;0;2500;1;5.67
2;87500;3;0;3500;1;5.7
2;87500;3;1;50;1;5.84
2;87500;3;1;250;1;6.2
2;87500;3;1;750;1;6.11
2;87500;3;1;1500;1;5.37
2;87500;3;1;2500;1;5.75
2;87500;3;1;3500;1;5.55
2;87500;6;0;50;1;6.09
2;87500;6;0;250;1;6.21
2;87500;6;0;750;1;6.0
2;87500;6;0;1500;1;5.45
2;87500;6;0;2500;1;5.62
2;87500;6;0;3500;1;5.81
2;87500;6;1;50;1;5.88
2;87500;6;1;250;1;6.19
2;87500;6;1;750;1;5.7
2;87500;6;1;1500;1;5.58
2;87500;6;1;2500;1;5.47
2;87500;6;1;3500;1;5.57
2;87500;10;0;50;1;5.94
2;87500;10;0;250;1;6.18
2;87500;10;0;750;1;5.83
2;87500;10;0;1500;1;5.44
2;87500;10;0;2500;1;5.7
2;87500;10;0;3500;1;5.57
2;87500;10;1;50;1;6.13
2;87500;10;1;250;1;5.54
2;87500;10;1;750;1;4.92
2;87500;10;1;1500;1;5.05
2;87500;10;1;2500;1;5.26
2;87500;10;1;3500;1;5.17
2;87500;14;0;50;1;6.04
2;87500;14;0;250;1;5.73
2;87500;14;0;750;1;5.11
2;87500;14;0;1500;1;5.29
2;87500;14;0;2500;1;5.74
2;87500;14;0;3500;1;5.85
2;87500;14;1;50;1;6.05
2;87500;14;1;250;1;6.11
2;87500;14;1;750;1;5.81
2;87500;14;1;1500;1;5.56
2;87500;14;1;2500;1;4.72
2;87500;14;1;3500;1;4.97
2;87500;20;0;50;1;5.64
2;87500;20;0;250;1;6.04
2;87500;20;0;750;1;6.23
2;87500;20;0;1500;1;5.84
2;87500;20;0;2500;1;5.96
2;87500;20;0;3500;1;5.29
2;87500;20;1;50;1;4.94
2;87500;20;1;250;1;6.44
2;87500;20;1;750;1;6.12
2;87500;20;1;1500;1;5.81
2;87500;20;1;2500;1;5.55
2;87500;20;1;3500;1;5.73
2;137500;3;0;50;1;3.48
2;137500;3;0;250;1;5.57
2;137500;3;0;750;1;4.88
2;137500;3;0;1500;1;4.96
2;137500;3;0;2500;1;4.87
2;137500;3;0;3500;1;4.76
2;137500;3;1;50;1;4.73
2;137500;3;1;250;1;5.18
2;137500;3;1;750;1;5.3
2;137500;3;1;1500;1;5.07
2;137500;3;1;2500;1;4.68
2;137500;3;1;3500;1;4.97
2;137500;6;0;50;1;5.18
2;137500;6;0;250;1;5.46
2;137500;6;0;750;1;5.09
2;137500;6;0;1500;1;5.05
2;137500;6;0;2500;1;4.8
2;137500;6;0;3500;1;5.33
2;137500;6;1;50;1;5.61
2;137500;6;1;250;1;5.28
2;137500;6;1;750;1;5.04
2;137500;6;1;1500;1;5.06
2;137500;6;1;2500;1;4.71
2;137500;6;1;3500;1;4.93
2;137500;10;0;50;1;5.27
2;137500;10;0;250;1;5.35
2;137500;10;0;750;1;5.07
2;137500;10;0;1500;1;5.27
2;137500;10;0;2500;1;5.11
2;137500;10;0;3500;1;5.18
2;137500;10;1;50;1;5.25
2;137500;10;1;250;1;5.32
2;137500;10;1;750;1;5.08
2;137500;10;1;1500;1;4.81
2;137500;10;1;2500;1;4.87
2;137500;10;1;3500;1;4.89
2;137500;14;0;50;1;5.19
2;137500;14;0;250;1;5.48
2;137500;14;0;750;1;5.21
2;137500;14;0;1500;1;4.98
2;137500;14;0;2500;1;4.97
2;137500;14;0;3500;1;4.82
2;137500;14;1;50;1;5.26
2;137500;14;1;250;1;4.97
2;137500;14;1;750;1;5.37
2;137500;14;1;1500;1;4.66
2;137500;14;1;2500;1;5.4
2;137500;14;1;3500;1;4.9
2;137500;20;0;50;1;5.36
2;137500;20;0;250;1;4.92
2;137500;20;0;750;1;5.03
2;137500;20;0;1500;1;5.45
2;137500;20;0;2500;1;5.1
2;137500;20;0;3500;1;5.19
2;137500;20;1;50;1;5.21
2;137500;20;1;250;1;5.16
2;137500;20;1;750;1;5.05
2;137500;20;1;1500;1;5.0
2;137500;20;1;2500;1;4.73
2;137500;20;1;3500;1;4.75
2;212500;3;0;50;1;5.45
2;212500;3;0;250;1;5.24
2;212500;3;0;750;1;5.31
2;212500;3;0;1500;1;4.77
2;212500;3;0;2500;1;5.14
2;212500;3;0;3500;1;5.29
2;212500;3;1;50;1;4.99
2;212500;3;1;250;1;5.24
2;212500;3;1;750;1;5.28
2;212500;3;1;1500;1;5.01
2;212500;3;1;2500;1;4.93
2;212500;3;1;3500;1;4.85
2;212500;6;0;50;1;5.18
2;212500;6;0;250;1;5.45
2;212500;6;0;750;1;5.61
2;212500;6;0;1500;1;5.41
2;212500;6;0;2500;1;5.2
2;212500;6;0;3500;1;5.25
2;212500;6;1;50;1;5.44
2;212500;6;1;250;1;5.65
2;212500;6;1;750;1;5.42
2;212500;6;1;1500;1;5.02
2;212500;6;1;2500;1;5.19
2;212500;6;1;3500;1;5.09
2;212500;10;0;50;1;5.5
2;212500;10;0;250;1;5.6
2;212500;10;0;750;1;5.72
2;212500;10;0;1500;1;5.38
2;212500;10;0;2500;1;5.0
2;212500;10;0;3500;1;5.38
2;212500;10;1;50;1;5.33
2;212500;10;1;250;1;5.59
2;212500;10;1;750;1;5.36
2;212500;10;1;1500;1;5.1
2;212500;10;1;2500;1;5.44
2;212500;10;1;3500;1;4.55
2;212500;14;0;50;1;6.05
2;212500;14;0;250;1;5.32
2;212500;14;0;750;1;5.03
2;212500;14;0;1500;1;5.52
2;212500;14;0;2500;1;5.27
2;212500;14;0;3500;1;5.44
2;212500;14;1;50;1;5.21
2;212500;14;1;250;1;5.87
2;212500;14;1;750;1;5.47
2;212500;14;1;1500;1;5.29
2;212500;14;1;2500;1;5.33
2;212500;14;1;3500;1;4.93
2;212500;20;0;50;1;5.35
2;212500;20;0;250;1;5.87
2;212500;20;0;750;1;4.97
2;212500;20;0;1500;1;5.49
2;212500;20;0;2500;1;5.26
2;212500;20;0;3500;1;5.39
2;212500;20;1;50;1;5.6
2;212500;20;1;250;1;5.6
2;212500;20;1;750;1;5.36
2;212500;20;1;1500;1;5.32
2;212500;20;1;2500;1;5.18
2;212500;20;1;3500;1;5.05
2;300000;3;0;50;1;5.26
2;300000;3;0;250;1;5.86
2;300000;3;0;750;1;5.32
2;300000;3;0;1500;1;5.43
2;300000;3;0;2500;1;4.79
2;300000;3;0;3500;1;5.43
2;300000;3;1;50;1;5.63
2;300000;3;1;250;1;5.6
2;300000;3;1;750;1;5.46
2;300000;3;1;1500;1;5.27
2;300000;3;1;2500;1;4.46
2;300000;3;1;3500;1;4.54
2;300000;6;0;50;1;5.16
2;300000;6;0;250;1;5.67
2;300000;6;0;750;1;5.73
2;300000;6;0;1500;1;5.41
2;300000;6;0;2500;1;4.77
2;300000;6;0;3500;1;4.97
2;300000;6;1;50;1;5.44
2;300000;6;1;250;1;5.92
2;300000;6;1;750;1;5.66
2;300000;6;1;1500;1;5.44
2;300000;6;1;2500;1;5.31
2;300000;6;1;3500;1;5.19
2;300000;10;0;50;1;5.48
2;300000;10;0;250;1;5.63
2;300000;10;0;750;1;5.64
2;300000;10;0;1500;1;5.37
2;300000;10;0;2500;1;5.42
2;300000;10;0;3500;1;5.16
2;300000;10;1;50;1;5.6
2;300000;10;1;250;1;5.28
2;300000;10;1;750;1;5.29
2;300000;10;1;1500;1;5.19
2;300000;10;1;2500;1;5.0
2;300000;10;1;3500;1;5.12
2;300000;14;0;50;1;5.59
2;300000;14;0;250;1;5.69
2;300000;14;0;750;1;5.64
2;300000;14;0;1500;1;5.07
2;300000;14;0;2500;1;5.35
2;300000;14;0;3500;1;5.19
2;300000;14;1;50;1;5.69
2;300000;14;1;250;1;5.26
2;300000;14;1;750;1;5.46
2;300000;14;1;1500;1;5.36
2;300000;14;1;2500;1;5.28
2;300000;14;1;3500;1;5.11
2;300000;20;0;50;1;5.53
2;300000;20;0;250;1;5.42
2;300000;20;0;750;1;5.72
2;300000;20;0;1500;1;5.54
2;300000;20;0;2500;1;4.92
2;300000;20;0;3500;1;5.23
2;300000;20;1;50;1;5.53
2;300000;20;1;250;1;5.55
2;300000;20;1;750;1;5.41
2;300000;20;1;1500;1;5.24
2;300000;20;1;2500;1;5.13
2;300000;20;1;3500;1;5.22
3;50;3;0;50;0;0.81
3;50;3;0;250;0;126.06
3;50;3;0;750;0;83.13
3;50;3;0;1500;0;44.25
3;50;3;0;2500;0;11.89
3;50;3;0;3500;0;34.9
3;50;3;1;50;0;104.06
3;50;3;1;250;0;118.06
3;50;3;1;750;0;92.56
3;50;3;1;1500;0;65.62
3;50;3;1;2500;0;45.71
3;50;3;1;3500;0;39.31
3;50;6;0;50;0;137.2
3;50;6;0;250;0;129.23
3;50;6;0;750;0;92.4
3;50;6;0;1500;0;63.63
3;50;6;0;2500;0;45.01
3;50;6;0;3500;0;37.2
3;50;6;1;50;0;112.28
3;50;6;1;250;0;112.48
3;50;6;1;750;0;91.44
3;50;6;1;1500;0;63.46
3;50;6;1;2500;0;44.74
3;50;6;1;3500;0;41.95
3;50;10;0;50;0;139.58
3;50;10;0;250;0;130.24
3;50;10;0;750;0;91.6
3;50;10;0;1500;0;63.63
3;50;10;0;2500;0;44.72
3;50;10;0;3500;0;39.08
3;50;10;1;50;0;125.19
3;50;10;1;250;0;120.0
3;50;10;1;750;0;88.4
3;50;10;1;1500;0;62.47
3;50;10;1;2500;0;44.45
3;50;10;1;3500;0;39.08
3;50;14;0;50;0;136.42
3;50;14;0;250;0;125.36
3;50;14;0;750;0;91.94
3;50;14;0;1500;0;65.03
3;50;14;0;2500;0;44.96
3;50;14;0;3500;0;40.83
3;50;14;1;50;0;130.27
3;50;14;1;250;0;122.4
3;50;14;1;750;0;89.39
3;50;14;1;1500;0;63.14
3;50;14;1;2500;0;44.92
3;50;14;1;3500;0;38.39
3;50;20;0;50;0;131.58
3;50;20;0;250;0;128.2
3;50;20;0;750;0;90.86
3;50;20;0;1500;0;63.64
3;50;20;0;2500;0;44.88
3;50;20;0;3500;0;38.56
3;50;20;1;50;0;125.58
3;50;20;1;250;0;119.79
3;50;20;1;750;0;89.79
3;50;20;1;1500;0;61.19
3;50;20;1;2500;0;39.21
3;50;20;1;3500;0;35.96
3;300;3;0;50;0;91.97
3;300;3;0;250;0;126.2
3;300;3;0;750;0;92.82
3;300;3;0;1500;0;59.2
3;300;3;0;2500;0;39.18
3;300;3;0;3500;0;38.14
3;300;3;1;50;0;124.05
3;300;3;1;250;0;116.53
3;300;3;1;750;0;88.24
3;300;3;1;1500;0;61.85
3;300;3;1;2500;0;43.93
3;300;3;1;3500;0;33.24
3;300;6;0;50;0;116.97
3;300;6;0;250;0;122.25
3;300;6;0;750;0;91.55
3;300;6;0;1500;0;50.41
3;300;6;0;2500;0;35.32
3;300;6;0;3500;0;32.85
3;300;6;1;50;0;85.57
3;300;6;1;250;0;85.6
3;300;6;1;750;0;51.47
3;300;6;1;1500;0;35.03
3;300;6;1;2500;0;24.27
3;300;6;1;3500;0;22.3
3;300;10;0;50;0;59.73
3;300;10;0;250;0;59.2
3;300;10;0;750;0;45.05
3;300;10;0;1500;0;37.17
3;300;10;0;2500;0;25.84
3;300;10;0;3500;0;23.16
3;300;10;1;50;0;66.56
3;300;10;1;250;0;64.69
3;300;10;1;750;0;50.53
3;300;10;1;1500;0;38.26
3;300;10;1;2500;0;25.8
3;300;10;1;3500;0;24.95
3;300;14;0;50;0;86.04
3;300;14;0;250;0;84.52
3;300;14;0;750;0;65.3
3;300;14;0;1500;0;44.53
3;300;14;0;2500;0;32.5
3;300;14;0;3500;0;30.26
3;300;14;1;50;0;85.99
3;300;14;1;250;0;83.52
3;300;14;1;750;0;61.73
3;300;14;1;1500;0;38.91
3;300;14;1;2500;0;30.94
3;300;14;1;3500;0;30.36
3;300;20;0;50;0;95.76
3;300;20;0;250;0;98.9
3;300;20;0;750;0;70.3
3;300;20;0;1500;0;49.7
3;300;20;0;2500;0;35.25
3;300;20;0;3500;0;29.89
3;300;20;1;50;0;91.12
3;300;20;1;250;0;94.13
3;300;20;1;750;0;68.72
3;300;20;1;1500;0;49.09
3;300;20;1;2500;0;35.53
3;300;20;1;3500;0;30.37
3;750;3;0;50;0;65.4
3;750;3;0;250;0;91.65
3;750;3;0;750;0;64.0
3;750;3;0;1500;0;45.45
3;750;3;0;2500;0;36.15
3;750;3;0;3500;0;30.03
3;750;3;1;50;0;89.75
3;750;3;1;250;0;86.23
3;750;3;1;750;0;65.64
3;750;3;1;1500;0;50.26
3;750;3;1;2500;0;31.85
3;750;3;1;3500;0;28.49
3;750;6;0;50;0;84.11
3;750;6;0;250;0;89.32
3;750;6;0;750;0;73.32
3;750;6;0;1500;0;42.87
3;750;6;0;2500;0;32.03
3;750;6;0;3500;0;32.2
3;750;6;1;50;0;97.58
3;750;6;1;250;0;105.09
3;750;6;1;750;0;82.27
3;750;6;1;1500;0;59.48
3;750;6;1;2500;0;43.36
3;750;6;1;3500;0;37.79
3;750;10;0;50;0;111.33
3;750;10;0;250;0;112.45
3;750;10;0;750;0;83.69
3;750;10;0;1500;0;61.75
3;750;10;0;2500;0;44.09
3;750;10;0;3500;0;38.29
3;750;10;1;50;0;110.97
3;750;10;1;250;0;110.65
3;750;10;1;750;0;84.48
3;750;10;1;1500;0;59.74
3;750;10;1;2500;0;44.06
3;750;10;1;3500;0;38.7
3;750;14;0;50;0;111.45
3;750;14;0;250;0;109.78
3;750;14;0;750;0;84.14
3;750;14;0;1500;0;63.85
3;750;14;0;2500;0;45.12
3;750;14;0;3500;0;38.55
3;750;14;1;50;0;109.97
3;750;14;1;250;0;111.1
3;750;14;1;750;0;84.19
3;750;14;1;1500;0;62.89
3;750;14;1;2500;0;43.49
3;750;14;1;3500;0;37.84
3;750;20;0;50;0;113.07
3;750;20;0;250;0;115.01
3;750;20;0;750;0;85.81
3;750;20;0;1500;0;62.74
3;750;20;0;2500;0;44.08
3;750;20;0;3500;0;39.72
3;750;20;1;50;0;106.31
3;750;20;1;250;0;108.4
3;750;20;1;750;0;83.68
3;750;20;1;1500;0;62.18
3;750;20;1;2500;0;43.68
3;750;20;1;3500;0;38.28
3;3000;3;0;50;0;46.26
3;3000;3;0;250;0;64.59
3;3000;3;0;750;0;66.17
3;3000;3;0;1500;0;51.27
3;3000;3;0;2500;0;39.1
3;3000;3;0;3500;0;34.59
3;3000;3;1;50;0;68.16
3;3000;3;1;250;0;70.22
3;3000;3;1;750;0;63.37
3;3000;3;1;1500;0;49.87
3;3000;3;1;2500;0;34.95
3;3000;3;1;3500;0;30.05
3;3000;6;0;50;0;69.13
3;3000;6;0;250;0;75.03
3;3000;6;0;750;0;69.36
3;3000;6;0;1500;0;52.61
3;3000;6;0;2500;0;38.28
3;3000;6;0;3500;0;35.26
3;3000;6;1;50;0;70.74
3;3000;6;1;250;0;69.57
3;3000;6;1;750;0;62.17
3;3000;6;1;1500;0;50.01
3;3000;6;1;2500;0;37.39
3;3000;6;1;3500;0;32.81
3;3000;10;0;50;0;70.85
3;3000;10;0;250;0;71.15
3;3000;10;0;750;0;63.05
3;3000;10;0;1500;0;50.38
3;3000;10;0;2500;0;37.5
3;3000;10;0;3500;0;35.22
3;3000;10;1;50;0;66.38
3;3000;10;1;250;0;66.38
3;3000;10;1;750;0;63.35
3;3000;10;1;1500;0;49.62
3;3000;10;1;2500;0;37.02
3;3000;10;1;3500;0;32.54
3;3000;14;0;50;0;69.55
3;3000;14;0;250;0;69.77
3;3000;14;0;750;0;63.15
3;3000;14;0;1500;0;50.63
3;3000;14;0;2500;0;37.24
3;3000;14;0;3500;0;32.89
3;3000;14;1;50;0;69.33
3;3000;14;1;250;0;68.8
3;3000;14;1;750;0;62.54
3;3000;14;1;1500;0;49.22
3;3000;14;1;2500;0;36.77
3;3000;14;1;3500;0;32.19
3;3000;20;0;50;0;70.52
3;3000;20;0;250;0;71.23
3;3000;20;0;750;0;63.49
3;3000;20;0;1500;0;50.65
3;3000;20;0;2500;0;37.88
3;3000;20;0;3500;0;34.95
3;3000;20;1;50;0;69.41
3;3000;20;1;250;0;69.59
3;3000;20;1;750;0;59.78
3;3000;20;1;1500;0;48.75
3;3000;20;1;2500;0;37.61
3;3000;20;1;3500;0;32.82
3;7500;3;0;50;0;24.23
3;7500;3;0;250;0;42.23
3;7500;3;0;750;0;39.42
3;7500;3;0;1500;0;35.42
3;7500;3;0;2500;0;30.47
3;7500;3;0;3500;0;28.25
3;7500;3;1;50;0;39.21
3;7500;3;1;250;0;38.72
3;7500;3;1;750;0;36.29
3;7500;3;1;1500;0;32.45
3;7500;3;1;2500;0;29.1
3;7500;3;1;3500;0;27.95
3;7500;6;0;50;0;38.62
3;7500;6;0;250;0;39.08
3;7500;6;0;750;0;37.83
3;7500;6;0;1500;0;34.94
3;7500;6;0;2500;0;29.27
3;7500;6;0;3500;0;28.31
3;7500;6;1;50;0;38.28
3;7500;6;1;250;0;38.79
3;7500;6;1;750;0;36.47
3;7500;6;1;1500;0;32.98
3;7500;6;1;2500;0;29.35
3;7500;6;1;3500;0;28.15
3;7500;10;0;50;0;39.97
3;7500;10;0;250;0;39.37
3;7500;10;0;750;0;36.74
3;7500;10;0;1500;0;33.15
3;7500;10;0;2500;0;28.64
3;7500;10;0;3500;0;25.61
3;7500;10;1;50;0;37.59
3;7500;10;1;250;0;37.66
3;7500;10;1;750;0;35.74
3;7500;10;1;1500;0;32.06
3;7500;10;1;2500;0;29.23
3;7500;10;1;3500;0;25.94
3;7500;14;0;50;0;39.15
3;7500;14;0;250;0;37.44
3;7500;14;0;750;0;36.76
3;7500;14;0;1500;0;32.54
3;7500;14;0;2500;0;29.28
3;7500;14;0;3500;0;27.94
3;7500;14;1;50;0;38.63
3;7500;14;1;250;0;38.28
3;7500;14;1;750;0;36.41
3;7500;14;1;1500;0;31.53
3;7500;14;1;2500;0;28.6
3;7500;14;1;3500;0;25.69
3;7500;20;0;50;0;38.36
3;7500;20;0;250;0;38.94
3;7500;20;0;750;0;36.99
3;7500;20;0;1500;0;33.08
3;7500;20;0;2500;0;29.53
3;7500;20;0;3500;0;28.12
3;7500;20;1;50;0;36.84
3;7500;20;1;250;0;37.56
3;7500;20;1;750;0;35.8
3;7500;20;1;1500;0;32.67
3;7500;20;1;2500;0;28.9
3;7500;20;1;3500;0;26.22
3;17500;3;0;50;0;10.15
3;17500;3;0;250;0;21.47
3;17500;3;0;750;0;19.5
3;17500;3;0;1500;0;18.67
3;17500;3;0;2500;0;17.68
3;17500;3;0;3500;0;16.21
3;17500;3;1;50;0;19.29
3;17500;3;1;250;0;19.85
3;17500;3;1;750;0;18.91
3;17500;3;1;1500;0;17.78
3;17500;3;1;2500;0;16.99
3;17500;3;1;3500;0;15.9
3;17500;6;0;50;0;19.77
3;17500;6;0;250;0;19.86
3;17500;6;0;750;0;19.05
3;17500;6;0;1500;0;17.91
3;17500;6;0;2500;0;17.34
3;17500;6;0;3500;0;17.01
3;17500;6;1;50;0;19.56
3;17500;6;1;250;0;18.71
3;17500;6;1;750;0;18.7
3;17500;6;1;1500;0;17.4
3;17500;6;1;2500;0;16.62
3;17500;6;1;3500;0;15.99
3;17500;10;0;50;0;19.66
3;17500;10;0;250;0;19.87
3;17500;10;0;750;0;19.33
3;17500;10;0;1500;0;17.91
3;17500;10;0;2500;0;16.54
3;17500;10;0;3500;0;15.46
3;17500;10;1;50;0;18.83
3;17500;10;1;250;0;18.82
3;17500;10;1;750;0;18.87
3;17500;10;1;1500;0;17.99
3;17500;10;1;2500;0;15.93
3;17500;10;1;3500;0;15.44
3;17500;14;0;50;0;18.64
3;17500;14;0;250;0;19.36
3;17500;14;0;750;0;18.74
3;17500;14;0;1500;0;18.44
3;17500;14;0;2500;0;17.37
3;17500;14;0;3500;0;16.94
3;17500;14;1;50;0;19.36
3;17500;14;1;250;0;18.87
3;17500;14;1;750;0;18.41
3;17500;14;1;1500;0;17.46
3;17500;14;1;2500;0;16.38
3;17500;14;1;3500;0;15.68
3;17500;20;0;50;0;18.83
3;17500;20;0;250;0;18.93
3;17500;20;0;750;0;18.81
3;17500;20;0;1500;0;18.68
3;17500;20;0;2500;0;17.49
3;17500;20;0;3500;0;16.75
3;17500;20;1;50;0;19.32
3;17500;20;1;250;0;19.23
3;17500;20;1;750;0;18.7
3;17500;20;1;1500;0;17.92
3;17500;20;1;2500;0;16.96
3;17500;20;1;3500;0;15.84
3;37500;3;0;50;0;4.14
3;37500;3;0;250;0;10.69
3;37500;3;0;750;0;9.93
3;37500;3;0;1500;0;9.41
3;37500;3;0;2500;0;9.67
3;37500;3;0;3500;0;9.69
3;37500;3;1;50;0;10.38
3;37500;3;1;250;0;9.47
3;37500;3;1;750;0;9.61
3;37500;3;1;1500;0;9.61
3;37500;3;1;2500;0;9.02
3;37500;3;1;3500;0;8.74
3;37500;6;0;50;0;9.97
3;37500;6;0;250;0;9.81
3;37500;6;0;750;0;10.13
3;37500;6;0;1500;0;9.84
3;37500;6;0;2500;0;9.48
3;37500;6;0;3500;0;9.01
3;37500;6;1;50;0;9.94
3;37500;6;1;250;0;9.96
3;37500;6;1;750;0;9.93
3;37500;6;1;1500;0;9.5
3;37500;6;1;2500;0;9.0
3;37500;6;1;3500;0;9.04
3;37500;10;0;50;0;9.76
3;37500;10;0;250;0;10.25
3;37500;10;0;750;0;10.01
3;37500;10;0;1500;0;9.45
3;37500;10;0;2500;0;9.43
3;37500;10;0;3500;0;9.34
3;37500;10;1;50;0;10.11
3;37500;10;1;250;0;9.85
3;37500;10;1;750;0;9.81
3;37500;10;1;1500;0;9.71
3;37500;10;1;2500;0;8.75
3;37500;10;1;3500;0;8.99
3;37500;14;0;50;0;10.13
3;37500;14;0;250;0;10.32
3;37500;14;0;750;0;9.71
3;37500;14;0;1500;0;9.44
3;37500;14;0;2500;0;9.46
3;37500;14;0;3500;0;9.21
3;37500;14;1;50;0;10.04
3;37500;14;1;250;0;9.98
3;37500;14;1;750;0;9.8
3;37500;14;1;1500;0;9.57
3;37500;14;1;2500;0;9.21
3;37500;14;1;3500;0;8.84
3;37500;20;0;50;0;10.06
3;37500;20;0;250;0;9.71
3;37500;20;0;750;0;9.99
3;37500;20;0;1500;0;9.86
3;37500;20;0;2500;0;9.15
3;37500;20;0;3500;0;9.0
3;37500;20;1;50;0;9.4
3;37500;20;1;250;0;10.13
3;37500;20;1;750;0;9.36
3;37500;20;1;1500;0;9.38
3;37500;20;1;2500;0;8.67
3;37500;20;1;3500;0;9.09
3;62500;3;0;50;0;2.77
3;62500;3;0;250;0;6.65
3;62500;3;0;750;0;5.72
3;62500;3;0;1500;0;6.03
3;62500;3;0;2500;0;5.26
3;62500;3;0;3500;0;6.03
3;62500;3;1;50;0;6.29
3;62500;3;1;250;0;6.11
3;62500;3;1;750;0;5.68
3;62500;3;1;1500;0;5.16
3;62500;3;1;2500;0;5.24
3;62500;3;1;3500;0;5.41
3;62500;6;0;50;0;6.23
3;62500;6;0;250;0;6.11
3;62500;6;0;750;0;5.71
3;62500;6;0;1500;0;5.58
3;62500;6;0;2500;0;5.71
3;62500;6;0;3500;0;5.89
3;62500;6;1;50;0;6.12
3;62500;6;1;250;0;5.91
3;62500;6;1;750;0;5.64
3;62500;6;1;1500;0;5.97
3;62500;6;1;2500;0;5.46
3;62500;6;1;3500;0;5.36
3;62500;10;0;50;0;6.41
3;62500;10;0;250;0;5.82
3;62500;10;0;750;0;5.98
3;62500;10;0;1500;0;5.8
3;62500;10;0;2500;0;5.52
3;62500;10;0;3500;0;5.39
3;62500;10;1;50;0;6.0
3;62500;10;1;250;0;5.99
3;62500;10;1;750;0;5.85
3;62500;10;1;1500;0;5.75
3;62500;10;1;2500;0;5.44
3;62500;10;1;3500;0;5.48
3;62500;14;0;50;0;5.95
3;62500;14;0;250;0;6.23
3;62500;14;0;750;0;6.02
3;62500;14;0;1500;0;5.77
3;62500;14;0;2500;0;5.53
3;62500;14;0;3500;0;5.72
3;62500;14;1;50;0;5.72
3;62500;14;1;250;0;6.1
3;62500;14;1;750;0;5.99
3;62500;14;1;1500;0;5.82
3;62500;14;1;2500;0;5.61
3;62500;14;1;3500;0;5.66
3;62500;20;0;50;0;5.59
3;62500;20;0;250;0;5.64
3;62500;20;0;750;0;5.87
3;62500;20;0;1500;0;5.69
3;62500;20;0;2500;0;6.0
3;62500;20;0;3500;0;5.71
3;62500;20;1;50;0;5.82
3;62500;20;1;250;0;6.07
3;62500;20;1;750;0;5.91
3;62500;20;1;1500;0;5.95
3;62500;20;1;2500;0;5.56
3;62500;20;1;3500;0;5.62
3;87500;3;0;50;0;2.59
3;87500;3;0;250;0;5.28
3;87500;3;0;750;0;4.52
3;87500;3;0;1500;0;4.53
3;87500;3;0;2500;0;4.29
3;87500;3;0;3500;0;4.32
3;87500;3;1;50;0;4.63
3;87500;3;1;250;0;4.38
3;87500;3;1;750;0;4.34
3;87500;3;1;1500;0;4.31
3;87500;3;1;2500;0;4.21
3;87500;3;1;3500;0;4.3
3;87500;6;0;50;0;4.26
3;87500;6;0;250;0;4.9
3;87500;6;0;750;0;4.17
3;87500;6;0;1500;0;4.54
3;87500;6;0;2500;0;4.41
3;87500;6;0;3500;0;4.44
3;87500;6;1;50;0;4.38
3;87500;6;1;250;0;4.73
3;87500;6;1;750;0;4.3
3;87500;6;1;1500;0;4.26
3;87500;6;1;2500;0;4.18
3;87500;6;1;3500;0;4.3
3;87500;10;0;50;0;4.45
3;87500;10;0;250;0;4.56
3;87500;10;0;750;0;4.3
3;87500;10;0;1500;0;4.37
3;87500;10;0;2500;0;4.26
3;87500;10;0;3500;0;4.39
3;87500;10;1;50;0;4.51
3;87500;10;1;250;0;4.33
3;87500;10;1;750;0;4.54
3;87500;10;1;1500;0;4.4
3;87500;10;1;2500;0;4.38
3;87500;10;1;3500;0;4.26
3;87500;14;0;50;0;4.77
3;87500;14;0;250;0;4.73
3;87500;14;0;750;0;4.72
3;87500;14;0;1500;0;4.44
3;87500;14;0;2500;0;4.45
3;87500;14;0;3500;0;4.48
3;87500;14;1;50;0;4.92
3;87500;14;1;250;0;4.54
3;87500;14;1;750;0;4.74
3;87500;14;1;1500;0;4.34
3;87500;14;1;2500;0;4.55
3;87500;14;1;3500;0;4.39
3;87500;20;0;50;0;4.53
3;87500;20;0;250;0;5.09
3;87500;20;0;750;0;4.7
3;87500;20;0;1500;0;4.82
3;87500;20;0;2500;0;4.46
3;87500;20;0;3500;0;4.43
3;87500;20;1;50;0;4.56
3;87500;20;1;250;0;4.74
3;87500;20;1;750;0;4.78
3;87500;20;1;1500;0;4.55
3;87500;20;1;2500;0;4.05
3;87500;20;1;3500;0;4.48
3;137500;3;0;50;0;3.38
3;137500;3;0;250;0;4.33
3;137500;3;0;750;0;4.02
3;137500;3;0;1500;0;4.07
3;137500;3;0;2500;0;3.93
3;137500;3;0;3500;0;3.72
3;137500;3;1;50;0;4.23
3;137500;3;1;250;0;4.25
3;137500;3;1;750;0;3.89
3;137500;3;1;1500;0;3.98
3;137500;3;1;2500;0;4.1
3;137500;3;1;3500;0;3.99
3;137500;6;0;50;0;4.2
3;137500;6;0;250;0;4.08
3;137500;6;0;750;0;4.21
3;137500;6;0;1500;0;4.14
3;137500;6;0;2500;0;3.91
3;137500;6;0;3500;0;3.7
3;137500;6;1;50;0;4.09
3;137500;6;1;250;0;4.15
3;137500;6;1;750;0;4.14
3;137500;6;1;1500;0;3.9
3;137500;6;1;2500;0;3.5
3;137500;6;1;3500;0;3.99
3;137500;10;0;50;0;4.1
3;137500;10;0;250;0;4.32
3;137500;10;0;750;0;3.97
3;137500;10;0;1500;0;4.12
3;137500;10;0;2500;0;4.03
3;137500;10;0;3500;0;3.68
3;137500;10;1;50;0;3.76
3;137500;10;1;250;0;3.99
3;137500;10;1;750;0;4.06
3;137500;10;1;1500;0;3.85
3;137500;10;1;2500;0;3.59
3;137500;10;1;3500;0;4.04
3;137500;14;0;50;0;4.14
3;137500;14;0;250;0;4.09
3;137500;14;0;750;0;4.41
3;137500;14;0;1500;0;4.14
3;137500;14;0;2500;0;3.87
3;137500;14;0;3500;0;3.9
3;137500;14;1;50;0;4.04
3;137500;14;1;250;0;4.0
3;137500;14;1;750;0;4.04
3;137500;14;1;1500;0;3.87
3;137500;14;1;2500;0;3.9
3;137500;14;1;3500;0;3.9
3;137500;20;0;50;0;4.02
3;137500;20;0;250;0;4.07
3;137500;20;0;750;0;3.86
3;137500;20;0;1500;0;4.08
3;137500;20;0;2500;0;4.02
3;137500;20;0;3500;0;3.77
3;137500;20;1;50;0;4.05
3;137500;20;1;250;0;3.89
3;137500;20;1;750;0;3.99
3;137500;20;1;1500;0;3.88
3;137500;20;1;2500;0;3.85
3;137500;20;1;3500;0;3.85
3;212500;3;0;50;0;3.66
3;212500;3;0;250;0;3.99
3;212500;3;0;750;0;4.05
3;212500;3;0;1500;0;3.98
3;212500;3;0;2500;0;3.95
3;212500;3;0;3500;0;3.98
3;212500;3;1;50;0;3.8
3;212500;3;1;250;0;4.06
3;212500;3;1;750;0;3.42
3;212500;3;1;1500;0;3.35
3;212500;3;1;2500;0;3.74
3;212500;3;1;3500;0;3.92
3;212500;6;0;50;0;3.62
3;212500;6;0;250;0;4.1
3;212500;6;0;750;0;4.22
3;212500;6;0;1500;0;4.16
3;212500;6;0;2500;0;3.88
3;212500;6;0;3500;0;3.74
3;212500;6;1;50;0;4.22
3;212500;6;1;250;0;4.21
3;212500;6;1;750;0;3.8
3;212500;6;1;1500;0;4.09
3;212500;6;1;2500;0;3.85
3;212500;6;1;3500;0;3.8
3;212500;10;0;50;0;4.0
3;212500;10;0;250;0;3.59
3;212500;10;0;750;0;4.08
3;212500;10;0;1500;0;3.93
3;212500;10;0;2500;0;3.76
3;212500;10;0;3500;0;3.79
3;212500;10;1;50;0;4.1
3;212500;10;1;250;0;4.04
3;212500;10;1;750;0;3.88
3;212500;10;1;1500;0;3.88
3;212500;10;1;2500;0;3.54
3;212500;10;1;3500;0;3.83
3;212500;14;0;50;0;3.88
3;212500;14;0;250;0;4.07
3;212500;14;0;750;0;4.01
3;212500;14;0;1500;0;3.94
3;212500;14;0;2500;0;3.77
3;212500;14;0;3500;0;3.8
3;212500;14;1;50;0;4.03
3;212500;14;1;250;0;3.95
3;212500;14;1;750;0;3.63
3;212500;14;1;1500;0;3.81
3;212500;14;1;2500;0;3.83
3;212500;14;1;3500;0;3.67
3;212500;20;0;50;0;4.06
3;212500;20;0;250;0;4.1
3;212500;20;0;750;0;4.09
3;212500;20;0;1500;0;3.81
3;212500;20;0;2500;0;3.88
3;212500;20;0;3500;0;3.86
3;212500;20;1;50;0;4.01
3;212500;20;1;250;0;3.95
3;212500;20;1;750;0;4.0
3;212500;20;1;1500;0;3.88
3;212500;20;1;2500;0;3.69
3;212500;20;1;3500;0;3.69
3;300000;3;0;50;0;3.55
3;300000;3;0;250;0;3.79
3;300000;3;0;750;0;3.74
3;300000;3;0;1500;0;4.07
3;300000;3;0;2500;0;3.81
3;300000;3;0;3500;0;3.84
3;300000;3;1;50;0;3.74
3;300000;3;1;250;0;4.02
3;300000;3;1;750;0;3.8
3;300000;3;1;1500;0;3.62
3;300000;3;1;2500;0;3.14
3;300000;3;1;3500;0;3.54
3;300000;6;0;50;0;3.97
3;300000;6;0;250;0;3.98
3;300000;6;0;750;0;4.01
3;300000;6;0;1500;0;4.16
3;300000;6;0;2500;0;4.13
3;300000;6;0;3500;0;4.23
3;300000;6;1;50;0;4.33
3;300000;6;1;250;0;4.21
3;300000;6;1;750;0;3.96
3;300000;6;1;1500;0;2.78
3;300000;6;1;2500;0;4.67
3;300000;6;1;3500;0;4.25
3;300000;10;0;50;0;4.15
3;300000;10;0;250;0;4.22
3;300000;10;0;750;0;4.35
3;300000;10;0;1500;0;4.15
3;300000;10;0;2500;0;4.03
3;300000;10;0;3500;0;3.87
3;300000;10;1;50;0;4.5
3;300000;10;1;250;0;4.16
3;300000;10;1;750;0;4.13
3;300000;10;1;1500;0;3.93
3;300000;10;1;2500;0;3.99
3;300000;10;1;3500;0;3.91
3;300000;14;0;50;0;4.18
3;300000;14;0;250;0;4.22
3;300000;14;0;750;0;4.18
3;300000;14;0;1500;0;4.15
3;300000;14;0;2500;0;4.04
3;300000;14;0;3500;0;3.71
3;300000;14;1;50;0;3.92
3;300000;14;1;250;0;3.91
3;300000;14;1;750;0;4.26
3;300000;14;1;1500;0;3.84
3;300000;14;1;2500;0;3.76
3;300000;14;1;3500;0;3.9
3;300000;20;0;50;0;4.22
3;300000;20;0;250;0;4.45
3;300000;20;0;750;0;4.21
3;300000;20;0;1500;0;4.23
3;300000;20;0;2500;0;4.02
3;300000;20;0;3500;0;3.89
3;300000;20;1;50;0;4.26
3;300000;20;1;250;0;4.23
3;300000;20;1;750;0;3.99
3;300000;20;1;1500;0;3.87
3;300000;20;1;2500;0;3.77
3;300000;20;1;3500;0;4.03
3;50;3;0;50;1;0.78
3;50;3;0;250;1;125.45
3;50;3;0;750;1;91.36
3;50;3;0;1500;1;65.43
3;50;3;0;2500;1;48.72
3;50;3;0;3500;1;42.42
3;50;3;1;50;1;118.22
3;50;3;1;250;1;118.7
3;50;3;1;750;1;91.6
3;50;3;1;1500;1;64.91
3;50;3;1;2500;1;44.81
3;50;3;1;3500;1;39.34
3;50;6;0;50;1;137.84
3;50;6;0;250;1;126.36
3;50;6;0;750;1;92.26
3;50;6;0;1500;1;64.35
3;50;6;0;2500;1;44.81
3;50;6;0;3500;1;38.73
3;50;6;1;50;1;129.23
3;50;6;1;250;1;119.36
3;50;6;1;750;1;89.21
3;50;6;1;1500;1;62.24
3;50;6;1;2500;1;44.2
3;50;6;1;3500;1;38.56
3;50;10;0;50;1;136.46
3;50;10;0;250;1;125.11
3;50;10;0;750;1;91.89
3;50;10;0;1500;1;63.75
3;50;10;0;2500;1;44.1
3;50;10;0;3500;1;38.65
3;50;10;1;50;1;123.97
3;50;10;1;250;1;119.14
3;50;10;1;750;1;88.2
3;50;10;1;1500;1;61.9
3;50;10;1;2500;1;42.59
3;50;10;1;3500;1;38.16
3;50;14;0;50;1;132.54
3;50;14;0;250;1;124.02
3;50;14;0;750;1;89.94
3;50;14;0;1500;1;63.58
3;50;14;0;2500;1;44.28
3;50;14;0;3500;1;38.9
3;50;14;1;50;1;125.64
3;50;14;1;250;1;117.97
3;50;14;1;750;1;88.78
3;50;14;1;1500;1;62.44
3;50;14;1;2500;1;44.07
3;50;14;1;3500;1;37.95
3;50;20;0;50;1;132.63
3;50;20;0;250;1;125.14
3;50;20;0;750;1;90.91
3;50;20;0;1500;1;63.86
3;50;20;0;2500;1;43.57
3;50;20;0;3500;1;38.77
3;50;20;1;50;1;126.6
3;50;20;1;250;1;118.68
3;50;20;1;750;1;88.65
3;50;20;1;1500;1;62.02
3;50;20;1;2500;1;44.08
3;50;20;1;3500;1;38.66
3;300;3;0;50;1;91.9
3;300;3;0;250;1;119.7
3;300;3;0;750;1;88.98
3;300;3;0;1500;1;62.03
3;300;3;0;2500;1;43.57
3;300;3;0;3500;1;35.64
3;300;3;1;50;1;104.3
3;300;3;1;250;1;109.23
3;300;3;1;750;1;89.68
3;300;3;1;1500;1;64.18
3;300;3;1;2500;1;44.24
3;300;3;1;3500;1;35.42
3;300;6;0;50;1;125.67
3;300;6;0;250;1;123.81
3;300;6;0;750;1;83.75
3;300;6;0;1500;1;62.13
3;300;6;0;2500;1;43.25
3;300;6;0;3500;1;37.84
3;300;6;1;50;1;99.4
3;300;6;1;250;1;106.46
3;300;6;1;750;1;88.66
3;300;6;1;1500;1;62.75
3;300;6;1;2500;1;44.25
3;300;6;1;3500;1;37.95
3;300;10;0;50;1;124.69
3;300;10;0;250;1;118.29
3;300;10;0;750;1;72.79
3;300;10;0;1500;1;62.71
3;300;10;0;2500;1;43.94
3;300;10;0;3500;1;38.25
3;300;10;1;50;1;117.21
3;300;10;1;250;1;115.21
3;300;10;1;750;1;85.4
3;300;10;1;1500;1;62.67
3;300;10;1;2500;1;44.86
3;300;10;1;3500;1;37.75
3;300;14;0;50;1;116.95
3;300;14;0;250;1;117.74
3;300;14;0;750;1;89.03
3;300;14;0;1500;1;63.02
3;300;14;0;2500;1;44.89
3;300;14;0;3500;1;38.12
3;300;14;1;50;1;112.92
3;300;14;1;250;1;115.21
3;300;14;1;750;1;86.84
3;300;14;1;1500;1;60.95
3;300;14;1;2500;1;43.91
3;300;14;1;3500;1;34.93
3;300;20;0;50;1;106.1
3;300;20;0;250;1;110.63
3;300;20;0;750;1;89.57
3;300;20;0;1500;1;65.06
3;300;20;0;2500;1;45.61
3;300;20;0;3500;1;36.08
3;300;20;1;50;1;115.81
3;300;20;1;250;1;116.46
3;300;20;1;750;1;90.71
3;300;20;1;1500;1;63.21
3;300;20;1;2500;1;43.81
3;300;20;1;3500;1;38.4
3;750;3;0;50;1;77.63
3;750;3;0;250;1;103.97
3;750;3;0;750;1;85.39
3;750;3;0;1500;1;62.68
3;750;3;0;2500;1;44.22
3;750;3;0;3500;1;37.9
3;750;3;1;50;1;109.42
3;750;3;1;250;1;108.8
3;750;3;1;750;1;82.04
3;750;3;1;1500;1;58.09
3;750;3;1;2500;1;42.59
3;750;3;1;3500;1;36.56
3;750;6;0;50;1;115.62
3;750;6;0;250;1;111.4
3;750;6;0;750;1;83.19
3;750;6;0;1500;1;58.61
3;750;6;0;2500;1;42.23
3;750;6;0;3500;1;35.33
3;750;6;1;50;1;105.96
3;750;6;1;250;1;103.7
3;750;6;1;750;1;78.21
3;750;6;1;1500;1;57.89
3;750;6;1;2500;1;42.46
3;750;6;1;3500;1;37.33
3;750;10;0;50;1;119.28
3;750;10;0;250;1;116.79
3;750;10;0;750;1;86.63
3;750;10;0;1500;1;62.24
3;750;10;0;2500;1;43.61
3;750;10;0;3500;1;36.16
3;750;10;1;50;1;98.2
3;750;10;1;250;1;104.1
3;750;10;1;750;1;79.34
3;750;10;1;1500;1;57.39
3;750;10;1;2500;1;42.96
3;750;10;1;3500;1;38.93
3;750;14;0;50;1;131.88
3;750;14;0;250;1;124.8
3;750;14;0;750;1;76.79
3;750;14;0;1500;1;59.21
3;750;14;0;2500;1;44.14
3;750;14;0;3500;1;38.68
3;750;14;1;50;1;117.72
3;750;14;1;250;1;112.81
3;750;14;1;750;1;83.88
3;750;14;1;1500;1;53.25
3;750;14;1;2500;1;38.88
3;750;14;1;3500;1;37.58
3;750;20;0;50;1;109.96
3;750;20;0;250;1;93.18
3;750;20;0;750;1;63.13
3;750;20;0;1500;1;44.21
3;750;20;0;2500;1;26.65
3;750;20;0;3500;1;29.69
3;750;20;1;50;1;83.47
3;750;20;1;250;1;93.06
3;750;20;1;750;1;72.32
3;750;20;1;1500;1;56.56
3;750;20;1;2500;1;39.76
3;750;20;1;3500;1;33.05
3;3000;3;0;50;1;38.65
3;3000;3;0;250;1;72.24
3;3000;3;0;750;1;65.75
3;3000;3;0;1500;1;51.8
3;3000;3;0;2500;1;39.72
3;3000;3;0;3500;1;35.89
3;3000;3;1;50;1;72.0
3;3000;3;1;250;1;72.49
3;3000;3;1;750;1;69.43
3;3000;3;1;1500;1;54.9
3;3000;3;1;2500;1;41.84
3;3000;3;1;3500;1;33.21
3;3000;6;0;50;1;78.75
3;3000;6;0;250;1;79.53
3;3000;6;0;750;1;68.47
3;3000;6;0;1500;1;50.77
3;3000;6;0;2500;1;37.93
3;3000;6;0;3500;1;30.13
3;3000;6;1;50;1;64.79
3;3000;6;1;250;1;72.76
3;3000;6;1;750;1;66.08
3;3000;6;1;1500;1;52.66
3;3000;6;1;2500;1;38.63
3;3000;6;1;3500;1;34.19
3;3000;10;0;50;1;76.97
3;3000;10;0;250;1;76.93
3;3000;10;0;750;1;64.97
3;3000;10;0;1500;1;49.37
3;3000;10;0;2500;1;37.89
3;3000;10;0;3500;1;34.56
3;3000;10;1;50;1;76.32
3;3000;10;1;250;1;77.5
3;3000;10;1;750;1;65.78
3;3000;10;1;1500;1;50.38
3;3000;10;1;2500;1;37.94
3;3000;10;1;3500;1;34.56
3;3000;14;0;50;1;38.13
3;3000;14;0;250;1;77.13
3;3000;14;0;750;1;70.97
3;3000;14;0;1500;1;52.12
3;3000;14;0;2500;1;39.58
3;3000;14;0;3500;1;34.98
3;3000;14;1;50;1;76.42
3;3000;14;1;250;1;77.49
3;3000;14;1;750;1;67.38
3;3000;14;1;1500;1;49.75
3;3000;14;1;2500;1;37.14
3;3000;14;1;3500;1;33.11
3;3000;20;0;50;1;77.73
3;3000;20;0;250;1;82.29
3;3000;20;0;750;1;69.57
3;3000;20;0;1500;1;52.81
3;3000;20;0;2500;1;38.45
3;3000;20;0;3500;1;35.05
3;3000;20;1;50;1;74.72
3;3000;20;1;250;1;77.42
3;3000;20;1;750;1;69.92
3;3000;20;1;1500;1;52.25
3;3000;20;1;2500;1;37.97
3;3000;20;1;3500;1;34.64
3;7500;3;0;50;1;25.78
3;7500;3;0;250;1;50.6
3;7500;3;0;750;1;44.49
3;7500;3;0;1500;1;39.75
3;7500;3;0;2500;1;32.12
3;7500;3;0;3500;1;29.68
3;7500;3;1;50;1;47.7
3;7500;3;1;250;1;48.08
3;7500;3;1;750;1;44.23
3;7500;3;1;1500;1;37.5
3;7500;3;1;2500;1;31.0
3;7500;3;1;3500;1;28.8
3;7500;6;0;50;1;48.29
3;7500;6;0;250;1;38.42
3;7500;6;0;750;1;32.17
3;7500;6;0;1500;1;31.36
3;7500;6;0;2500;1;30.36
3;7500;6;0;3500;1;27.73
3;7500;6;1;50;1;44.84
3;7500;6;1;250;1;44.94
3;7500;6;1;750;1;41.75
3;7500;6;1;1500;1;37.06
3;7500;6;1;2500;1;30.04
3;7500;6;1;3500;1;26.34
3;7500;10;0;50;1;46.03
3;7500;10;0;250;1;46.22
3;7500;10;0;750;1;44.18
3;7500;10;0;1500;1;38.74
3;7500;10;0;2500;1;32.03
3;7500;10;0;3500;1;29.04
3;7500;10;1;50;1;45.91
3;7500;10;1;250;1;46.27
3;7500;10;1;750;1;43.69
3;7500;10;1;1500;1;39.02
3;7500;10;1;2500;1;31.83
3;7500;10;1;3500;1;29.48
3;7500;14;0;50;1;49.58
3;7500;14;0;250;1;48.96
3;7500;14;0;750;1;44.82
3;7500;14;0;1500;1;39.25
3;7500;14;0;2500;1;31.83
3;7500;14;0;3500;1;29.6
3;7500;14;1;50;1;39.2
3;7500;14;1;250;1;42.64
3;7500;14;1;750;1;44.07
3;7500;14;1;1500;1;41.87
3;7500;14;1;2500;1;34.29
3;7500;14;1;3500;1;30.12
3;7500;20;0;50;1;51.03
3;7500;20;0;250;1;50.83
3;7500;20;0;750;1;45.26
3;7500;20;0;1500;1;41.1
3;7500;20;0;2500;1;32.94
3;7500;20;0;3500;1;29.16
3;7500;20;1;50;1;47.54
3;7500;20;1;250;1;48.41
3;7500;20;1;750;1;43.94
3;7500;20;1;1500;1;38.77
3;7500;20;1;2500;1;31.39
3;7500;20;1;3500;1;29.46
3;17500;3;0;50;1;10.7
3;17500;3;0;250;1;27.51
3;17500;3;0;750;1;25.75
3;17500;3;0;1500;1;24.33
3;17500;3;0;2500;1;21.61
3;17500;3;0;3500;1;19.5
3;17500;3;1;50;1;25.49
3;17500;3;1;250;1;24.69
3;17500;3;1;750;1;23.44
3;17500;3;1;1500;1;22.77
3;17500;3;1;2500;1;21.08
3;17500;3;1;3500;1;19.5
3;17500;6;0;50;1;25.65
3;17500;6;0;250;1;25.56
3;17500;6;0;750;1;24.74
3;17500;6;0;1500;1;22.58
3;17500;6;0;2500;1;19.52
3;17500;6;0;3500;1;19.37
3;17500;6;1;50;1;25.42
3;17500;6;1;250;1;25.45
3;17500;6;1;750;1;24.65
3;17500;6;1;1500;1;22.41
3;17500;6;1;2500;1;20.56
3;17500;6;1;3500;1;18.86
3;17500;10;0;50;1;25.54
3;17500;10;0;250;1;25.23
3;17500;10;0;750;1;23.77
3;17500;10;0;1500;1;22.68
3;17500;10;0;2500;1;17.46
3;17500;10;0;3500;1;9.97
3;17500;10;1;50;1;28.24
3;17500;10;1;250;1;26.07
3;17500;10;1;750;1;25.75
3;17500;10;1;1500;1;23.93
3;17500;10;1;2500;1;21.83
3;17500;10;1;3500;1;19.27
3;17500;14;0;50;1;25.95
3;17500;14;0;250;1;24.57
3;17500;14;0;750;1;25.39
3;17500;14;0;1500;1;23.87
3;17500;14;0;2500;1;21.42
3;17500;14;0;3500;1;19.19
3;17500;14;1;50;1;25.43
3;17500;14;1;250;1;25.04
3;17500;14;1;750;1;24.21
3;17500;14;1;1500;1;22.36
3;17500;14;1;2500;1;19.59
3;17500;14;1;3500;1;19.36
3;17500;20;0;50;1;25.83
3;17500;20;0;250;1;25.63
3;17500;20;0;750;1;24.36
3;17500;20;0;1500;1;22.24
3;17500;20;0;2500;1;19.84
3;17500;20;0;3500;1;19.96
3;17500;20;1;50;1;25.66
3;17500;20;1;250;1;24.62
3;17500;20;1;750;1;24.43
3;17500;20;1;1500;1;22.52
3;17500;20;1;2500;1;19.5
3;17500;20;1;3500;1;19.48
3;37500;3;0;50;1;3.73
3;37500;3;0;250;1;14.28
3;37500;3;0;750;1;12.91
3;37500;3;0;1500;1;11.76
3;37500;3;0;2500;1;11.58
3;37500;3;0;3500;1;11.26
3;37500;3;1;50;1;14.38
3;37500;3;1;250;1;14.76
3;37500;3;1;750;1;12.11
3;37500;3;1;1500;1;12.5
3;37500;3;1;2500;1;11.31
3;37500;3;1;3500;1;11.52
3;37500;6;0;50;1;12.86
3;37500;6;0;250;1;12.83
3;37500;6;0;750;1;12.75
3;37500;6;0;1500;1;12.2
3;37500;6;0;2500;1;11.86
3;37500;6;0;3500;1;11.22
3;37500;6;1;50;1;12.77
3;37500;6;1;250;1;12.47
3;37500;6;1;750;1;12.89
3;37500;6;1;1500;1;12.24
3;37500;6;1;2500;1;11.61
3;37500;6;1;3500;1;10.84
3;37500;10;0;50;1;13.03
3;37500;10;0;250;1;13.23
3;37500;10;0;750;1;11.52
3;37500;10;0;1500;1;12.43
3;37500;10;0;2500;1;11.82
3;37500;10;0;3500;1;11.55
3;37500;10;1;50;1;12.92
3;37500;10;1;250;1;13.27
3;37500;10;1;750;1;13.04
3;37500;10;1;1500;1;12.18
3;37500;10;1;2500;1;12.41
3;37500;10;1;3500;1;11.24
3;37500;14;0;50;1;13.17
3;37500;14;0;250;1;12.78
3;37500;14;0;750;1;13.1
3;37500;14;0;1500;1;12.92
3;37500;14;0;2500;1;12.05
3;37500;14;0;3500;1;12.04
3;37500;14;1;50;1;15.06
3;37500;14;1;250;1;13.09
3;37500;14;1;750;1;12.39
3;37500;14;1;1500;1;12.48
3;37500;14;1;2500;1;11.67
3;37500;14;1;3500;1;11.48
3;37500;20;0;50;1;14.63
3;37500;20;0;250;1;14.72
3;37500;20;0;750;1;12.96
3;37500;20;0;1500;1;12.35
3;37500;20;0;2500;1;11.92
3;37500;20;0;3500;1;11.75
3;37500;20;1;50;1;14.57
3;37500;20;1;250;1;13.93
3;37500;20;1;750;1;12.67
3;37500;20;1;1500;1;12.73
3;37500;20;1;2500;1;12.09
3;37500;20;1;3500;1;11.34
3;62500;3;0;50;1;2.99
3;62500;3;0;250;1;9.52
3;62500;3;0;750;1;9.16
3;62500;3;0;1500;1;9.28
3;62500;3;0;2500;1;8.31
3;62500;3;0;3500;1;8.54
3;62500;3;1;50;1;7.99
3;62500;3;1;250;1;8.27
3;62500;3;1;750;1;9.09
3;62500;3;1;1500;1;8.1
3;62500;3;1;2500;1;7.77
3;62500;3;1;3500;1;8.13
3;62500;6;0;50;1;9.28
3;62500;6;0;250;1;9.2
3;62500;6;0;750;1;8.91
3;62500;6;0;1500;1;8.63
3;62500;6;0;2500;1;8.33
3;62500;6;0;3500;1;6.49
3;62500;6;1;50;1;9.42
3;62500;6;1;250;1;8.93
3;62500;6;1;750;1;8.16
3;62500;6;1;1500;1;8.18
3;62500;6;1;2500;1;6.25
3;62500;6;1;3500;1;8.15
3;62500;10;0;50;1;8.38
3;62500;10;0;250;1;9.12
3;62500;10;0;750;1;8.49
3;62500;10;0;1500;1;8.55
3;62500;10;0;2500;1;8.08
3;62500;10;0;3500;1;8.18
3;62500;10;1;50;1;8.83
3;62500;10;1;250;1;8.52
3;62500;10;1;750;1;8.51
3;62500;10;1;1500;1;8.47
3;62500;10;1;2500;1;8.09
3;62500;10;1;3500;1;6.33
3;62500;14;0;50;1;9.07
3;62500;14;0;250;1;7.8
3;62500;14;0;750;1;8.51
3;62500;14;0;1500;1;8.45
3;62500;14;0;2500;1;7.19
3;62500;14;0;3500;1;8.25
3;62500;14;1;50;1;9.11
3;62500;14;1;250;1;8.57
3;62500;14;1;750;1;8.41
3;62500;14;1;1500;1;7.11
3;62500;14;1;2500;1;7.98
3;62500;14;1;3500;1;7.99
3;62500;20;0;50;1;8.96
3;62500;20;0;250;1;9.0
3;62500;20;0;750;1;8.79
3;62500;20;0;1500;1;8.39
3;62500;20;0;2500;1;8.02
3;62500;20;0;3500;1;7.97
3;62500;20;1;50;1;8.45
3;62500;20;1;250;1;8.94
3;62500;20;1;750;1;6.34
3;62500;20;1;1500;1;7.58
3;62500;20;1;2500;1;6.49
3;62500;20;1;3500;1;7.99
3;87500;3;0;50;1;2.74
3;87500;3;0;250;1;7.48
3;87500;3;0;750;1;6.3
3;87500;3;0;1500;1;5.66
3;87500;3;0;2500;1;5.79
3;87500;3;0;3500;1;5.91
3;87500;3;1;50;1;6.11
3;87500;3;1;250;1;6.23
3;87500;3;1;750;1;6.16
3;87500;3;1;1500;1;5.96
3;87500;3;1;2500;1;5.33
3;87500;3;1;3500;1;5.57
3;87500;6;0;50;1;6.3
3;87500;6;0;250;1;6.0
3;87500;6;0;750;1;5.38
3;87500;6;0;1500;1;5.66
3;87500;6;0;2500;1;5.85
3;87500;6;0;3500;1;6.03
3;87500;6;1;50;1;6.6
3;87500;6;1;250;1;6.15
3;87500;6;1;750;1;6.15
3;87500;6;1;1500;1;5.76
3;87500;6;1;2500;1;5.92
3;87500;6;1;3500;1;5.66
3;87500;10;0;50;1;5.97
3;87500;10;0;250;1;6.51
3;87500;10;0;750;1;6.15
3;87500;10;0;1500;1;5.66
3;87500;10;0;2500;1;5.34
3;87500;10;0;3500;1;5.29
3;87500;10;1;50;1;7.45
3;87500;10;1;250;1;6.48
3;87500;10;1;750;1;6.38
3;87500;10;1;1500;1;5.28
3;87500;10;1;2500;1;4.93
3;87500;10;1;3500;1;5.05
3;87500;14;0;50;1;6.07
3;87500;14;0;250;1;6.34
3;87500;14;0;750;1;6.39
3;87500;14;0;1500;1;6.39
3;87500;14;0;2500;1;5.48
3;87500;14;0;3500;1;5.22
3;87500;14;1;50;1;6.29
3;87500;14;1;250;1;7.37
3;87500;14;1;750;1;6.3
3;87500;14;1;1500;1;5.78
3;87500;14;1;2500;1;5.57
3;87500;14;1;3500;1;5.64
3;87500;20;0;50;1;5.96
3;87500;20;0;250;1;6.48
3;87500;20;0;750;1;6.15
3;87500;20;0;1500;1;5.96
3;87500;20;0;2500;1;5.71
3;87500;20;0;3500;1;5.91
3;87500;20;1;50;1;6.23
3;87500;20;1;250;1;6.03
3;87500;20;1;750;1;6.09
3;87500;20;1;1500;1;5.67
3;87500;20;1;2500;1;5.75
3;87500;20;1;3500;1;5.71
3;137500;3;0;50;1;3.61
3;137500;3;0;250;1;5.74
3;137500;3;0;750;1;5.7
3;137500;3;0;1500;1;5.19
3;137500;3;0;2500;1;5.29
3;137500;3;0;3500;1;5.12
3;137500;3;1;50;1;5.42
3;137500;3;1;250;1;5.3
3;137500;3;1;750;1;5.1
3;137500;3;1;1500;1;5.4
3;137500;3;1;2500;1;4.91
3;137500;3;1;3500;1;5.25
3;137500;6;0;50;1;5.43
3;137500;6;0;250;1;5.28
3;137500;6;0;750;1;5.34
3;137500;6;0;1500;1;5.47
3;137500;6;0;2500;1;5.09
3;137500;6;0;3500;1;5.43
3;137500;6;1;50;1;5.12
3;137500;6;1;250;1;5.3
3;137500;6;1;750;1;5.39
3;137500;6;1;1500;1;5.2
3;137500;6;1;2500;1;5.07
3;137500;6;1;3500;1;5.0
3;137500;10;0;50;1;5.37
3;137500;10;0;250;1;5.62
3;137500;10;0;750;1;5.24
3;137500;10;0;1500;1;5.07
3;137500;10;0;2500;1;4.56
3;137500;10;0;3500;1;4.99
3;137500;10;1;50;1;5.32
3;137500;10;1;250;1;5.27
3;137500;10;1;750;1;5.25
3;137500;10;1;1500;1;4.94
3;137500;10;1;2500;1;4.96
3;137500;10;1;3500;1;4.8
3;137500;14;0;50;1;5.27
3;137500;14;0;250;1;5.56
3;137500;14;0;750;1;5.31
3;137500;14;0;1500;1;4.97
3;137500;14;0;2500;1;5.03
3;137500;14;0;3500;1;5.11
3;137500;14;1;50;1;5.33
3;137500;14;1;250;1;5.16
3;137500;14;1;750;1;4.87
3;137500;14;1;1500;1;5.08
3;137500;14;1;2500;1;5.0
3;137500;14;1;3500;1;4.93
3;137500;20;0;50;1;5.41
3;137500;20;0;250;1;5.51
3;137500;20;0;750;1;4.89
3;137500;20;0;1500;1;5.35
3;137500;20;0;2500;1;5.12
3;137500;20;0;3500;1;5.17
3;137500;20;1;50;1;5.21
3;137500;20;1;250;1;5.3
3;137500;20;1;750;1;5.22
3;137500;20;1;1500;1;5.02
3;137500;20;1;2500;1;4.46
3;137500;20;1;3500;1;4.74
3;212500;3;0;50;1;4.89
3;212500;3;0;250;1;4.66
3;212500;3;0;750;1;5.15
3;212500;3;0;1500;1;5.2
3;212500;3;0;2500;1;5.03
3;212500;3;0;3500;1;5.01
3;212500;3;1;50;1;4.82
3;212500;3;1;250;1;5.14
3;212500;3;1;750;1;5.2
3;212500;3;1;1500;1;5.02
3;212500;3;1;2500;1;5.37
3;212500;3;1;3500;1;5.07
3;212500;6;0;50;1;5.39
3;212500;6;0;250;1;5.46
3;212500;6;0;750;1;5.04
3;212500;6;0;1500;1;5.28
3;212500;6;0;2500;1;5.14
3;212500;6;0;3500;1;4.85
3;212500;6;1;50;1;5.47
3;212500;6;1;250;1;5.29
3;212500;6;1;750;1;5.33
3;212500;6;1;1500;1;5.18
3;212500;6;1;2500;1;5.34
3;212500;6;1;3500;1;5.27
3;212500;10;0;50;1;5.27
3;212500;10;0;250;1;5.81
3;212500;10;0;750;1;5.54
3;212500;10;0;1500;1;5.1
3;212500;10;0;2500;1;5.22
3;212500;10;0;3500;1;5.38
3;212500;10;1;50;1;5.24
3;212500;10;1;250;1;5.48
3;212500;10;1;750;1;5.49
3;212500;10;1;1500;1;5.34
3;212500;10;1;2500;1;5.2
3;212500;10;1;3500;1;4.86
3;212500;14;0;50;1;5.67
3;212500;14;0;250;1;5.65
3;212500;14;0;750;1;5.54
3;212500;14;0;1500;1;5.52
3;212500;14;0;2500;1;5.24
3;212500;14;0;3500;1;5.23
3;212500;14;1;50;1;5.66
3;212500;14;1;250;1;5.14
3;212500;14;1;750;1;5.55
3;212500;14;1;1500;1;5.35
3;212500;14;1;2500;1;4.98
3;212500;14;1;3500;1;4.97
3;212500;20;0;50;1;5.69
3;212500;20;0;250;1;5.56
3;212500;20;0;750;1;5.56
3;212500;20;0;1500;1;5.46
3;212500;20;0;2500;1;5.28
3;212500;20;0;3500;1;5.29
3;212500;20;1;50;1;5.32
3;212500;20;1;250;1;5.34
3;212500;20;1;750;1;5.25
3;212500;20;1;1500;1;5.0
3;212500;20;1;2500;1;5.04
3;212500;20;1;3500;1;5.13
3;300000;3;0;50;1;5.51
3;300000;3;0;250;1;5.54
3;300000;3;0;750;1;5.46
3;300000;3;0;1500;1;5.42
3;300000;3;0;2500;1;5.41
3;300000;3;0;3500;1;4.85
3;300000;3;1;50;1;4.12
3;300000;3;1;250;1;4.89
3;300000;3;1;750;1;4.84
3;300000;3;1;1500;1;4.96
3;300000;3;1;2500;1;4.69
3;300000;3;1;3500;1;3.89
3;300000;6;0;50;1;4.32
3;300000;6;0;250;1;5.03
3;300000;6;0;750;1;5.22
3;300000;6;0;1500;1;5.01
3;300000;6;0;2500;1;4.76
3;300000;6;0;3500;1;5.1
3;300000;6;1;50;1;5.48
3;300000;6;1;250;1;5.18
3;300000;6;1;750;1;5.23
3;300000;6;1;1500;1;5.21
3;300000;6;1;2500;1;5.21
3;300000;6;1;3500;1;5.0
3;300000;10;0;50;1;5.38
3;300000;10;0;250;1;5.66
3;300000;10;0;750;1;5.46
3;300000;10;0;1500;1;5.08
3;300000;10;0;2500;1;5.07
3;300000;10;0;3500;1;5.15
3;300000;10;1;50;1;5.44
3;300000;10;1;250;1;5.46
3;300000;10;1;750;1;5.11
3;300000;10;1;1500;1;5.16
3;300000;10;1;2500;1;4.95
3;300000;10;1;3500;1;4.37
3;300000;14;0;50;1;5.52
3;300000;14;0;250;1;4.93
3;300000;14;0;750;1;5.83
3;300000;14;0;1500;1;5.39
3;300000;14;0;2500;1;5.05
3;300000;14;0;3500;1;4.97
3;300000;14;1;50;1;5.29
3;300000;14;1;250;1;5.1
3;300000;14;1;750;1;5.37
3;300000;14;1;1500;1;4.74
3;300000;14;1;2500;1;4.46
3;300000;14;1;3500;1;4.87
3;300000;20;0;50;1;5.15
3;300000;20;0;250;1;5.84
3;300000;20;0;750;1;5.52
3;300000;20;0;1500;1;4.93
3;300000;20;0;2500;1;4.71
3;300000;20;0;3500;1;4.88
3;300000;20;1;50;1;5.05
3;300000;20;1;250;1;5.61
3;300000;20;1;750;1;5.52
3;300000;20;1;1500;1;5.25
3;300000;20;1;2500;1;4.9
3;300000;20;1;3500;1;5.01
4;50;3;0;50;0;0.79
4;50;3;0;250;0;131.18
4;50;3;0;750;0;89.33
4;50;3;0;1500;0;63.96
4;50;3;0;2500;0;45.8
4;50;3;0;3500;0;41.81
4;50;3;1;50;0;132.05
4;50;3;1;250;0;122.08
4;50;3;1;750;0;78.95
4;50;3;1;1500;0;55.79
4;50;3;1;2500;0;39.87
4;50;3;1;3500;0;38.75
4;50;6;0;50;0;142.93
4;50;6;0;250;0;128.32
4;50;6;0;750;0;81.71
4;50;6;0;1500;0;57.76
4;50;6;0;2500;0;42.71
4;50;6;0;3500;0;38.54
4;50;6;1;50;0;135.81
4;50;6;1;250;0;123.73
4;50;6;1;750;0;86.23
4;50;6;1;1500;0;57.18
4;50;6;1;2500;0;39.29
4;50;6;1;3500;0;38.23
4;50;10;0;50;0;135.92
4;50;10;0;250;0;126.26
4;50;10;0;750;0;89.84
4;50;10;0;1500;0;63.26
4;50;10;0;2500;0;44.26
4;50;10;0;3500;0;35.4
4;50;10;1;50;0;117.92
4;50;10;1;250;0;122.12
4;50;10;1;750;0;86.57
4;50;10;1;1500;0;61.86
4;50;10;1;2500;0;43.88
4;50;10;1;3500;0;38.21
4;50;14;0;50;0;131.77
4;50;14;0;250;0;125.32
4;50;14;0;750;0;89.24
4;50;14;0;1500;0;62.97
4;50;14;0;2500;0;43.87
4;50;14;0;3500;0;38.15
4;50;14;1;50;0;125.13
4;50;14;1;250;0;117.62
4;50;14;1;750;0;86.43
4;50;14;1;1500;0;62.42
4;50;14;1;2500;0;39.46
4;50;14;1;3500;0;32.13
4;50;20;0;50;0;96.05
4;50;20;0;250;0;90.62
4;50;20;0;750;0;62.89
4;50;20;0;1500;0;50.88
4;50;20;0;2500;0;38.56
4;50;20;0;3500;0;30.79
4;50;20;1;50;0;98.47
4;50;20;1;250;0;102.42
4;50;20;1;750;0;82.92
4;50;20;1;1500;0;62.8
4;50;20;1;2500;0;43.95
4;50;20;1;3500;0;38.61
4;300;3;0;50;0;91.34
4;300;3;0;250;0;112.51
4;300;3;0;750;0;84.47
4;300;3;0;1500;0;57.9
4;300;3;0;2500;0;42.52
4;300;3;0;3500;0;37.16
4;300;3;1;50;0;116.08
4;300;3;1;250;0;109.54
4;300;3;1;750;0;82.18
4;300;3;1;1500;0;58.03
4;300;3;1;2500;0;42.31
4;300;3;1;3500;0;36.02
4;300;6;0;50;0;110.52
4;300;6;0;250;0;110.76
4;300;6;0;750;0;82.5
4;300;6;0;1500;0;58.85
4;300;6;0;2500;0;42.43
4;300;6;0;3500;0;36.82
4;300;6;1;50;0;111.78
4;300;6;1;250;0;91.18
4;300;6;1;750;0;74.89
4;300;6;1;1500;0;48.31
4;300;6;1;2500;0;35.69
4;300;6;1;3500;0;30.85
4;300;10;0;50;0;89.74
4;300;10;0;250;0;92.53
4;300;10;0;750;0;63.88
4;300;10;0;1500;0;44.55
4;300;10;0;2500;0;33.05
4;300;10;0;3500;0;32.41
4;300;10;1;50;0;103.34
4;300;10;1;250;0;102.87
4;300;10;1;750;0;78.3
4;300;10;1;1500;0;56.84
4;300;10;1;2500;0;42.53
4;300;10;1;3500;0;37.01
4;300;14;0;50;0;122.28
4;300;14;0;250;0;116.19
4;300;14;0;750;0;85.45
4;300;14;0;1500;0;59.19
4;300;14;0;2500;0;42.95
4;300;14;0;3500;0;37.6
4;300;14;1;50;0;117.1
4;300;14;1;250;0;111.72
4;300;14;1;750;0;83.76
4;300;14;1;1500;0;58.98
4;300;14;1;2500;0;43.56
4;300;14;1;3500;0;37.64
4;300;20;0;50;0;122.06
4;300;20;0;250;0;116.54
4;300;20;0;750;0;85.95
4;300;20;0;1500;0;59.65
4;300;20;0;2500;0;43.52
4;300;20;0;3500;0;37.07
4;300;20;1;50;0;113.02
4;300;20;1;250;0;106.6
4;300;20;1;750;0;83.74
4;300;20;1;1500;0;58.77
4;300;20;1;2500;0;42.92
4;300;20;1;3500;0;37.7
4;750;3;0;50;0;78.36
4;750;3;0;250;0;105.36
4;750;3;0;750;0;79.59
4;750;3;0;1500;0;58.91
4;750;3;0;2500;0;42.92
4;750;3;0;3500;0;37.74
4;750;3;1;50;0;88.89
4;750;3;1;250;0;91.91
4;750;3;1;750;0;72.36
4;750;3;1;1500;0;55.68
4;750;3;1;2500;0;39.24
4;750;3;1;3500;0;35.75
4;750;6;0;50;0;108.96
4;750;6;0;250;0;110.16
4;750;6;0;750;0;62.59
4;750;6;0;1500;0;51.37
4;750;6;0;2500;0;37.61
4;750;6;0;3500;0;33.22
4;750;6;1;50;0;104.81
4;750;6;1;250;0;110.33
4;750;6;1;750;0;79.79
4;750;6;1;1500;0;59.4
4;750;6;1;2500;0;42.56
4;750;6;1;3500;0;36.88
4;750;10;0;50;0;112.2
4;750;10;0;250;0;109.83
4;750;10;0;750;0;78.9
4;750;10;0;1500;0;51.95
4;750;10;0;2500;0;41.78
4;750;10;0;3500;0;35.56
4;750;10;1;50;0;99.79
4;750;10;1;250;0;102.33
4;750;10;1;750;0;77.69
4;750;10;1;1500;0;56.24
4;750;10;1;2500;0;42.37
4;750;10;1;3500;0;37.07
4;750;14;0;50;0;111.51
4;750;14;0;250;0;108.62
4;750;14;0;750;0;81.9
4;750;14;0;1500;0;59.22
4;750;14;0;2500;0;42.01
4;750;14;0;3500;0;37.11
4;750;14;1;50;0;103.46
4;750;14;1;250;0;102.31
4;750;14;1;750;0;78.84
4;750;14;1;1500;0;57.97
4;750;14;1;2500;0;42.59
4;750;14;1;3500;0;36.72
4;750;20;0;50;0;89.7
4;750;20;0;250;0;104.72
4;750;20;0;750;0;84.45
4;750;20;0;1500;0;60.2
4;750;20;0;2500;0;43.55
4;750;20;0;3500;0;37.36
4;750;20;1;50;0;102.61
4;750;20;1;250;0;105.37
4;750;20;1;750;0;81.37
4;750;20;1;1500;0;60.84
4;750;20;1;2500;0;43.46
4;750;20;1;3500;0;37.13
4;3000;3;0;50;0;45.23
4;3000;3;0;250;0;72.54
4;3000;3;0;750;0;64.31
4;3000;3;0;1500;0;49.95
4;3000;3;0;2500;0;36.45
4;3000;3;0;3500;0;30.37
4;3000;3;1;50;0;58.18
4;3000;3;1;250;0;63.85
4;3000;3;1;750;0;62.89
4;3000;3;1;1500;0;51.02
4;3000;3;1;2500;0;37.72
4;3000;3;1;3500;0;29.13
4;3000;6;0;50;0;62.08
4;3000;6;0;250;0;65.13
4;3000;6;0;750;0;63.88
4;3000;6;0;1500;0;52.35
4;3000;6;0;2500;0;38.78
4;3000;6;0;3500;0;33.24
4;3000;6;1;50;0;59.15
4;3000;6;1;250;0;64.43
4;3000;6;1;750;0;62.79
4;3000;6;1;1500;0;50.68
4;3000;6;1;2500;0;37.46
4;3000;6;1;3500;0;33.83
4;3000;10;0;50;0;68.74
4;3000;10;0;250;0;59.56
4;3000;10;0;750;0;58.94
4;3000;10;0;1500;0;50.6
4;3000;10;0;2500;0;37.8
4;3000;10;0;3500;0;34.87
4;3000;10;1;50;0;69.08
4;3000;10;1;250;0;66.34
4;3000;10;1;750;0;59.66
4;3000;10;1;1500;0;49.57
4;3000;10;1;2500;0;36.96
4;3000;10;1;3500;0;32.32
4;3000;14;0;50;0;65.61
4;3000;14;0;250;0;69.18
4;3000;14;0;750;0;62.25
4;3000;14;0;1500;0;49.92
4;3000;14;0;2500;0;37.24
4;3000;14;0;3500;0;33.08
4;3000;14;1;50;0;61.47
4;3000;14;1;250;0;64.86
4;3000;14;1;750;0;51.58
4;3000;14;1;1500;0;24.09
4;3000;14;1;2500;0;27.75
4;3000;14;1;3500;0;24.29
4;3000;20;0;50;0;55.99
4;3000;20;0;250;0;59.34
4;3000;20;0;750;0;37.59
4;3000;20;0;1500;0;31.57
4;3000;20;0;2500;0;25.42
4;3000;20;0;3500;0;21.78
4;3000;20;1;50;0;50.89
4;3000;20;1;250;0;57.35
4;3000;20;1;750;0;54.97
4;3000;20;1;1500;0;43.45
4;3000;20;1;2500;0;34.97
4;3000;20;1;3500;0;31.23
4;7500;3;0;50;0;17.74
4;7500;3;0;250;0;29.88
4;7500;3;0;750;0;34.78
4;7500;3;0;1500;0;32.98
4;7500;3;0;2500;0;30.58
4;7500;3;0;3500;0;28.36
4;7500;3;1;50;0;39.25
4;7500;3;1;250;0;38.77
4;7500;3;1;750;0;35.5
4;7500;3;1;1500;0;26.55
4;7500;3;1;2500;0;24.78
4;7500;3;1;3500;0;23.19
4;7500;6;0;50;0;25.84
4;7500;6;0;250;0;30.06
4;7500;6;0;750;0;29.86
4;7500;6;0;1500;0;30.57
4;7500;6;0;2500;0;26.02
4;7500;6;0;3500;0;24.24
4;7500;6;1;50;0;28.34
4;7500;6;1;250;0;29.37
4;7500;6;1;750;0;29.11
4;7500;6;1;1500;0;28.8
4;7500;6;1;2500;0;25.23
4;7500;6;1;3500;0;23.82
4;7500;10;0;50;0;33.12
4;7500;10;0;250;0;33.1
4;7500;10;0;750;0;32.52
4;7500;10;0;1500;0;31.23
4;7500;10;0;2500;0;25.03
4;7500;10;0;3500;0;23.26
4;7500;10;1;50;0;29.21
4;7500;10;1;250;0;22.11
4;7500;10;1;750;0;35.42
4;7500;10;1;1500;0;26.05
4;7500;10;1;2500;0;24.73
4;7500;10;1;3500;0;24.49
4;7500;14;0;50;0;32.81
4;7500;14;0;250;0;35.62
4;7500;14;0;750;0;31.39
4;7500;14;0;1500;0;30.29
4;7500;14;0;2500;0;24.95
4;7500;14;0;3500;0;22.63
4;7500;14;1;50;0;30.83
4;7500;14;1;250;0;29.83
4;7500;14;1;750;0;28.66
4;7500;14;1;1500;0;25.04
4;7500;14;1;2500;0;19.49
4;7500;14;1;3500;0;19.56
4;7500;20;0;50;0;29.41
4;7500;20;0;250;0;28.64
4;7500;20;0;750;0;25.6
4;7500;20;0;1500;0;23.46
4;7500;20;0;2500;0;19.52
4;7500;20;0;3500;0;18.76
4;7500;20;1;50;0;29.3
4;7500;20;1;250;0;29.03
4;7500;20;1;750;0;23.87
4;7500;20;1;1500;0;23.79
4;7500;20;1;2500;0;19.77
4;7500;20;1;3500;0;18.52
4;17500;3;0;50;0;5.0
4;17500;3;0;250;0;16.83
4;17500;3;0;750;0;15.34
4;17500;3;0;1500;0;13.09
4;17500;3;0;2500;0;12.54
4;17500;3;0;3500;0;12.3
4;17500;3;1;50;0;12.34
4;17500;3;1;250;0;12.32
4;17500;3;1;750;0;12.25
4;17500;3;1;1500;0;12.81
4;17500;3;1;2500;0;11.03
4;17500;3;1;3500;0;11.47
4;17500;6;0;50;0;15.01
4;17500;6;0;250;0;15.68
4;17500;6;0;750;0;12.74
4;17500;6;0;1500;0;12.58
4;17500;6;0;2500;0;11.99
4;17500;6;0;3500;0;11.78
4;17500;6;1;50;0;15.56
4;17500;6;1;250;0;14.75
4;17500;6;1;750;0;12.81
4;17500;6;1;1500;0;12.76
4;17500;6;1;2500;0;11.7
4;17500;6;1;3500;0;12.01
4;17500;10;0;50;0;15.04
4;17500;10;0;250;0;15.06
4;17500;10;0;750;0;14.74
4;17500;10;0;1500;0;12.77
4;17500;10;0;2500;0;11.93
4;17500;10;0;3500;0;12.19
4;17500;10;1;50;0;15.33
4;17500;10;1;250;0;14.25
4;17500;10;1;750;0;14.8
4;17500;10;1;1500;0;12.88
4;17500;10;1;2500;0;12.55
4;17500;10;1;3500;0;11.65
4;17500;14;0;50;0;16.91
4;17500;14;0;250;0;15.41
4;17500;14;0;750;0;15.69
4;17500;14;0;1500;0;11.52
4;17500;14;0;2500;0;9.15
4;17500;14;0;3500;0;9.31
4;17500;14;1;50;0;10.87
4;17500;14;1;250;0;10.77
4;17500;14;1;750;0;10.43
4;17500;14;1;1500;0;9.87
4;17500;14;1;2500;0;10.15
4;17500;14;1;3500;0;10.28
4;17500;20;0;50;0;11.51
4;17500;20;0;250;0;10.72
4;17500;20;0;750;0;12.67
4;17500;20;0;1500;0;12.03
4;17500;20;0;2500;0;10.81
4;17500;20;0;3500;0;10.4
4;17500;20;1;50;0;11.5
4;17500;20;1;250;0;11.74
4;17500;20;1;750;0;12.06
4;17500;20;1;1500;0;11.59
4;17500;20;1;2500;0;10.75
4;17500;20;1;3500;0;10.29
4;37500;3;0;50;0;2.92
4;37500;3;0;250;0;7.6
4;37500;3;0;750;0;7.88
4;37500;3;0;1500;0;6.03
4;37500;3;0;2500;0;6.19
4;37500;3;0;3500;0;5.84
4;37500;3;1;50;0;5.77
4;37500;3;1;250;0;6.02
4;37500;3;1;750;0;6.5
4;37500;3;1;1500;0;6.45
4;37500;3;1;2500;0;5.83
4;37500;3;1;3500;0;6.35
4;37500;6;0;50;0;5.43
4;37500;6;0;250;0;7.88
4;37500;6;0;750;0;7.81
4;37500;6;0;1500;0;6.05
4;37500;6;0;2500;0;6.27
4;37500;6;0;3500;0;6.58
4;37500;6;1;50;0;8.87
4;37500;6;1;250;0;8.43
4;37500;6;1;750;0;7.78
4;37500;6;1;1500;0;7.99
4;37500;6;1;2500;0;6.32
4;37500;6;1;3500;0;6.28
4;37500;10;0;50;0;6.27
4;37500;10;0;250;0;8.75
4;37500;10;0;750;0;7.52
4;37500;10;0;1500;0;8.35
4;37500;10;0;2500;0;8.08
4;37500;10;0;3500;0;6.05
4;37500;10;1;50;0;8.27
4;37500;10;1;250;0;8.4
4;37500;10;1;750;0;6.32
4;37500;10;1;1500;0;7.64
4;37500;10;1;2500;0;6.1
4;37500;10;1;3500;0;6.24
4;37500;14;0;50;0;6.62
4;37500;14;0;250;0;7.93
4;37500;14;0;750;0;8.34
4;37500;14;0;1500;0;6.43
4;37500;14;0;2500;0;6.46
4;37500;14;0;3500;0;6.52
4;37500;14;1;50;0;8.89
4;37500;14;1;250;0;8.81
4;37500;14;1;750;0;8.31
4;37500;14;1;1500;0;8.27
4;37500;14;1;2500;0;6.52
4;37500;14;1;3500;0;6.38
4;37500;20;0;50;0;8.99
4;37500;20;0;250;0;8.91
4;37500;20;0;750;0;8.45
4;37500;20;0;1500;0;8.83
4;37500;20;0;2500;0;8.67
4;37500;20;0;3500;0;8.12
4;37500;20;1;50;0;9.22
4;37500;20;1;250;0;8.72
4;37500;20;1;750;0;8.72
4;37500;20;1;1500;0;8.35
4;37500;20;1;2500;0;8.57
4;37500;20;1;3500;0;8.13
4;62500;3;0;50;0;2.29
4;62500;3;0;250;0;5.85
4;62500;3;0;750;0;5.18
4;62500;3;0;1500;0;4.94
4;62500;3;0;2500;0;4.77
4;62500;3;0;3500;0;4.6
4;62500;3;1;50;0;4.4
4;62500;3;1;250;0;5.03
4;62500;3;1;750;0;5.15
4;62500;3;1;1500;0;5.56
4;62500;3;1;2500;0;4.84
4;62500;3;1;3500;0;4.35
4;62500;6;0;50;0;4.5
4;62500;6;0;250;0;5.29
4;62500;6;0;750;0;5.75
4;62500;6;0;1500;0;5.21
4;62500;6;0;2500;0;4.81
4;62500;6;0;3500;0;4.78
4;62500;6;1;50;0;4.76
4;62500;6;1;250;0;4.69
4;62500;6;1;750;0;4.5
4;62500;6;1;1500;0;4.39
4;62500;6;1;2500;0;4.5
4;62500;6;1;3500;0;4.34
4;62500;10;0;50;0;5.02
4;62500;10;0;250;0;4.22
4;62500;10;0;750;0;4.76
4;62500;10;0;1500;0;4.63
4;62500;10;0;2500;0;4.6
4;62500;10;0;3500;0;4.53
4;62500;10;1;50;0;4.55
4;62500;10;1;250;0;4.97
4;62500;10;1;750;0;4.69
4;62500;10;1;1500;0;4.44
4;62500;10;1;2500;0;4.66
4;62500;10;1;3500;0;4.55
4;62500;14;0;50;0;4.96
4;62500;14;0;250;0;5.08
4;62500;14;0;750;0;4.78
4;62500;14;0;1500;0;4.8
4;62500;14;0;2500;0;4.73
4;62500;14;0;3500;0;4.41
4;62500;14;1;50;0;5.04
4;62500;14;1;250;0;5.0
4;62500;14;1;750;0;4.72
4;62500;14;1;1500;0;4.73
4;62500;14;1;2500;0;4.57
4;62500;14;1;3500;0;4.64
4;62500;20;0;50;0;4.78
4;62500;20;0;250;0;4.6
4;62500;20;0;750;0;4.75
4;62500;20;0;1500;0;4.43
4;62500;20;0;2500;0;4.19
4;62500;20;0;3500;0;4.42
4;62500;20;1;50;0;4.61
4;62500;20;1;250;0;4.99
4;62500;20;1;750;0;3.99
4;62500;20;1;1500;0;4.28
4;62500;20;1;2500;0;4.04
4;62500;20;1;3500;0;4.03
4;87500;3;0;50;0;2.14
4;87500;3;0;250;0;4.77
4;87500;3;0;750;0;3.87
4;87500;3;0;1500;0;3.8
4;87500;3;0;2500;0;3.73
4;87500;3;0;3500;0;4.01
4;87500;3;1;50;0;3.85
4;87500;3;1;250;0;4.07
4;87500;3;1;750;0;3.92
4;87500;3;1;1500;0;3.57
4;87500;3;1;2500;0;3.71
4;87500;3;1;3500;0;3.62
4;87500;6;0;50;0;3.88
4;87500;6;0;250;0;4.06
4;87500;6;0;750;0;4.01
4;87500;6;0;1500;0;3.81
4;87500;6;0;2500;0;3.7
4;87500;6;0;3500;0;3.58
4;87500;6;1;50;0;3.87
4;87500;6;1;250;0;3.88
4;87500;6;1;750;0;3.75
4;87500;6;1;1500;0;3.76
4;87500;6;1;2500;0;3.39
4;87500;6;1;3500;0;3.54
4;87500;10;0;50;0;4.03
4;87500;10;0;250;0;4.05
4;87500;10;0;750;0;3.9
4;87500;10;0;1500;0;3.96
4;87500;10;0;2500;0;3.66
4;87500;10;0;3500;0;3.96
4;87500;10;1;50;0;4.01
4;87500;10;1;250;0;4.08
4;87500;10;1;750;0;3.83
4;87500;10;1;1500;0;3.72
4;87500;10;1;2500;0;3.85
4;87500;10;1;3500;0;3.68
4;87500;14;0;50;0;3.88
4;87500;14;0;250;0;4.01
4;87500;14;0;750;0;3.81
4;87500;14;0;1500;0;3.63
4;87500;14;0;2500;0;3.57
4;87500;14;0;3500;0;3.46
4;87500;14;1;50;0;3.82
4;87500;14;1;250;0;3.9
4;87500;14;1;750;0;3.84
4;87500;14;1;1500;0;3.32
4;87500;14;1;2500;0;3.16
4;87500;14;1;3500;0;3.5
4;87500;20;0;50;0;4.1
4;87500;20;0;250;0;4.14
4;87500;20;0;750;0;3.93
4;87500;20;0;1500;0;4.03
4;87500;20;0;2500;0;3.27
4;87500;20;0;3500;0;4.15
4;87500;20;1;50;0;3.92
4;87500;20;1;250;0;3.49
4;87500;20;1;750;0;3.67
4;87500;20;1;1500;0;3.6
4;87500;20;1;2500;0;3.87
4;87500;20;1;3500;0;3.32
4;137500;3;0;50;0;2.82
4;137500;3;0;250;0;3.45
4;137500;3;0;750;0;3.54
4;137500;3;0;1500;0;3.42
4;137500;3;0;2500;0;3.51
4;137500;3;0;3500;0;3.29
4;137500;3;1;50;0;3.48
4;137500;3;1;250;0;3.26
4;137500;3;1;750;0;3.48
4;137500;3;1;1500;0;3.26
4;137500;3;1;2500;0;3.34
4;137500;3;1;3500;0;3.15
4;137500;6;0;50;0;3.49
4;137500;6;0;250;0;3.75
4;137500;6;0;750;0;3.43
4;137500;6;0;1500;0;2.97
4;137500;6;0;2500;0;3.28
4;137500;6;0;3500;0;3.34
4;137500;6;1;50;0;3.71
4;137500;6;1;250;0;3.2
4;137500;6;1;750;0;2.91
4;137500;6;1;1500;0;3.17
4;137500;6;1;2500;0;3.27
4;137500;6;1;3500;0;3.52
4;137500;10;0;50;0;3.87
4;137500;10;0;250;0;3.97
4;137500;10;0;750;0;4.07
4;137500;10;0;1500;0;4.15
4;137500;10;0;2500;0;3.98
4;137500;10;0;3500;0;4.0
4;137500;10;1;50;0;4.04
4;137500;10;1;250;0;3.71
4;137500;10;1;750;0;4.68
4;137500;10;1;1500;0;3.99
4;137500;10;1;2500;0;3.96
4;137500;10;1;3500;0;3.7
4;137500;14;0;50;0;4.04
4;137500;14;0;250;0;4.23
4;137500;14;0;750;0;4.07
4;137500;14;0;1500;0;3.9
4;137500;14;0;2500;0;3.78
4;137500;14;0;3500;0;4.06
4;137500;14;1;50;0;4.22
4;137500;14;1;250;0;4.14
4;137500;14;1;750;0;4.08
4;137500;14;1;1500;0;4.02
4;137500;14;1;2500;0;3.84
4;137500;14;1;3500;0;3.99
4;137500;20;0;50;0;4.07
4;137500;20;0;250;0;4.21
4;137500;20;0;750;0;4.17
4;137500;20;0;1500;0;4.16
4;137500;20;0;2500;0;4.06
4;137500;20;0;3500;0;3.7
4;137500;20;1;50;0;4.08
4;137500;20;1;250;0;3.79
4;137500;20;1;750;0;3.95
4;137500;20;1;1500;0;4.07
4;137500;20;1;2500;0;3.96
4;137500;20;1;3500;0;3.89
4;212500;3;0;50;0;4.23
4;212500;3;0;250;0;4.21
4;212500;3;0;750;0;4.26
4;212500;3;0;1500;0;4.16
4;212500;3;0;2500;0;3.79
4;212500;3;0;3500;0;3.91
4;212500;3;1;50;0;4.23
4;212500;3;1;250;0;4.08
4;212500;3;1;750;0;4.15
4;212500;3;1;1500;0;4.03
4;212500;3;1;2500;0;3.98
4;212500;3;1;3500;0;3.95
4;212500;6;0;50;0;3.93
4;212500;6;0;250;0;4.15
4;212500;6;0;750;0;4.13
4;212500;6;0;1500;0;4.12
4;212500;6;0;2500;0;3.92
4;212500;6;0;3500;0;3.59
4;212500;6;1;50;0;4.2
4;212500;6;1;250;0;4.15
4;212500;6;1;750;0;4.11
4;212500;6;1;1500;0;3.84
4;212500;6;1;2500;0;3.81
4;212500;6;1;3500;0;3.83
4;212500;10;0;50;0;4.03
4;212500;10;0;250;0;3.76
4;212500;10;0;750;0;3.72
4;212500;10;0;1500;0;4.15
4;212500;10;0;2500;0;3.89
4;212500;10;0;3500;0;3.97
4;212500;10;1;50;0;4.0
4;212500;10;1;250;0;3.75
4;212500;10;1;750;0;4.14
4;212500;10;1;1500;0;4.17
4;212500;10;1;2500;0;3.93
4;212500;10;1;3500;0;3.88
4;212500;14;0;50;0;3.59
4;212500;14;0;250;0;3.95
4;212500;14;0;750;0;3.99
4;212500;14;0;1500;0;4.11
4;212500;14;0;2500;0;3.85
4;212500;14;0;3500;0;3.83
4;212500;14;1;50;0;3.75
4;212500;14;1;250;0;4.28
4;212500;14;1;750;0;4.11
4;212500;14;1;1500;0;3.78
4;212500;14;1;2500;0;3.93
4;212500;14;1;3500;0;3.92
4;212500;20;0;50;0;4.19
4;212500;20;0;250;0;3.84
4;212500;20;0;750;0;4.11
4;212500;20;0;1500;0;4.03
4;212500;20;0;2500;0;3.94
4;212500;20;0;3500;0;3.82
4;212500;20;1;50;0;4.12
4;212500;20;1;250;0;3.96
4;212500;20;1;750;0;3.84
4;212500;20;1;1500;0;3.76
4;212500;20;1;2500;0;3.8
4;212500;20;1;3500;0;3.66
4;300000;3;0;50;0;3.81
4;300000;3;0;250;0;4.07
4;300000;3;0;750;0;4.07
4;300000;3;0;1500;0;3.76
4;300000;3;0;2500;0;3.84
4;300000;3;0;3500;0;3.46
4;300000;3;1;50;0;4.22
4;300000;3;1;250;0;4.02
4;300000;3;1;750;0;4.03
4;300000;3;1;1500;0;3.82
4;300000;3;1;2500;0;3.66
4;300000;3;1;3500;0;3.62
4;300000;6;0;50;0;3.97
4;300000;6;0;250;0;4.02
4;300000;6;0;750;0;3.84
4;300000;6;0;1500;0;3.94
4;300000;6;0;2500;0;3.73
4;300000;6;0;3500;0;4.03
4;300000;6;1;50;0;3.96
4;300000;6;1;250;0;3.95
4;300000;6;1;750;0;3.67
4;300000;6;1;1500;0;3.9
4;300000;6;1;2500;0;3.69
4;300000;6;1;3500;0;3.75
4;300000;10;0;50;0;3.92
4;300000;10;0;250;0;4.05
4;300000;10;0;750;0;3.98
4;300000;10;0;1500;0;3.83
4;300000;10;0;2500;0;3.89
4;300000;10;0;3500;0;3.77
4;300000;10;1;50;0;3.64
4;300000;10;1;250;0;4.12
4;300000;10;1;750;0;3.93
4;300000;10;1;1500;0;3.7
4;300000;10;1;2500;0;3.57
4;300000;10;1;3500;0;3.72
4;300000;14;0;50;0;3.64
4;300000;14;0;250;0;4.08
4;300000;14;0;750;0;3.99
4;300000;14;0;1500;0;3.9
4;300000;14;0;2500;0;3.9
4;300000;14;0;3500;0;3.84
4;300000;14;1;50;0;3.74
4;300000;14;1;250;0;3.97
4;300000;14;1;750;0;3.62
4;300000;14;1;1500;0;4.36
4;300000;14;1;2500;0;3.59
4;300000;14;1;3500;0;3.58
4;300000;20;0;50;0;3.98
4;300000;20;0;250;0;3.97
4;300000;20;0;750;0;3.88
4;300000;20;0;1500;0;3.45
4;300000;20;0;2500;0;3.61
4;300000;20;0;3500;0;3.64
4;300000;20;1;50;0;3.85
4;300000;20;1;250;0;3.78
4;300000;20;1;750;0;3.74
4;300000;20;1;1500;0;3.84
4;300000;20;1;2500;0;3.76
4;300000;20;1;3500;0;3.59
4;50;3;0;50;1;0.74
4;50;3;0;250;1;130.72
4;50;3;0;750;1;89.3
4;50;3;0;1500;1;64.09
4;50;3;0;2500;1;46.23
4;50;3;0;3500;1;41.76
4;50;3;1;50;1;116.29
4;50;3;1;250;1;115.72
4;50;3;1;750;1;88.29
4;50;3;1;1500;1;52.91
4;50;3;1;2500;1;42.24
4;50;3;1;3500;1;35.28
4;50;6;0;50;1;116.04
4;50;6;0;250;1;90.72
4;50;6;0;750;1;70.94
4;50;6;0;1500;1;53.3
4;50;6;0;2500;1;39.41
4;50;6;0;3500;1;33.24
4;50;6;1;50;1;115.26
4;50;6;1;250;1;111.12
4;50;6;1;750;1;84.34
4;50;6;1;1500;1;51.47
4;50;6;1;2500;1;42.71
4;50;6;1;3500;1;36.9
4;50;10;0;50;1;129.57
4;50;10;0;250;1;122.07
4;50;10;0;750;1;89.41
4;50;10;0;1500;1;62.81
4;50;10;0;2500;1;43.56
4;50;10;0;3500;1;37.99
4;50;10;1;50;1;124.16
4;50;10;1;250;1;115.92
4;50;10;1;750;1;86.59
4;50;10;1;1500;1;61.84
4;50;10;1;2500;1;42.97
4;50;10;1;3500;1;37.27
4;50;14;0;50;1;130.68
4;50;14;0;250;1;122.92
4;50;14;0;750;1;90.0
4;50;14;0;1500;1;64.32
4;50;14;0;2500;1;43.47
4;50;14;0;3500;1;38.73
4;50;14;1;50;1;125.3
4;50;14;1;250;1;119.26
4;50;14;1;750;1;86.27
4;50;14;1;1500;1;62.26
4;50;14;1;2500;1;43.97
4;50;14;1;3500;1;38.16
4;50;20;0;50;1;133.12
4;50;20;0;250;1;116.56
4;50;20;0;750;1;90.44
4;50;20;0;1500;1;63.28
4;50;20;0;2500;1;44.6
4;50;20;0;3500;1;38.9
4;50;20;1;50;1;129.51
4;50;20;1;250;1;122.01
4;50;20;1;750;1;89.12
4;50;20;1;1500;1;63.42
4;50;20;1;2500;1;44.6
4;50;20;1;3500;1;38.82
4;300;3;0;50;1;91.19
4;300;3;0;250;1;122.21
4;300;3;0;750;1;91.04
4;300;3;0;1500;1;63.13
4;300;3;0;2500;1;44.34
4;300;3;0;3500;1;38.31
4;300;3;1;50;1;123.17
4;300;3;1;250;1;116.33
4;300;3;1;750;1;85.85
4;300;3;1;1500;1;61.75
4;300;3;1;2500;1;43.66
4;300;3;1;3500;1;37.96
4;300;6;0;50;1;125.96
4;300;6;0;250;1;117.92
4;300;6;0;750;1;88.4
4;300;6;0;1500;1;62.51
4;300;6;0;2500;1;43.78
4;300;6;0;3500;1;38.46
4;300;6;1;50;1;122.18
4;300;6;1;250;1;115.49
4;300;6;1;750;1;85.94
4;300;6;1;1500;1;57.44
4;300;6;1;2500;1;43.23
4;300;6;1;3500;1;37.23
4;300;10;0;50;1;124.32
4;300;10;0;250;1;119.97
4;300;10;0;750;1;89.33
4;300;10;0;1500;1;63.11
4;300;10;0;2500;1;43.95
4;300;10;0;3500;1;38.23
4;300;10;1;50;1;122.16
4;300;10;1;250;1;112.08
4;300;10;1;750;1;82.87
4;300;10;1;1500;1;59.54
4;300;10;1;2500;1;42.83
4;300;10;1;3500;1;38.12
4;300;14;0;50;1;110.08
4;300;14;0;250;1;106.23
4;300;14;0;750;1;81.78
4;300;14;0;1500;1;64.26
4;300;14;0;2500;1;44.67
4;300;14;0;3500;1;38.58
4;300;14;1;50;1;122.49
4;300;14;1;250;1;117.05
4;300;14;1;750;1;85.75
4;300;14;1;1500;1;59.89
4;300;14;1;2500;1;43.51
4;300;14;1;3500;1;37.67
4;300;20;0;50;1;122.31
4;300;20;0;250;1;114.86
4;300;20;0;750;1;83.53
4;300;20;0;1500;1;59.44
4;300;20;0;2500;1;42.47
4;300;20;0;3500;1;37.27
4;300;20;1;50;1;118.97
4;300;20;1;250;1;113.17
4;300;20;1;750;1;85.64
4;300;20;1;1500;1;61.82
4;300;20;1;2500;1;43.6
4;300;20;1;3500;1;37.86
4;750;3;0;50;1;83.55
4;750;3;0;250;1;111.32
4;750;3;0;750;1;83.55
4;750;3;0;1500;1;59.56
4;750;3;0;2500;1;42.19
4;750;3;0;3500;1;36.7
4;750;3;1;50;1;105.95
4;750;3;1;250;1;104.74
4;750;3;1;750;1;78.6
4;750;3;1;1500;1;57.28
4;750;3;1;2500;1;42.31
4;750;3;1;3500;1;37.43
4;750;6;0;50;1;112.22
4;750;6;0;250;1;105.94
4;750;6;0;750;1;78.89
4;750;6;0;1500;1;58.73
4;750;6;0;2500;1;42.59
4;750;6;0;3500;1;37.16
4;750;6;1;50;1;109.8
4;750;6;1;250;1;108.62
4;750;6;1;750;1;81.8
4;750;6;1;1500;1;57.4
4;750;6;1;2500;1;41.71
4;750;6;1;3500;1;37.01
4;750;10;0;50;1;106.41
4;750;10;0;250;1;109.07
4;750;10;0;750;1;82.31
4;750;10;0;1500;1;57.42
4;750;10;0;2500;1;42.74
4;750;10;0;3500;1;37.23
4;750;10;1;50;1;108.6
4;750;10;1;250;1;105.42
4;750;10;1;750;1;79.42
4;750;10;1;1500;1;58.12
4;750;10;1;2500;1;41.75
4;750;10;1;3500;1;36.94
4;750;14;0;50;1;115.37
4;750;14;0;250;1;111.12
4;750;14;0;750;1;82.99
4;750;14;0;1500;1;58.76
4;750;14;0;2500;1;42.09
4;750;14;0;3500;1;37.29
4;750;14;1;50;1;109.28
4;750;14;1;250;1;99.61
4;750;14;1;750;1;78.55
4;750;14;1;1500;1;57.82
4;750;14;1;2500;1;42.04
4;750;14;1;3500;1;37.23
4;750;20;0;50;1;112.95
4;750;20;0;250;1;108.96
4;750;20;0;750;1;70.73
4;750;20;0;1500;1;45.95
4;750;20;0;2500;1;13.6
4;750;20;0;3500;1;30.76
4;750;20;1;50;1;105.45
4;750;20;1;250;1;104.59
4;750;20;1;750;1;78.86
4;750;20;1;1500;1;57.68
4;750;20;1;2500;1;39.61
4;750;20;1;3500;1;36.11
4;3000;3;0;50;1;46.15
4;3000;3;0;250;1;81.82
4;3000;3;0;750;1;66.15
4;3000;3;0;1500;1;49.29
4;3000;3;0;2500;1;37.22
4;3000;3;0;3500;1;32.08
4;3000;3;1;50;1;63.01
4;3000;3;1;250;1;64.94
4;3000;3;1;750;1;59.82
4;3000;3;1;1500;1;50.17
4;3000;3;1;2500;1;38.34
4;3000;3;1;3500;1;34.98
4;3000;6;0;50;1;78.61
4;3000;6;0;250;1;78.26
4;3000;6;0;750;1;65.37
4;3000;6;0;1500;1;49.96
4;3000;6;0;2500;1;37.1
4;3000;6;0;3500;1;29.9
4;3000;6;1;50;1;65.69
4;3000;6;1;250;1;68.36
4;3000;6;1;750;1;57.48
4;3000;6;1;1500;1;42.79
4;3000;6;1;2500;1;35.44
4;3000;6;1;3500;1;32.42
4;3000;10;0;50;1;81.65
4;3000;10;0;250;1;77.63
4;3000;10;0;750;1;63.81
4;3000;10;0;1500;1;49.6
4;3000;10;0;2500;1;37.02
4;3000;10;0;3500;1;32.98
4;3000;10;1;50;1;72.64
4;3000;10;1;250;1;75.14
4;3000;10;1;750;1;55.61
4;3000;10;1;1500;1;45.47
4;3000;10;1;2500;1;37.35
4;3000;10;1;3500;1;32.1
4;3000;14;0;50;1;77.15
4;3000;14;0;250;1;76.5
4;3000;14;0;750;1;64.58
4;3000;14;0;1500;1;36.85
4;3000;14;0;2500;1;35.5
4;3000;14;0;3500;1;32.31
4;3000;14;1;50;1;76.26
4;3000;14;1;250;1;76.49
4;3000;14;1;750;1;65.15
4;3000;14;1;1500;1;49.04
4;3000;14;1;2500;1;36.48
4;3000;14;1;3500;1;32.68
4;3000;20;0;50;1;75.86
4;3000;20;0;250;1;77.66
4;3000;20;0;750;1;64.72
4;3000;20;0;1500;1;49.51
4;3000;20;0;2500;1;36.96
4;3000;20;0;3500;1;32.46
4;3000;20;1;50;1;73.03
4;3000;20;1;250;1;76.21
4;3000;20;1;750;1;62.83
4;3000;20;1;1500;1;34.44
4;3000;20;1;2500;1;32.14
4;3000;20;1;3500;1;31.2
4;7500;3;0;50;1;25.56
4;7500;3;0;250;1;54.65
4;7500;3;0;750;1;46.05
4;7500;3;0;1500;1;34.54
4;7500;3;0;2500;1;29.52
4;7500;3;0;3500;1;28.62
4;7500;3;1;50;1;46.37
4;7500;3;1;250;1;46.27
4;7500;3;1;750;1;45.14
4;7500;3;1;1500;1;39.04
4;7500;3;1;2500;1;30.86
4;7500;3;1;3500;1;28.59
4;7500;6;0;50;1;46.07
4;7500;6;0;250;1;39.48
4;7500;6;0;750;1;39.96
4;7500;6;0;1500;1;38.61
4;7500;6;0;2500;1;32.05
4;7500;6;0;3500;1;29.17
4;7500;6;1;50;1;45.95
4;7500;6;1;250;1;48.5
4;7500;6;1;750;1;44.04
4;7500;6;1;1500;1;38.63
4;7500;6;1;2500;1;31.34
4;7500;6;1;3500;1;28.4
4;7500;10;0;50;1;47.94
4;7500;10;0;250;1;49.39
4;7500;10;0;750;1;43.48
4;7500;10;0;1500;1;39.81
4;7500;10;0;2500;1;31.2
4;7500;10;0;3500;1;25.59
4;7500;10;1;50;1;41.93
4;7500;10;1;250;1;44.44
4;7500;10;1;750;1;45.73
4;7500;10;1;1500;1;42.29
4;7500;10;1;2500;1;33.17
4;7500;10;1;3500;1;30.06
4;7500;14;0;50;1;49.93
4;7500;14;0;250;1;50.29
4;7500;14;0;750;1;47.11
4;7500;14;0;1500;1;41.21
4;7500;14;0;2500;1;33.04
4;7500;14;0;3500;1;30.26
4;7500;14;1;50;1;46.29
4;7500;14;1;250;1;46.64
4;7500;14;1;750;1;44.08
4;7500;14;1;1500;1;38.14
4;7500;14;1;2500;1;30.88
4;7500;14;1;3500;1;28.9
4;7500;20;0;50;1;48.7
4;7500;20;0;250;1;50.32
4;7500;20;0;750;1;45.06
4;7500;20;0;1500;1;41.17
4;7500;20;0;2500;1;32.98
4;7500;20;0;3500;1;29.45
4;7500;20;1;50;1;21.55
4;7500;20;1;250;1;36.44
4;7500;20;1;750;1;44.26
4;7500;20;1;1500;1;39.7
4;7500;20;1;2500;1;31.72
4;7500;20;1;3500;1;29.97
4;17500;3;0;50;1;10.93
4;17500;3;0;250;1;27.81
4;17500;3;0;750;1;25.98
4;17500;3;0;1500;1;24.28
4;17500;3;0;2500;1;19.34
4;17500;3;0;3500;1;19.7
4;17500;3;1;50;1;25.24
4;17500;3;1;250;1;26.08
4;17500;3;1;750;1;24.16
4;17500;3;1;1500;1;22.53
4;17500;3;1;2500;1;21.17
4;17500;3;1;3500;1;18.88
4;17500;6;0;50;1;25.61
4;17500;6;0;250;1;25.53
4;17500;6;0;750;1;24.41
4;17500;6;0;1500;1;23.33
4;17500;6;0;2500;1;21.57
4;17500;6;0;3500;1;19.52
4;17500;6;1;50;1;25.93
4;17500;6;1;250;1;25.44
4;17500;6;1;750;1;24.99
4;17500;6;1;1500;1;22.9
4;17500;6;1;2500;1;21.36
4;17500;6;1;3500;1;19.14
4;17500;10;0;50;1;26.45
4;17500;10;0;250;1;26.18
4;17500;10;0;750;1;25.37
4;17500;10;0;1500;1;23.9
4;17500;10;0;2500;1;21.36
4;17500;10;0;3500;1;19.88
4;17500;10;1;50;1;25.17
4;17500;10;1;250;1;26.0
4;17500;10;1;750;1;24.22
4;17500;10;1;1500;1;22.8
4;17500;10;1;2500;1;21.46
4;17500;10;1;3500;1;19.51
4;17500;14;0;50;1;26.11
4;17500;14;0;250;1;25.81
4;17500;14;0;750;1;25.54
4;17500;14;0;1500;1;23.7
4;17500;14;0;2500;1;19.69
4;17500;14;0;3500;1;19.17
4;17500;14;1;50;1;26.18
4;17500;14;1;250;1;25.96
4;17500;14;1;750;1;24.97
4;17500;14;1;1500;1;23.09
4;17500;14;1;2500;1;21.15
4;17500;14;1;3500;1;18.97
4;17500;20;0;50;1;25.9
4;17500;20;0;250;1;25.96
4;17500;20;0;750;1;25.58
4;17500;20;0;1500;1;22.58
4;17500;20;0;2500;1;21.78
4;17500;20;0;3500;1;19.51
4;17500;20;1;50;1;25.66
4;17500;20;1;250;1;25.24
4;17500;20;1;750;1;24.44
4;17500;20;1;1500;1;22.56
4;17500;20;1;2500;1;19.68
4;17500;20;1;3500;1;19.15
4;37500;3;0;50;1;4.23
4;37500;3;0;250;1;14.63
4;37500;3;0;750;1;12.22
4;37500;3;0;1500;1;12.5
4;37500;3;0;2500;1;11.86
4;37500;3;0;3500;1;11.88
4;37500;3;1;50;1;15.1
4;37500;3;1;250;1;14.62
4;37500;3;1;750;1;12.82
4;37500;3;1;1500;1;12.57
4;37500;3;1;2500;1;12.03
4;37500;3;1;3500;1;11.66
4;37500;6;0;50;1;13.1
4;37500;6;0;250;1;12.97
4;37500;6;0;750;1;12.93
4;37500;6;0;1500;1;12.29
4;37500;6;0;2500;1;11.84
4;37500;6;0;3500;1;11.44
4;37500;6;1;50;1;14.58
4;37500;6;1;250;1;13.05
4;37500;6;1;750;1;12.3
4;37500;6;1;1500;1;12.48
4;37500;6;1;2500;1;11.57
4;37500;6;1;3500;1;11.78
4;37500;10;0;50;1;13.23
4;37500;10;0;250;1;13.29
4;37500;10;0;750;1;14.32
4;37500;10;0;1500;1;12.14
4;37500;10;0;2500;1;11.98
4;37500;10;0;3500;1;11.67
4;37500;10;1;50;1;12.95
4;37500;10;1;250;1;12.94
4;37500;10;1;750;1;12.78
4;37500;10;1;1500;1;12.51
4;37500;10;1;2500;1;11.88
4;37500;10;1;3500;1;11.48
4;37500;14;0;50;1;14.65
4;37500;14;0;250;1;12.98
4;37500;14;0;750;1;12.45
4;37500;14;0;1500;1;13.08
4;37500;14;0;2500;1;11.94
4;37500;14;0;3500;1;12.04
4;37500;14;1;50;1;13.22
4;37500;14;1;250;1;14.92
4;37500;14;1;750;1;13.03
4;37500;14;1;1500;1;12.51
4;37500;14;1;2500;1;11.99
4;37500;14;1;3500;1;11.67
4;37500;20;0;50;1;13.17
4;37500;20;0;250;1;14.52
4;37500;20;0;750;1;12.46
4;37500;20;0;1500;1;12.66
4;37500;20;0;2500;1;12.04
4;37500;20;0;3500;1;11.61
4;37500;20;1;50;1;14.69
4;37500;20;1;250;1;12.97
4;37500;20;1;750;1;12.94
4;37500;20;1;1500;1;12.54
4;37500;20;1;2500;1;11.89
4;37500;20;1;3500;1;11.41
4;62500;3;0;50;1;2.92
4;62500;3;0;250;1;9.42
4;62500;3;0;750;1;9.11
4;62500;3;0;1500;1;9.13
4;62500;3;0;2500;1;7.99
4;62500;3;0;3500;1;8.43
4;62500;3;1;50;1;8.47
4;62500;3;1;250;1;8.89
4;62500;3;1;750;1;7.97
4;62500;3;1;1500;1;8.01
4;62500;3;1;2500;1;6.35
4;62500;3;1;3500;1;6.64
4;62500;6;0;50;1;8.59
4;62500;6;0;250;1;9.16
4;62500;6;0;750;1;7.9
4;62500;6;0;1500;1;8.56
4;62500;6;0;2500;1;8.42
4;62500;6;0;3500;1;7.91
4;62500;6;1;50;1;9.0
4;62500;6;1;250;1;8.42
4;62500;6;1;750;1;8.65
4;62500;6;1;1500;1;8.15
4;62500;6;1;2500;1;7.71
4;62500;6;1;3500;1;5.81
4;62500;10;0;50;1;8.98
4;62500;10;0;250;1;8.63
4;62500;10;0;750;1;8.99
4;62500;10;0;1500;1;8.8
4;62500;10;0;2500;1;8.36
4;62500;10;0;3500;1;8.09
4;62500;10;1;50;1;8.32
4;62500;10;1;250;1;8.59
4;62500;10;1;750;1;8.58
4;62500;10;1;1500;1;8.1
4;62500;10;1;2500;1;7.72
4;62500;10;1;3500;1;7.85
4;62500;14;0;50;1;8.62
4;62500;14;0;250;1;8.8
4;62500;14;0;750;1;8.09
4;62500;14;0;1500;1;7.83
4;62500;14;0;2500;1;6.38
4;62500;14;0;3500;1;7.65
4;62500;14;1;50;1;7.89
4;62500;14;1;250;1;6.45
4;62500;14;1;750;1;8.61
4;62500;14;1;1500;1;8.34
4;62500;14;1;2500;1;8.23
4;62500;14;1;3500;1;6.62
4;62500;20;0;50;1;7.72
4;62500;20;0;250;1;7.76
4;62500;20;0;750;1;8.24
4;62500;20;0;1500;1;8.59
4;62500;20;0;2500;1;8.01
4;62500;20;0;3500;1;6.55
4;62500;20;1;50;1;8.52
4;62500;20;1;250;1;9.0
4;62500;20;1;750;1;7.69
4;62500;20;1;1500;1;7.83
4;62500;20;1;2500;1;6.13
4;62500;20;1;3500;1;7.92
4;87500;3;0;50;1;2.76
4;87500;3;0;250;1;7.38
4;87500;3;0;750;1;5.97
4;87500;3;0;1500;1;5.52
4;87500;3;0;2500;1;5.63
4;87500;3;0;3500;1;5.53
4;87500;3;1;50;1;6.15
4;87500;3;1;250;1;6.07
4;87500;3;1;750;1;6.04
4;87500;3;1;1500;1;5.71
4;87500;3;1;2500;1;5.28
4;87500;3;1;3500;1;5.49
4;87500;6;0;50;1;5.99
4;87500;6;0;250;1;6.04
4;87500;6;0;750;1;5.9
4;87500;6;0;1500;1;5.68
4;87500;6;0;2500;1;5.49
4;87500;6;0;3500;1;5.44
4;87500;6;1;50;1;5.33
4;87500;6;1;250;1;5.09
4;87500;6;1;750;1;5.28
4;87500;6;1;1500;1;5.39
4;87500;6;1;2500;1;5.36
4;87500;6;1;3500;1;5.61
4;87500;10;0;50;1;5.58
4;87500;10;0;250;1;5.63
4;87500;10;0;750;1;5.55
4;87500;10;0;1500;1;5.43
4;87500;10;0;2500;1;5.93
4;87500;10;0;3500;1;5.84
4;87500;10;1;50;1;6.0
4;87500;10;1;250;1;6.03
4;87500;10;1;750;1;5.9
4;87500;10;1;1500;1;5.24
4;87500;10;1;2500;1;5.66
4;87500;10;1;3500;1;5.4
4;87500;14;0;50;1;5.81
4;87500;14;0;250;1;6.06
4;87500;14;0;750;1;6.03
4;87500;14;0;1500;1;5.24
4;87500;14;0;2500;1;5.61
4;87500;14;0;3500;1;5.71
4;87500;14;1;50;1;4.25
4;87500;14;1;250;1;5.52
4;87500;14;1;750;1;5.76
4;87500;14;1;1500;1;5.94
4;87500;14;1;2500;1;5.78
4;87500;14;1;3500;1;5.48
4;87500;20;0;50;1;5.83
4;87500;20;0;250;1;5.75
4;87500;20;0;750;1;5.98
4;87500;20;0;1500;1;5.81
4;87500;20;0;2500;1;5.71
4;87500;20;0;3500;1;5.49
4;87500;20;1;50;1;5.85
4;87500;20;1;250;1;5.76
4;87500;20;1;750;1;5.98
4;87500;20;1;1500;1;5.31
4;87500;20;1;2500;1;5.45
4;87500;20;1;3500;1;5.36
4;137500;3;0;50;1;3.34
4;137500;3;0;250;1;5.83
4;137500;3;0;750;1;5.35
4;137500;3;0;1500;1;5.43
4;137500;3;0;2500;1;5.18
4;137500;3;0;3500;1;4.61
4;137500;3;1;50;1;5.51
4;137500;3;1;250;1;5.24
4;137500;3;1;750;1;5.0
4;137500;3;1;1500;1;5.26
4;137500;3;1;2500;1;4.82
4;137500;3;1;3500;1;4.62
4;137500;6;0;50;1;5.21
4;137500;6;0;250;1;5.24
4;137500;6;0;750;1;5.26
4;137500;6;0;1500;1;4.41
4;137500;6;0;2500;1;5.49
4;137500;6;0;3500;1;5.02
4;137500;6;1;50;1;5.41
4;137500;6;1;250;1;5.37
4;137500;6;1;750;1;5.15
4;137500;6;1;1500;1;5.06
4;137500;6;1;2500;1;4.91
4;137500;6;1;3500;1;5.07
4;137500;10;0;50;1;5.21
4;137500;10;0;250;1;5.42
4;137500;10;0;750;1;5.24
4;137500;10;0;1500;1;5.19
4;137500;10;0;2500;1;5.26
4;137500;10;0;3500;1;4.95
4;137500;10;1;50;1;5.02
4;137500;10;1;250;1;5.21
4;137500;10;1;750;1;5.14
4;137500;10;1;1500;1;5.12
4;137500;10;1;2500;1;4.71
4;137500;10;1;3500;1;5.09
4;137500;14;0;50;1;5.22
4;137500;14;0;250;1;5.23
4;137500;14;0;750;1;5.38
4;137500;14;0;1500;1;5.06
4;137500;14;0;2500;1;4.96
4;137500;14;0;3500;1;4.9
4;137500;14;1;50;1;5.04
4;137500;14;1;250;1;5.51
4;137500;14;1;750;1;5.26
4;137500;14;1;1500;1;5.08
4;137500;14;1;2500;1;4.65
4;137500;14;1;3500;1;5.01
4;137500;20;0;50;1;5.26
4;137500;20;0;250;1;5.13
4;137500;20;0;750;1;5.22
4;137500;20;0;1500;1;5.29
4;137500;20;0;2500;1;4.73
4;137500;20;0;3500;1;5.09
4;137500;20;1;50;1;5.32
4;137500;20;1;250;1;5.25
4;137500;20;1;750;1;4.99
4;137500;20;1;1500;1;5.18
4;137500;20;1;2500;1;4.96
4;137500;20;1;3500;1;4.86
4;212500;3;0;50;1;5.32
4;212500;3;0;250;1;5.33
4;212500;3;0;750;1;5.19
4;212500;3;0;1500;1;5.33
4;212500;3;0;2500;1;5.09
4;212500;3;0;3500;1;5.0
4;212500;3;1;50;1;5.36
4;212500;3;1;250;1;5.17
4;212500;3;1;750;1;5.03
4;212500;3;1;1500;1;4.9
4;212500;3;1;2500;1;4.77
4;212500;3;1;3500;1;5.05
4;212500;6;0;50;1;4.73
4;212500;6;0;250;1;5.71
4;212500;6;0;750;1;5.27
4;212500;6;0;1500;1;4.62
4;212500;6;0;2500;1;4.8
4;212500;6;0;3500;1;5.05
4;212500;6;1;50;1;5.0
4;212500;6;1;250;1;5.23
4;212500;6;1;750;1;4.88
4;212500;6;1;1500;1;4.61
4;212500;6;1;2500;1;4.49
4;212500;6;1;3500;1;5.07
4;212500;10;0;50;1;5.6
4;212500;10;0;250;1;5.59
4;212500;10;0;750;1;5.49
4;212500;10;0;1500;1;4.25
4;212500;10;0;2500;1;4.73
4;212500;10;0;3500;1;5.17
4;212500;10;1;50;1;4.93
4;212500;10;1;250;1;5.53
4;212500;10;1;750;1;4.99
4;212500;10;1;1500;1;5.02
4;212500;10;1;2500;1;5.2
4;212500;10;1;3500;1;4.67
4;212500;14;0;50;1;5.18
4;212500;14;0;250;1;5.42
4;212500;14;0;750;1;5.71
4;212500;14;0;1500;1;5.63
4;212500;14;0;2500;1;5.49
4;212500;14;0;3500;1;5.37
4;212500;14;1;50;1;5.27
4;212500;14;1;250;1;6.02
4;212500;14;1;750;1;5.34
4;212500;14;1;1500;1;5.34
4;212500;14;1;2500;1;4.95
4;212500;14;1;3500;1;5.2
4;212500;20;0;50;1;5.33
4;212500;20;0;250;1;5.73
4;212500;20;0;750;1;5.47
4;212500;20;0;1500;1;5.6
4;212500;20;0;2500;1;5.41
4;212500;20;0;3500;1;5.07
4;212500;20;1;50;1;5.49
4;212500;20;1;250;1;5.6
4;212500;20;1;750;1;5.49
4;212500;20;1;1500;1;5.23
4;212500;20;1;2500;1;4.81
4;212500;20;1;3500;1;4.65
4;300000;3;0;50;1;4.52
4;300000;3;0;250;1;5.21
4;300000;3;0;750;1;4.27
4;300000;3;0;1500;1;3.98
4;300000;3;0;2500;1;4.89
4;300000;3;0;3500;1;4.87
4;300000;3;1;50;1;4.85
4;300000;3;1;250;1;4.69
4;300000;3;1;750;1;4.25
4;300000;3;1;1500;1;4.73
4;300000;3;1;2500;1;4.93
4;300000;3;1;3500;1;4.84
4;300000;6;0;50;1;4.81
4;300000;6;0;250;1;5.12
4;300000;6;0;750;1;4.84
4;300000;6;0;1500;1;4.01
4;300000;6;0;2500;1;4.56
4;300000;6;0;3500;1;4.17
4;300000;6;1;50;1;4.34
4;300000;6;1;250;1;4.82
4;300000;6;1;750;1;5.21
4;300000;6;1;1500;1;4.94
4;300000;6;1;2500;1;4.79
4;300000;6;1;3500;1;4.36
4;300000;10;0;50;1;4.72
4;300000;10;0;250;1;5.3
4;300000;10;0;750;1;4.85
4;300000;10;0;1500;1;5.39
4;300000;10;0;2500;1;5.24
4;300000;10;0;3500;1;4.95
4;300000;10;1;50;1;5.36
4;300000;10;1;250;1;5.62
4;300000;10;1;750;1;5.17
4;300000;10;1;1500;1;5.38
4;300000;10;1;2500;1;5.24
4;300000;10;1;3500;1;4.84
4;300000;14;0;50;1;5.4
4;300000;14;0;250;1;5.57
4;300000;14;0;750;1;5.51
4;300000;14;0;1500;1;5.27
4;300000;14;0;2500;1;5.23
4;300000;14;0;3500;1;4.9
4;300000;14;1;50;1;4.38
4;300000;14;1;250;1;5.33
4;300000;14;1;750;1;5.13
4;300000;14;1;1500;1;5.12
4;300000;14;1;2500;1;5.41
4;300000;14;1;3500;1;5.03
4;300000;20;0;50;1;4.97
4;300000;20;0;250;1;5.07
4;300000;20;0;750;1;5.38
4;300000;20;0;1500;1;5.2
4;300000;20;0;2500;1;5.3
4;300000;20;0;3500;1;5.31
4;300000;20;1;50;1;4.73
4;300000;20;1;250;1;5.29
4;300000;20;1;750;1;5.13
4;300000;20;1;1500;1;4.72
4;300000;20;1;2500;1;5.17
4;300000;20;1;3500;1;4.52
5;50;3;0;50;0;0.79
5;50;3;0;250;0;130.21
5;50;3;0;750;0;89.51
5;50;3;0;1500;0;63.44
5;50;3;0;2500;0;45.72
5;50;3;0;3500;0;41.55
5;50;3;1;50;0;112.73
5;50;3;1;250;0;116.61
5;50;3;1;750;0;90.98
5;50;3;1;1500;0;62.44
5;50;3;1;2500;0;43.75
5;50;3;1;3500;0;37.76
5;50;6;0;50;0;111.55
5;50;6;0;250;0;123.48
5;50;6;0;750;0;88.97
5;50;6;0;1500;0;62.98
5;50;6;0;2500;0;43.15
5;50;6;0;3500;0;37.96
5;50;6;1;50;0;122.99
5;50;6;1;250;0;118.57
5;50;6;1;750;0;88.49
5;50;6;1;1500;0;62.46
5;50;6;1;2500;0;45.05
5;50;6;1;3500;0;38.06
5;50;10;0;50;0;129.7
5;50;10;0;250;0;123.34
5;50;10;0;750;0;89.39
5;50;10;0;1500;0;62.63
5;50;10;0;2500;0;45.15
5;50;10;0;3500;0;37.94
5;50;10;1;50;0;116.08
5;50;10;1;250;0;116.4
5;50;10;1;750;0;86.58
5;50;10;1;1500;0;62.41
5;50;10;1;2500;0;45.14
5;50;10;1;3500;0;37.55
5;50;14;0;50;0;126.62
5;50;14;0;250;0;123.06
5;50;14;0;750;0;90.7
5;50;14;0;1500;0;63.07
5;50;14;0;2500;0;45.72
5;50;14;0;3500;0;37.6
5;50;14;1;50;0;117.22
5;50;14;1;250;0;113.29
5;50;14;1;750;0;87.32
5;50;14;1;1500;0;61.05
5;50;14;1;2500;0;43.17
5;50;14;1;3500;0;37.32
5;50;20;0;50;0;126.62
5;50;20;0;250;0;123.34
5;50;20;0;750;0;89.1
5;50;20;0;1500;0;62.85
5;50;20;0;2500;0;44.46
5;50;20;0;3500;0;38.55
5;50;20;1;50;0;126.26
5;50;20;1;250;0;117.52
5;50;20;1;750;0;88.83
5;50;20;1;1500;0;62.92
5;50;20;1;2500;0;44.04
5;50;20;1;3500;0;38.43
5;300;3;0;50;0;86.22
5;300;3;0;250;0;117.16
5;300;3;0;750;0;88.32
5;300;3;0;1500;0;61.65
5;300;3;0;2500;0;44.22
5;300;3;0;3500;0;37.6
5;300;3;1;50;0;119.33
5;300;3;1;250;0;110.91
5;300;3;1;750;0;84.09
5;300;3;1;1500;0;58.66
5;300;3;1;2500;0;43.08
5;300;3;1;3500;0;36.9
5;300;6;0;50;0;125.42
5;300;6;0;250;0;118.99
5;300;6;0;750;0;89.19
5;300;6;0;1500;0;63.8
5;300;6;0;2500;0;44.79
5;300;6;0;3500;0;38.96
5;300;6;1;50;0;117.69
5;300;6;1;250;0;111.32
5;300;6;1;750;0;85.92
5;300;6;1;1500;0;62.58
5;300;6;1;2500;0;43.54
5;300;6;1;3500;0;38.34
5;300;10;0;50;0;125.56
5;300;10;0;250;0;121.98
5;300;10;0;750;0;89.51
5;300;10;0;1500;0;62.51
5;300;10;0;2500;0;44.37
5;300;10;0;3500;0;39.02
5;300;10;1;50;0;119.59
5;300;10;1;250;0;116.17
5;300;10;1;750;0;88.75
5;300;10;1;1500;0;61.86
5;300;10;1;2500;0;44.68
5;300;10;1;3500;0;37.51
5;300;14;0;50;0;125.77
5;300;14;0;250;0;121.3
5;300;14;0;750;0;89.32
5;300;14;0;1500;0;62.27
5;300;14;0;2500;0;44.52
5;300;14;0;3500;0;38.33
5;300;14;1;50;0;104.36
5;300;14;1;250;0;105.32
5;300;14;1;750;0;75.87
5;300;14;1;1500;0;51.85
5;300;14;1;2500;0;39.56
5;300;14;1;3500;0;36.02
5;300;20;0;50;0;119.36
5;300;20;0;250;0;110.71
5;300;20;0;750;0;88.35
5;300;20;0;1500;0;59.71
5;300;20;0;2500;0;43.21
5;300;20;0;3500;0;38.47
5;300;20;1;50;0;116.85
5;300;20;1;250;0;115.55
5;300;20;1;750;0;85.48
5;300;20;1;1500;0;62.72
5;300;20;1;2500;0;44.01
5;300;20;1;3500;0;37.9
5;750;3;0;50;0;79.82
5;750;3;0;250;0;113.13
5;750;3;0;750;0;84.49
5;750;3;0;1500;0;59.62
5;750;3;0;2500;0;43.59
5;750;3;0;3500;0;37.46
5;750;3;1;50;0;103.23
5;750;3;1;250;0;104.31
5;750;3;1;750;0;78.53
5;750;3;1;1500;0;58.77
5;750;3;1;2500;0;42.84
5;750;3;1;3500;0;37.56
5;750;6;0;50;0;110.39
5;750;6;0;250;0;110.0
5;750;6;0;750;0;83.59
5;750;6;0;1500;0;58.48
5;750;6;0;2500;0;42.23
5;750;6;0;3500;0;37.13
5;750;6;1;50;0;99.53
5;750;6;1;250;0;104.14
5;750;6;1;750;0;78.67
5;750;6;1;1500;0;56.72
5;750;6;1;2500;0;38.77
5;750;6;1;3500;0;36.59
5;750;10;0;50;0;104.97
5;750;10;0;250;0;106.16
5;750;10;0;750;0;78.96
5;750;10;0;1500;0;58.1
5;750;10;0;2500;0;41.81
5;750;10;0;3500;0;36.6
5;750;10;1;50;0;102.79
5;750;10;1;250;0;99.17
5;750;10;1;750;0;77.64
5;750;10;1;1500;0;57.41
5;750;10;1;2500;0;42.43
5;750;10;1;3500;0;36.61
5;750;14;0;50;0;109.38
5;750;14;0;250;0;110.03
5;750;14;0;750;0;79.2
5;750;14;0;1500;0;57.48
5;750;14;0;2500;0;41.53
5;750;14;0;3500;0;36.73
5;750;14;1;50;0;99.01
5;750;14;1;250;0;103.21
5;750;14;1;750;0;76.72
5;750;14;1;1500;0;57.13
5;750;14;1;2500;0;41.93
5;750;14;1;3500;0;36.24
5;750;20;0;50;0;105.57
5;750;20;0;250;0;105.44
5;750;20;0;750;0;78.67
5;750;20;0;1500;0;57.13
5;750;20;0;2500;0;41.98
5;750;20;0;3500;0;36.91
5;750;20;1;50;0;97.73
5;750;20;1;250;0;101.35
5;750;20;1;750;0;76.42
5;750;20;1;1500;0;56.43
5;750;20;1;2500;0;39.93
5;750;20;1;3500;0;36.2
5;3000;3;0;50;0;43.46
5;3000;3;0;250;0;65.92
5;3000;3;0;750;0;59.01
5;3000;3;0;1500;0;49.28
5;3000;3;0;2500;0;36.71
5;3000;3;0;3500;0;32.54
5;3000;3;1;50;0;63.44
5;3000;3;1;250;0;62.04
5;3000;3;1;750;0;49.78
5;3000;3;1;1500;0;46.52
5;3000;3;1;2500;0;35.95
5;3000;3;1;3500;0;31.36
5;3000;6;0;50;0;63.14
5;3000;6;0;250;0;66.02
5;3000;6;0;750;0;59.07
5;3000;6;0;1500;0;48.44
5;3000;6;0;2500;0;36.13
5;3000;6;0;3500;0;31.95
5;3000;6;1;50;0;64.39
5;3000;6;1;250;0;64.98
5;3000;6;1;750;0;58.02
5;3000;6;1;1500;0;45.43
5;3000;6;1;2500;0;35.8
5;3000;6;1;3500;0;32.22
5;3000;10;0;50;0;66.25
5;3000;10;0;250;0;65.78
5;3000;10;0;750;0;61.79
5;3000;10;0;1500;0;50.01
5;3000;10;0;2500;0;37.29
5;3000;10;0;3500;0;31.95
5;3000;10;1;50;0;66.23
5;3000;10;1;250;0;68.48
5;3000;10;1;750;0;58.95
5;3000;10;1;1500;0;48.65
5;3000;10;1;2500;0;36.66
5;3000;10;1;3500;0;32.07
5;3000;14;0;50;0;69.88
5;3000;14;0;250;0;69.41
5;3000;14;0;750;0;62.06
5;3000;14;0;1500;0;50.41
5;3000;14;0;2500;0;37.77
5;3000;14;0;3500;0;32.65
5;3000;14;1;50;0;68.58
5;3000;14;1;250;0;64.93
5;3000;14;1;750;0;58.43
5;3000;14;1;1500;0;48.09
5;3000;14;1;2500;0;36.36
5;3000;14;1;3500;0;32.28
5;3000;20;0;50;0;68.83
5;3000;20;0;250;0;69.15
5;3000;20;0;750;0;62.7
5;3000;20;0;1500;0;49.47
5;3000;20;0;2500;0;37.53
5;3000;20;0;3500;0;30.21
5;3000;20;1;50;0;58.57
5;3000;20;1;250;0;63.8
5;3000;20;1;750;0;61.69
5;3000;20;1;1500;0;51.21
5;3000;20;1;2500;0;37.34
5;3000;20;1;3500;0;34.46
5;7500;3;0;50;0;24.14
5;7500;3;0;250;0;39.68
5;7500;3;0;750;0;38.72
5;7500;3;0;1500;0;35.05
5;7500;3;0;2500;0;29.49
5;7500;3;0;3500;0;28.24
5;7500;3;1;50;0;38.67
5;7500;3;1;250;0;37.4
5;7500;3;1;750;0;36.61
5;7500;3;1;1500;0;32.63
5;7500;3;1;2500;0;29.12
5;7500;3;1;3500;0;27.68
5;7500;6;0;50;0;38.03
5;7500;6;0;250;0;38.46
5;7500;6;0;750;0;36.35
5;7500;6;0;1500;0;32.24
5;7500;6;0;2500;0;29.3
5;7500;6;0;3500;0;25.74
5;7500;6;1;50;0;38.03
5;7500;6;1;250;0;38.1
5;7500;6;1;750;0;34.93
5;7500;6;1;1500;0;32.11
5;7500;6;1;2500;0;29.1
5;7500;6;1;3500;0;26.05
5;7500;10;0;50;0;37.72
5;7500;10;0;250;0;38.44
5;7500;10;0;750;0;36.45
5;7500;10;0;1500;0;32.26
5;7500;10;0;2500;0;28.6
5;7500;10;0;3500;0;27.84
5;7500;10;1;50;0;38.03
5;7500;10;1;250;0;37.35
5;7500;10;1;750;0;35.95
5;7500;10;1;1500;0;31.75
5;7500;10;1;2500;0;28.16
5;7500;10;1;3500;0;25.2
5;7500;14;0;50;0;38.62
5;7500;14;0;250;0;38.41
5;7500;14;0;750;0;36.97
5;7500;14;0;1500;0;33.18
5;7500;14;0;2500;0;29.13
5;7500;14;0;3500;0;27.59
5;7500;14;1;50;0;37.73
5;7500;14;1;250;0;37.64
5;7500;14;1;750;0;34.92
5;7500;14;1;1500;0;31.07
5;7500;14;1;2500;0;29.21
5;7500;14;1;3500;0;25.46
5;7500;20;0;50;0;37.31
5;7500;20;0;250;0;38.21
5;7500;20;0;750;0;36.4
5;7500;20;0;1500;0;32.37
5;7500;20;0;2500;0;29.1
5;7500;20;0;3500;0;25.6
5;7500;20;1;50;0;37.45
5;7500;20;1;250;0;36.97
5;7500;20;1;750;0;35.26
5;7500;20;1;1500;0;30.93
5;7500;20;1;2500;0;26.43
5;7500;20;1;3500;0;25.73
5;17500;3;0;50;0;8.52
5;17500;3;0;250;0;23.41
5;17500;3;0;750;0;19.46
5;17500;3;0;1500;0;17.73
5;17500;3;0;2500;0;17.43
5;17500;3;0;3500;0;16.64
5;17500;3;1;50;0;19.62
5;17500;3;1;250;0;19.31
5;17500;3;1;750;0;18.69
5;17500;3;1;1500;0;17.38
5;17500;3;1;2500;0;17.07
5;17500;3;1;3500;0;16.35
5;17500;6;0;50;0;19.48
5;17500;6;0;250;0;19.0
5;17500;6;0;750;0;18.78
5;17500;6;0;1500;0;18.08
5;17500;6;0;2500;0;17.28
5;17500;6;0;3500;0;16.83
5;17500;6;1;50;0;19.38
5;17500;6;1;250;0;18.31
5;17500;6;1;750;0;18.75
5;17500;6;1;1500;0;17.69
5;17500;6;1;2500;0;16.19
5;17500;6;1;3500;0;16.03
5;17500;10;0;50;0;18.14
5;17500;10;0;250;0;18.74
5;17500;10;0;750;0;18.32
5;17500;10;0;1500;0;18.13
5;17500;10;0;2500;0;17.09
5;17500;10;0;3500;0;15.77
5;17500;10;1;50;0;19.11
5;17500;10;1;250;0;18.52
5;17500;10;1;750;0;18.45
5;17500;10;1;1500;0;17.59
5;17500;10;1;2500;0;16.82
5;17500;10;1;3500;0;16.19
5;17500;14;0;50;0;19.29
5;17500;14;0;250;0;19.21
5;17500;14;0;750;0;18.57
5;17500;14;0;1500;0;17.66
5;17500;14;0;2500;0;17.28
5;17500;14;0;3500;0;16.61
5;17500;14;1;50;0;19.01
5;17500;14;1;250;0;18.93
5;17500;14;1;750;0;18.15
5;17500;14;1;1500;0;17.5
5;17500;14;1;2500;0;16.72
5;17500;14;1;3500;0;15.95
5;17500;20;0;50;0;19.42
5;17500;20;0;250;0;19.23
5;17500;20;0;750;0;18.28
5;17500;20;0;1500;0;17.79
5;17500;20;0;2500;0;16.17
5;17500;20;0;3500;0;15.59
5;17500;20;1;50;0;18.64
5;17500;20;1;250;0;17.47
5;17500;20;1;750;0;18.29
5;17500;20;1;1500;0;17.59
5;17500;20;1;2500;0;15.8
5;17500;20;1;3500;0;15.7
5;37500;3;0;50;0;4.05
5;37500;3;0;250;0;11.07
5;37500;3;0;750;0;10.46
5;37500;3;0;1500;0;10.14
5;37500;3;0;2500;0;9.62
5;37500;3;0;3500;0;9.08
5;37500;3;1;50;0;10.15
5;37500;3;1;250;0;10.05
5;37500;3;1;750;0;9.81
5;37500;3;1;1500;0;9.35
5;37500;3;1;2500;0;9.26
5;37500;3;1;3500;0;9.06
5;37500;6;0;50;0;10.14
5;37500;6;0;250;0;9.54
5;37500;6;0;750;0;9.89
5;37500;6;0;1500;0;8.82
5;37500;6;0;2500;0;9.58
5;37500;6;0;3500;0;9.37
5;37500;6;1;50;0;10.22
5;37500;6;1;250;0;10.17
5;37500;6;1;750;0;10.06
5;37500;6;1;1500;0;9.95
5;37500;6;1;2500;0;9.52
5;37500;6;1;3500;0;9.27
5;37500;10;0;50;0;10.61
5;37500;10;0;250;0;10.55
5;37500;10;0;750;0;10.45
5;37500;10;0;1500;0;9.74
5;37500;10;0;2500;0;9.73
5;37500;10;0;3500;0;9.46
5;37500;10;1;50;0;9.98
5;37500;10;1;250;0;10.44
5;37500;10;1;750;0;10.26
5;37500;10;1;1500;0;9.97
5;37500;10;1;2500;0;9.5
5;37500;10;1;3500;0;9.16
5;37500;14;0;50;0;10.59
5;37500;14;0;250;0;10.71
5;37500;14;0;750;0;10.68
5;37500;14;0;1500;0;10.28
5;37500;14;0;2500;0;9.85
5;37500;14;0;3500;0;9.67
5;37500;14;1;50;0;10.43
5;37500;14;1;250;0;9.96
5;37500;14;1;750;0;10.13
5;37500;14;1;1500;0;9.87
5;37500;14;1;2500;0;9.62
5;37500;14;1;3500;0;9.39
5;37500;20;0;50;0;10.36
5;37500;20;0;250;0;10.51
5;37500;20;0;750;0;10.01
5;37500;20;0;1500;0;10.16
5;37500;20;0;2500;0;9.48
5;37500;20;0;3500;0;9.62
5;37500;20;1;50;0;10.08
5;37500;20;1;250;0;10.41
5;37500;20;1;750;0;10.15
5;37500;20;1;1500;0;9.95
5;37500;20;1;2500;0;9.3
5;37500;20;1;3500;0;9.37
5;62500;3;0;50;0;2.89
5;62500;3;0;250;0;7.13
5;62500;3;0;750;0;5.67
5;62500;3;0;1500;0;6.31
5;62500;3;0;2500;0;5.9
5;62500;3;0;3500;0;6.21
5;62500;3;1;50;0;6.33
5;62500;3;1;250;0;6.33
5;62500;3;1;750;0;5.95
5;62500;3;1;1500;0;5.98
5;62500;3;1;2500;0;5.66
5;62500;3;1;3500;0;6.07
5;62500;6;0;50;0;6.21
5;62500;6;0;250;0;6.28
5;62500;6;0;750;0;6.39
5;62500;6;0;1500;0;5.79
5;62500;6;0;2500;0;5.96
5;62500;6;0;3500;0;6.03
5;62500;6;1;50;0;6.37
5;62500;6;1;250;0;6.3
5;62500;6;1;750;0;6.32
5;62500;6;1;1500;0;5.62
5;62500;6;1;2500;0;5.7
5;62500;6;1;3500;0;5.85
5;62500;10;0;50;0;6.38
5;62500;10;0;250;0;6.3
5;62500;10;0;750;0;5.66
5;62500;10;0;1500;0;6.04
5;62500;10;0;2500;0;6.13
5;62500;10;0;3500;0;6.27
5;62500;10;1;50;0;6.29
5;62500;10;1;250;0;6.01
5;62500;10;1;750;0;6.01
5;62500;10;1;1500;0;6.0
5;62500;10;1;2500;0;5.97
5;62500;10;1;3500;0;5.73
5;62500;14;0;50;0;5.89
5;62500;14;0;250;0;5.78
5;62500;14;0;750;0;6.13
5;62500;14;0;1500;0;6.13
5;62500;14;0;2500;0;6.12
5;62500;14;0;3500;0;5.82
5;62500;14;1;50;0;5.99
5;62500;14;1;250;0;6.62
5;62500;14;1;750;0;6.17
5;62500;14;1;1500;0;5.91
5;62500;14;1;2500;0;5.62
5;62500;14;1;3500;0;5.17
5;62500;20;0;50;0;6.33
5;62500;20;0;250;0;6.38
5;62500;20;0;750;0;6.3
5;62500;20;0;1500;0;5.86
5;62500;20;0;2500;0;6.06
5;62500;20;0;3500;0;5.58
5;62500;20;1;50;0;6.57
5;62500;20;1;250;0;6.09
5;62500;20;1;750;0;5.98
5;62500;20;1;1500;0;5.84
5;62500;20;1;2500;0;5.53
5;62500;20;1;3500;0;5.79
5;87500;3;0;50;0;2.61
5;87500;3;0;250;0;5.5
5;87500;3;0;750;0;4.72
5;87500;3;0;1500;0;4.64
5;87500;3;0;2500;0;4.29
5;87500;3;0;3500;0;4.59
5;87500;3;1;50;0;4.56
5;87500;3;1;250;0;4.65
5;87500;3;1;750;0;4.51
5;87500;3;1;1500;0;4.23
5;87500;3;1;2500;0;4.07
5;87500;3;1;3500;0;4.28
5;87500;6;0;50;0;4.46
5;87500;6;0;250;0;4.38
5;87500;6;0;750;0;4.69
5;87500;6;0;1500;0;4.49
5;87500;6;0;2500;0;4.53
5;87500;6;0;3500;0;4.49
5;87500;6;1;50;0;4.71
5;87500;6;1;250;0;4.42
5;87500;6;1;750;0;4.39
5;87500;6;1;1500;0;4.46
5;87500;6;1;2500;0;4.15
5;87500;6;1;3500;0;4.31
5;87500;10;0;50;0;4.6
5;87500;10;0;250;0;4.72
5;87500;10;0;750;0;4.27
5;87500;10;0;1500;0;4.51
5;87500;10;0;2500;0;4.08
5;87500;10;0;3500;0;4.47
5;87500;10;1;50;0;4.61
5;87500;10;1;250;0;4.54
5;87500;10;1;750;0;4.31
5;87500;10;1;1500;0;4.25
5;87500;10;1;2500;0;4.26
5;87500;10;1;3500;0;4.25
5;87500;14;0;50;0;4.62
5;87500;14;0;250;0;4.34
5;87500;14;0;750;0;4.76
5;87500;14;0;1500;0;4.42
5;87500;14;0;2500;0;4.38
5;87500;14;0;3500;0;4.46
5;87500;14;1;50;0;4.41
5;87500;14;1;250;0;4.51
5;87500;14;1;750;0;4.44
5;87500;14;1;1500;0;4.23
5;87500;14;1;2500;0;4.34
5;87500;14;1;3500;0;4.21
5;87500;20;0;50;0;4.16
5;87500;20;0;250;0;4.92
5;87500;20;0;750;0;4.51
5;87500;20;0;1500;0;4.11
5;87500;20;0;2500;0;4.28
5;87500;20;0;3500;0;4.36
5;87500;20;1;50;0;4.6
5;87500;20;1;250;0;4.41
5;87500;20;1;750;0;4.22
5;87500;20;1;1500;0;4.21
5;87500;20;1;2500;0;4.17
5;87500;20;1;3500;0;3.98
5;137500;3;0;50;0;3.25
5;137500;3;0;250;0;4.23
5;137500;3;0;750;0;2.25
5;137500;3;0;1500;0;1.86
5;137500;3;0;2500;0;3.87
5;137500;3;0;3500;0;3.71
5;137500;3;1;50;0;4.21
5;137500;3;1;250;0;4.21
5;137500;3;1;750;0;3.63
5;137500;3;1;1500;0;3.48
5;137500;3;1;2500;0;3.76
5;137500;3;1;3500;0;3.75
5;137500;6;0;50;0;3.86
5;137500;6;0;250;0;4.23
5;137500;6;0;750;0;4.07
5;137500;6;0;1500;0;3.98
5;137500;6;0;2500;0;3.8
5;137500;6;0;3500;0;3.78
5;137500;6;1;50;0;3.99
5;137500;6;1;250;0;3.85
5;137500;6;1;750;0;3.86
5;137500;6;1;1500;0;3.79
5;137500;6;1;2500;0;3.4
5;137500;6;1;3500;0;3.96
5;137500;10;0;50;0;3.93
5;137500;10;0;250;0;4.05
5;137500;10;0;750;0;4.02
5;137500;10;0;1500;0;4.03
5;137500;10;0;2500;0;3.85
5;137500;10;0;3500;0;3.74
5;137500;10;1;50;0;3.93
5;137500;10;1;250;0;3.99
5;137500;10;1;750;0;3.86
5;137500;10;1;1500;0;3.46
5;137500;10;1;2500;0;3.29
5;137500;10;1;3500;0;3.43
5;137500;14;0;50;0;4.0
5;137500;14;0;250;0;4.04
5;137500;14;0;750;0;3.85
5;137500;14;0;1500;0;3.97
5;137500;14;0;2500;0;3.79
5;137500;14;0;3500;0;3.94
5;137500;14;1;50;0;3.55
5;137500;14;1;250;0;3.49
5;137500;14;1;750;0;3.73
5;137500;14;1;1500;0;3.74
5;137500;14;1;2500;0;3.81
5;137500;14;1;3500;0;3.42
5;137500;20;0;50;0;3.92
5;137500;20;0;250;0;4.1
5;137500;20;0;750;0;3.69
5;137500;20;0;1500;0;3.91
5;137500;20;0;2500;0;4.07
5;137500;20;0;3500;0;3.58
5;137500;20;1;50;0;3.61
5;137500;20;1;250;0;4.01
5;137500;20;1;750;0;4.01
5;137500;20;1;1500;0;4.09
5;137500;20;1;2500;0;3.69
5;137500;20;1;3500;0;3.61
5;212500;3;0;50;0;3.98
5;212500;3;0;250;0;3.95
5;212500;3;0;750;0;3.71
5;212500;3;0;1500;0;3.7
5;212500;3;0;2500;0;3.95
5;212500;3;0;3500;0;3.92
5;212500;3;1;50;0;4.02
5;212500;3;1;250;0;4.21
5;212500;3;1;750;0;4.18
5;212500;3;1;1500;0;4.1
5;212500;3;1;2500;0;3.89
5;212500;3;1;3500;0;3.48
5;212500;6;0;50;0;4.19
5;212500;6;0;250;0;4.36
5;212500;6;0;750;0;3.77
5;212500;6;0;1500;0;4.01
5;212500;6;0;2500;0;4.21
5;212500;6;0;3500;0;4.05
5;212500;6;1;50;0;4.12
5;212500;6;1;250;0;4.14
5;212500;6;1;750;0;4.11
5;212500;6;1;1500;0;3.96
5;212500;6;1;2500;0;3.79
5;212500;6;1;3500;0;4.12
5;212500;10;0;50;0;3.89
5;212500;10;0;250;0;4.11
5;212500;10;0;750;0;4.07
5;212500;10;0;1500;0;3.91
5;212500;10;0;2500;0;3.58
5;212500;10;0;3500;0;4.13
5;212500;10;1;50;0;4.22
5;212500;10;1;250;0;4.22
5;212500;10;1;750;0;3.77
5;212500;10;1;1500;0;3.74
5;212500;10;1;2500;0;3.51
5;212500;10;1;3500;0;3.72
5;212500;14;0;50;0;3.8
5;212500;14;0;250;0;4.4
5;212500;14;0;750;0;4.28
5;212500;14;0;1500;0;4.27
5;212500;14;0;2500;0;3.57
5;212500;14;0;3500;0;4.04
5;212500;14;1;50;0;4.1
5;212500;14;1;250;0;4.28
5;212500;14;1;750;0;4.1
5;212500;14;1;1500;0;3.94
5;212500;14;1;2500;0;3.97
5;212500;14;1;3500;0;3.95
5;212500;20;0;50;0;3.99
5;212500;20;0;250;0;4.36
5;212500;20;0;750;0;4.16
5;212500;20;0;1500;0;4.08
5;212500;20;0;2500;0;4.16
5;212500;20;0;3500;0;3.64
5;212500;20;1;50;0;4.13
5;212500;20;1;250;0;4.32
5;212500;20;1;750;0;4.17
5;212500;20;1;1500;0;3.96
5;212500;20;1;2500;0;3.76
5;212500;20;1;3500;0;3.89
5;300000;3;0;50;0;3.95
5;300000;3;0;250;0;4.24
5;300000;3;0;750;0;4.3
5;300000;3;0;1500;0;3.99
5;300000;3;0;2500;0;4.04
5;300000;3;0;3500;0;3.97
5;300000;3;1;50;0;4.03
5;300000;3;1;250;0;2.67
5;300000;3;1;750;0;2.51
5;300000;3;1;1500;0;3.7
5;300000;3;1;2500;0;4.1
5;300000;3;1;3500;0;4.04
5;300000;6;0;50;0;3.88
5;300000;6;0;250;0;3.93
5;300000;6;0;750;0;4.18
5;300000;6;0;1500;0;4.29
5;300000;6;0;2500;0;4.2
5;300000;6;0;3500;0;4.04
5;300000;6;1;50;0;4.03
5;300000;6;1;250;0;4.27
5;300000;6;1;750;0;4.05
5;300000;6;1;1500;0;3.93
5;300000;6;1;2500;0;3.78
5;300000;6;1;3500;0;3.96
5;300000;10;0;50;0;4.09
5;300000;10;0;250;0;4.15
5;300000;10;0;750;0;3.96
5;300000;10;0;1500;0;4.44
5;300000;10;0;2500;0;4.08
5;300000;10;0;3500;0;3.48
5;300000;10;1;50;0;3.95
5;300000;10;1;250;0;4.22
5;300000;10;1;750;0;4.0
5;300000;10;1;1500;0;3.87
5;300000;10;1;2500;0;4.02
5;300000;10;1;3500;0;3.91
5;300000;14;0;50;0;4.19
5;300000;14;0;250;0;4.1
5;300000;14;0;750;0;4.2
5;300000;14;0;1500;0;3.99
5;300000;14;0;2500;0;4.14
5;300000;14;0;3500;0;3.83
5;300000;14;1;50;0;4.08
5;300000;14;1;250;0;4.06
5;300000;14;1;750;0;4.19
5;300000;14;1;1500;0;3.45
5;300000;14;1;2500;0;3.96
5;300000;14;1;3500;0;3.78
5;300000;20;0;50;0;4.03
5;300000;20;0;250;0;4.17
5;300000;20;0;750;0;4.24
5;300000;20;0;1500;0;3.99
5;300000;20;0;2500;0;4.08
5;300000;20;0;3500;0;4.0
5;300000;20;1;50;0;4.06
5;300000;20;1;250;0;3.93
5;300000;20;1;750;0;3.99
5;300000;20;1;1500;0;3.95
5;300000;20;1;2500;0;3.95
5;300000;20;1;3500;0;3.94
5;50;3;0;50;1;0.77
5;50;3;0;250;1;128.45
5;50;3;0;750;1;89.47
5;50;3;0;1500;1;65.99
5;50;3;0;2500;1;48.52
5;50;3;0;3500;1;41.6
5;50;3;1;50;1;112.95
5;50;3;1;250;1;118.48
5;50;3;1;750;1;92.39
5;50;3;1;1500;1;64.12
5;50;3;1;2500;1;43.94
5;50;3;1;3500;1;39.16
5;50;6;0;50;1;137.05
5;50;6;0;250;1;125.76
5;50;6;0;750;1;79.12
5;50;6;0;1500;1;59.07
5;50;6;0;2500;1;45.42
5;50;6;0;3500;1;41.74
5;50;6;1;50;1;131.08
5;50;6;1;250;1;121.85
5;50;6;1;750;1;88.74
5;50;6;1;1500;1;59.13
5;50;6;1;2500;1;39.68
5;50;6;1;3500;1;37.97
5;50;10;0;50;1;139.53
5;50;10;0;250;1;129.61
5;50;10;0;750;1;92.09
5;50;10;0;1500;1;64.2
5;50;10;0;2500;1;44.45
5;50;10;0;3500;1;38.88
5;50;10;1;50;1;111.18
5;50;10;1;250;1;104.67
5;50;10;1;750;1;83.58
5;50;10;1;1500;1;62.94
5;50;10;1;2500;1;45.22
5;50;10;1;3500;1;39.08
5;50;14;0;50;1;117.84
5;50;14;0;250;1;118.5
5;50;14;0;750;1;92.66
5;50;14;0;1500;1;65.15
5;50;14;0;2500;1;45.17
5;50;14;0;3500;1;38.9
5;50;14;1;50;1;126.58
5;50;14;1;250;1;113.04
5;50;14;1;750;1;76.85
5;50;14;1;1500;1;62.53
5;50;14;1;2500;1;43.73
5;50;14;1;3500;1;38.04
5;50;20;0;50;1;138.39
5;50;20;0;250;1;130.12
5;50;20;0;750;1;91.35
5;50;20;0;1500;1;63.25
5;50;20;0;2500;1;44.95
5;50;20;0;3500;1;38.98
5;50;20;1;50;1;122.28
5;50;20;1;250;1;105.79
5;50;20;1;750;1;85.46
5;50;20;1;1500;1;63.88
5;50;20;1;2500;1;44.45
5;50;20;1;3500;1;37.16
5;300;3;0;50;1;58.26
5;300;3;0;250;1;38.2
5;300;3;0;750;1;66.63
5;300;3;0;1500;1;57.33
5;300;3;0;2500;1;42.67
5;300;3;0;3500;1;36.63
5;300;3;1;50;1;103.85
5;300;3;1;250;1;112.63
5;300;3;1;750;1;89.47
5;300;3;1;1500;1;55.74
5;300;3;1;2500;1;43.38
5;300;3;1;3500;1;38.64
5;300;6;0;50;1;129.02
5;300;6;0;250;1;118.35
5;300;6;0;750;1;89.76
5;300;6;0;1500;1;62.71
5;300;6;0;2500;1;38.28
5;300;6;0;3500;1;35.65
5;300;6;1;50;1;111.46
5;300;6;1;250;1;109.61
5;300;6;1;750;1;78.21
5;300;6;1;1500;1;56.66
5;300;6;1;2500;1;38.51
5;300;6;1;3500;1;36.26
5;300;10;0;50;1;130.33
5;300;10;0;250;1;126.32
5;300;10;0;750;1;92.71
5;300;10;0;1500;1;56.69
5;300;10;0;2500;1;38.26
5;300;10;0;3500;1;38.56
5;300;10;1;50;1;124.02
5;300;10;1;250;1;118.49
5;300;10;1;750;1;85.65
5;300;10;1;1500;1;62.08
5;300;10;1;2500;1;41.56
5;300;10;1;3500;1;35.7
5;300;14;0;50;1;122.76
5;300;14;0;250;1;119.74
5;300;14;0;750;1;89.08
5;300;14;0;1500;1;52.36
5;300;14;0;2500;1;38.76
5;300;14;0;3500;1;36.68
5;300;14;1;50;1;123.32
5;300;14;1;250;1;122.79
5;300;14;1;750;1;88.36
5;300;14;1;1500;1;61.45
5;300;14;1;2500;1;43.66
5;300;14;1;3500;1;37.63
5;300;20;0;50;1;124.51
5;300;20;0;250;1;118.03
5;300;20;0;750;1;86.29
5;300;20;0;1500;1;59.74
5;300;20;0;2500;1;43.35
5;300;20;0;3500;1;37.68
5;300;20;1;50;1;118.77
5;300;20;1;250;1;111.31
5;300;20;1;750;1;83.93
5;300;20;1;1500;1;59.35
5;300;20;1;2500;1;42.93
5;300;20;1;3500;1;37.79
5;750;3;0;50;1;83.59
5;750;3;0;250;1;111.34
5;750;3;0;750;1;85.24
5;750;3;0;1500;1;59.28
5;750;3;0;2500;1;42.49
5;750;3;0;3500;1;37.56
5;750;3;1;50;1;106.47
5;750;3;1;250;1;109.14
5;750;3;1;750;1;79.57
5;750;3;1;1500;1;57.63
5;750;3;1;2500;1;42.44
5;750;3;1;3500;1;36.6
5;750;6;0;50;1;115.43
5;750;6;0;250;1;111.38
5;750;6;0;750;1;83.77
5;750;6;0;1500;1;59.01
5;750;6;0;2500;1;42.21
5;750;6;0;3500;1;37.15
5;750;6;1;50;1;109.1
5;750;6;1;250;1;101.89
5;750;6;1;750;1;77.49
5;750;6;1;1500;1;57.82
5;750;6;1;2500;1;42.23
5;750;6;1;3500;1;36.77
5;750;10;0;50;1;113.25
5;750;10;0;250;1;112.49
5;750;10;0;750;1;81.65
5;750;10;0;1500;1;59.23
5;750;10;0;2500;1;42.68
5;750;10;0;3500;1;37.52
5;750;10;1;50;1;109.32
5;750;10;1;250;1;105.52
5;750;10;1;750;1;79.33
5;750;10;1;1500;1;57.43
5;750;10;1;2500;1;42.07
5;750;10;1;3500;1;36.41
5;750;14;0;50;1;115.17
5;750;14;0;250;1;110.49
5;750;14;0;750;1;82.65
5;750;14;0;1500;1;58.05
5;750;14;0;2500;1;42.47
5;750;14;0;3500;1;37.07
5;750;14;1;50;1;92.84
5;750;14;1;250;1;91.27
5;750;14;1;750;1;74.91
5;750;14;1;1500;1;58.25
5;750;14;1;2500;1;43.74
5;750;14;1;3500;1;37.85
5;750;20;0;50;1;118.16
5;750;20;0;250;1;112.98
5;750;20;0;750;1;82.54
5;750;20;0;1500;1;59.12
5;750;20;0;2500;1;42.31
5;750;20;0;3500;1;37.2
5;750;20;1;50;1;110.73
5;750;20;1;250;1;109.25
5;750;20;1;750;1;78.83
5;750;20;1;1500;1;57.06
5;750;20;1;2500;1;41.87
5;750;20;1;3500;1;36.95
5;3000;3;0;50;1;50.4
5;3000;3;0;250;1;81.8
5;3000;3;0;750;1;68.9
5;3000;3;0;1500;1;50.23
5;3000;3;0;2500;1;36.37
5;3000;3;0;3500;1;32.51
5;3000;3;1;50;1;72.51
5;3000;3;1;250;1;72.8
5;3000;3;1;750;1;64.84
5;3000;3;1;1500;1;48.68
5;3000;3;1;2500;1;36.57
5;3000;3;1;3500;1;32.56
5;3000;6;0;50;1;78.1
5;3000;6;0;250;1;79.09
5;3000;6;0;750;1;68.71
5;3000;6;0;1500;1;50.96
5;3000;6;0;2500;1;38.0
5;3000;6;0;3500;1;32.86
5;3000;6;1;50;1;77.65
5;3000;6;1;250;1;78.55
5;3000;6;1;750;1;66.09
5;3000;6;1;1500;1;50.19
5;3000;6;1;2500;1;37.38
5;3000;6;1;3500;1;33.18
5;3000;10;0;50;1;79.6
5;3000;10;0;250;1;82.23
5;3000;10;0;750;1;66.65
5;3000;10;0;1500;1;52.31
5;3000;10;0;2500;1;38.36
5;3000;10;0;3500;1;35.11
5;3000;10;1;50;1;65.44
5;3000;10;1;250;1;68.59
5;3000;10;1;750;1;64.66
5;3000;10;1;1500;1;52.05
5;3000;10;1;2500;1;39.63
5;3000;10;1;3500;1;35.73
5;3000;14;0;50;1;71.24
5;3000;14;0;250;1;81.87
5;3000;14;0;750;1;71.96
5;3000;14;0;1500;1;52.68
5;3000;14;0;2500;1;38.72
5;3000;14;0;3500;1;35.13
5;3000;14;1;50;1;77.88
5;3000;14;1;250;1;69.01
5;3000;14;1;750;1;64.42
5;3000;14;1;1500;1;50.79
5;3000;14;1;2500;1;37.97
5;3000;14;1;3500;1;33.25
5;3000;20;0;50;1;79.59
5;3000;20;0;250;1;81.99
5;3000;20;0;750;1;68.61
5;3000;20;0;1500;1;51.09
5;3000;20;0;2500;1;38.19
5;3000;20;0;3500;1;35.06
5;3000;20;1;50;1;77.18
5;3000;20;1;250;1;77.25
5;3000;20;1;750;1;66.28
5;3000;20;1;1500;1;50.27
5;3000;20;1;2500;1;37.57
5;3000;20;1;3500;1;35.08
5;7500;3;0;50;1;26.01
5;7500;3;0;250;1;51.29
5;7500;3;0;750;1;45.48
5;7500;3;0;1500;1;39.47
5;7500;3;0;2500;1;31.53
5;7500;3;0;3500;1;30.1
5;7500;3;1;50;1;46.05
5;7500;3;1;250;1;46.46
5;7500;3;1;750;1;38.99
5;7500;3;1;1500;1;35.64
5;7500;3;1;2500;1;31.02
5;7500;3;1;3500;1;28.49
5;7500;6;0;50;1;45.97
5;7500;6;0;250;1;46.02
5;7500;6;0;750;1;44.49
5;7500;6;0;1500;1;39.04
5;7500;6;0;2500;1;31.57
5;7500;6;0;3500;1;25.2
5;7500;6;1;50;1;39.66
5;7500;6;1;250;1;43.5
5;7500;6;1;750;1;44.46
5;7500;6;1;1500;1;41.57
5;7500;6;1;2500;1;32.23
5;7500;6;1;3500;1;30.17
5;7500;10;0;50;1;49.46
5;7500;10;0;250;1;49.3
5;7500;10;0;750;1;43.77
5;7500;10;0;1500;1;38.96
5;7500;10;0;2500;1;30.98
5;7500;10;0;3500;1;29.56
5;7500;10;1;50;1;45.7
5;7500;10;1;250;1;45.36
5;7500;10;1;750;1;42.79
5;7500;10;1;1500;1;37.51
5;7500;10;1;2500;1;31.03
5;7500;10;1;3500;1;28.39
5;7500;14;0;50;1;49.28
5;7500;14;0;250;1;48.5
5;7500;14;0;750;1;43.8
5;7500;14;0;1500;1;38.5
5;7500;14;0;2500;1;30.14
5;7500;14;0;3500;1;29.03
5;7500;14;1;50;1;45.49
5;7500;14;1;250;1;45.99
5;7500;14;1;750;1;43.2
5;7500;14;1;1500;1;36.89
5;7500;14;1;2500;1;31.07
5;7500;14;1;3500;1;28.06
5;7500;20;0;50;1;45.24
5;7500;20;0;250;1;45.33
5;7500;20;0;750;1;43.1
5;7500;20;0;1500;1;37.88
5;7500;20;0;2500;1;30.72
5;7500;20;0;3500;1;28.7
5;7500;20;1;50;1;45.05
5;7500;20;1;250;1;44.7
5;7500;20;1;750;1;42.44
5;7500;20;1;1500;1;37.89
5;7500;20;1;2500;1;29.98
5;7500;20;1;3500;1;26.57
5;17500;3;0;50;1;5.9
5;17500;3;0;250;1;29.7
5;17500;3;0;750;1;25.61
5;17500;3;0;1500;1;24.16
5;17500;3;0;2500;1;19.4
5;17500;3;0;3500;1;18.75
5;17500;3;1;50;1;25.28
5;17500;3;1;250;1;24.77
5;17500;3;1;750;1;24.7
5;17500;3;1;1500;1;22.59
5;17500;3;1;2500;1;19.73
5;17500;3;1;3500;1;18.46
5;17500;6;0;50;1;21.74
5;17500;6;0;250;1;5.32
5;17500;6;0;750;1;19.89
5;17500;6;0;1500;1;22.9
5;17500;6;0;2500;1;19.32
5;17500;6;0;3500;1;19.83
5;17500;6;1;50;1;28.68
5;17500;6;1;250;1;25.54
5;17500;6;1;750;1;25.12
5;17500;6;1;1500;1;23.24
5;17500;6;1;2500;1;21.98
5;17500;6;1;3500;1;19.46
5;17500;10;0;50;1;25.87
5;17500;10;0;250;1;25.73
5;17500;10;0;750;1;25.06
5;17500;10;0;1500;1;24.06
5;17500;10;0;2500;1;21.82
5;17500;10;0;3500;1;19.16
5;17500;10;1;50;1;25.75
5;17500;10;1;250;1;26.0
5;17500;10;1;750;1;24.8
5;17500;10;1;1500;1;23.62
5;17500;10;1;2500;1;19.96
5;17500;10;1;3500;1;19.46
5;17500;14;0;50;1;26.3
5;17500;14;0;250;1;26.24
5;17500;14;0;750;1;25.38
5;17500;14;0;1500;1;24.21
5;17500;14;0;2500;1;22.02
5;17500;14;0;3500;1;19.99
5;17500;14;1;50;1;26.23
5;17500;14;1;250;1;25.73
5;17500;14;1;750;1;24.73
5;17500;14;1;1500;1;23.16
5;17500;14;1;2500;1;21.44
5;17500;14;1;3500;1;19.78
5;17500;20;0;50;1;26.18
5;17500;20;0;250;1;25.39
5;17500;20;0;750;1;24.64
5;17500;20;0;1500;1;23.72
5;17500;20;0;2500;1;21.6
5;17500;20;0;3500;1;19.7
5;17500;20;1;50;1;25.23
5;17500;20;1;250;1;24.22
5;17500;20;1;750;1;23.93
5;17500;20;1;1500;1;22.89
5;17500;20;1;2500;1;21.17
5;17500;20;1;3500;1;19.08
5;37500;3;0;50;1;3.7
5;37500;3;0;250;1;14.66
5;37500;3;0;750;1;13.22
5;37500;3;0;1500;1;12.29
5;37500;3;0;2500;1;11.66
5;37500;3;0;3500;1;12.36
5;37500;3;1;50;1;14.6
5;37500;3;1;250;1;12.57
5;37500;3;1;750;1;14.43
5;37500;3;1;1500;1;12.05
5;37500;3;1;2500;1;11.77
5;37500;3;1;3500;1;11.73
5;37500;6;0;50;1;13.16
5;37500;6;0;250;1;14.61
5;37500;6;0;750;1;12.95
5;37500;6;0;1500;1;12.19
5;37500;6;0;2500;1;12.13
5;37500;6;0;3500;1;11.64
5;37500;6;1;50;1;12.37
5;37500;6;1;250;1;12.89
5;37500;6;1;750;1;12.77
5;37500;6;1;1500;1;11.85
5;37500;6;1;2500;1;11.62
5;37500;6;1;3500;1;11.59
5;37500;10;0;50;1;13.08
5;37500;10;0;250;1;13.03
5;37500;10;0;750;1;12.64
5;37500;10;0;1500;1;12.49
5;37500;10;0;2500;1;11.7
5;37500;10;0;3500;1;11.09
5;37500;10;1;50;1;12.81
5;37500;10;1;250;1;12.79
5;37500;10;1;750;1;12.74
5;37500;10;1;1500;1;12.25
5;37500;10;1;2500;1;11.92
5;37500;10;1;3500;1;11.31
5;37500;14;0;50;1;12.79
5;37500;14;0;250;1;13.17
5;37500;14;0;750;1;12.85
5;37500;14;0;1500;1;12.54
5;37500;14;0;2500;1;11.82
5;37500;14;0;3500;1;11.48
5;37500;14;1;50;1;13.27
5;37500;14;1;250;1;12.6
5;37500;14;1;750;1;12.29
5;37500;14;1;1500;1;12.03
5;37500;14;1;2500;1;12.11
5;37500;14;1;3500;1;11.57
5;37500;20;0;50;1;12.48
5;37500;20;0;250;1;12.99
5;37500;20;0;750;1;12.18
5;37500;20;0;1500;1;11.88
5;37500;20;0;2500;1;11.84
5;37500;20;0;3500;1;11.44
5;37500;20;1;50;1;12.91
5;37500;20;1;250;1;14.2
5;37500;20;1;750;1;12.9
5;37500;20;1;1500;1;12.17
5;37500;20;1;2500;1;11.64
5;37500;20;1;3500;1;11.23
5;62500;3;0;50;1;3.24
5;62500;3;0;250;1;9.2
5;62500;3;0;750;1;9.13
5;62500;3;0;1500;1;9.05
5;62500;3;0;2500;1;8.22
5;62500;3;0;3500;1;8.1
5;62500;3;1;50;1;8.65
5;62500;3;1;250;1;8.58
5;62500;3;1;750;1;7.9
5;62500;3;1;1500;1;8.33
5;62500;3;1;2500;1;7.92
5;62500;3;1;3500;1;6.57
5;62500;6;0;50;1;8.93
5;62500;6;0;250;1;8.81
5;62500;6;0;750;1;8.85
5;62500;6;0;1500;1;8.7
5;62500;6;0;2500;1;8.55
5;62500;6;0;3500;1;7.97
5;62500;6;1;50;1;8.98
5;62500;6;1;250;1;8.67
5;62500;6;1;750;1;8.93
5;62500;6;1;1500;1;7.98
5;62500;6;1;2500;1;8.34
5;62500;6;1;3500;1;8.08
5;62500;10;0;50;1;8.92
5;62500;10;0;250;1;9.15
5;62500;10;0;750;1;8.6
5;62500;10;0;1500;1;8.26
5;62500;10;0;2500;1;8.34
5;62500;10;0;3500;1;7.91
5;62500;10;1;50;1;8.05
5;62500;10;1;250;1;8.95
5;62500;10;1;750;1;8.75
5;62500;10;1;1500;1;8.82
5;62500;10;1;2500;1;8.14
5;62500;10;1;3500;1;6.42
5;62500;14;0;50;1;8.46
5;62500;14;0;250;1;7.99
5;62500;14;0;750;1;9.21
5;62500;14;0;1500;1;8.53
5;62500;14;0;2500;1;8.46
5;62500;14;0;3500;1;6.18
5;62500;14;1;50;1;8.27
5;62500;14;1;250;1;8.43
5;62500;14;1;750;1;8.93
5;62500;14;1;1500;1;6.51
5;62500;14;1;2500;1;8.11
5;62500;14;1;3500;1;8.21
5;62500;20;0;50;1;8.74
5;62500;20;0;250;1;9.14
5;62500;20;0;750;1;9.0
5;62500;20;0;1500;1;8.68
5;62500;20;0;2500;1;7.72
5;62500;20;0;3500;1;6.45
5;62500;20;1;50;1;8.1
5;62500;20;1;250;1;7.63
5;62500;20;1;750;1;8.21
5;62500;20;1;1500;1;8.33
5;62500;20;1;2500;1;8.52
5;62500;20;1;3500;1;7.7
5;87500;3;0;50;1;2.61
5;87500;3;0;250;1;7.4
5;87500;3;0;750;1;4.98
5;87500;3;0;1500;1;1.8
5;87500;3;0;2500;1;5.6
5;87500;3;0;3500;1;5.95
5;87500;3;1;50;1;6.46
5;87500;3;1;250;1;6.45
5;87500;3;1;750;1;6.19
5;87500;3;1;1500;1;5.74
5;87500;3;1;2500;1;5.31
5;87500;3;1;3500;1;5.1
5;87500;6;0;50;1;5.98
5;87500;6;0;250;1;6.35
5;87500;6;0;750;1;6.37
5;87500;6;0;1500;1;6.23
5;87500;6;0;2500;1;5.99
5;87500;6;0;3500;1;5.74
5;87500;6;1;50;1;6.28
5;87500;6;1;250;1;6.24
5;87500;6;1;750;1;5.96
5;87500;6;1;1500;1;5.44
5;87500;6;1;2500;1;5.56
5;87500;6;1;3500;1;5.18
5;87500;10;0;50;1;6.27
5;87500;10;0;250;1;6.31
5;87500;10;0;750;1;5.6
5;87500;10;0;1500;1;5.93
5;87500;10;0;2500;1;5.79
5;87500;10;0;3500;1;5.72
5;87500;10;1;50;1;5.88
5;87500;10;1;250;1;6.2
5;87500;10;1;750;1;5.42
5;87500;10;1;1500;1;5.95
5;87500;10;1;2500;1;5.67
5;87500;10;1;3500;1;5.6
5;87500;14;0;50;1;6.14
5;87500;14;0;250;1;5.8
5;87500;14;0;750;1;6.34
5;87500;14;0;1500;1;5.61
5;87500;14;0;2500;1;5.68
5;87500;14;0;3500;1;5.7
5;87500;14;1;50;1;6.16
5;87500;14;1;250;1;6.12
5;87500;14;1;750;1;5.84
5;87500;14;1;1500;1;5.49
5;87500;14;1;2500;1;5.47
5;87500;14;1;3500;1;5.4
5;87500;20;0;50;1;6.02
5;87500;20;0;250;1;6.09
5;87500;20;0;750;1;6.29
5;87500;20;0;1500;1;4.81
5;87500;20;0;2500;1;5.03
5;87500;20;0;3500;1;5.2
5;87500;20;1;50;1;5.96
5;87500;20;1;250;1;5.85
5;87500;20;1;750;1;6.13
5;87500;20;1;1500;1;5.64
5;87500;20;1;2500;1;5.15
5;87500;20;1;3500;1;4.95
5;137500;3;0;50;1;3.43
5;137500;3;0;250;1;6.15
5;137500;3;0;750;1;5.77
5;137500;3;0;1500;1;5.32
5;137500;3;0;2500;1;5.29
5;137500;3;0;3500;1;4.48
5;137500;3;1;50;1;5.66
5;137500;3;1;250;1;5.14
5;137500;3;1;750;1;5.18
5;137500;3;1;1500;1;4.95
5;137500;3;1;2500;1;4.81
5;137500;3;1;3500;1;4.93
5;137500;6;0;50;1;5.17
5;137500;6;0;250;1;5.33
5;137500;6;0;750;1;5.19
5;137500;6;0;1500;1;4.94
5;137500;6;0;2500;1;4.83
5;137500;6;0;3500;1;4.47
5;137500;6;1;50;1;4.87
5;137500;6;1;250;1;4.98
5;137500;6;1;750;1;5.1
5;137500;6;1;1500;1;4.83
5;137500;6;1;2500;1;4.67
5;137500;6;1;3500;1;5.02
5;137500;10;0;50;1;5.05
5;137500;10;0;250;1;4.97
5;137500;10;0;750;1;4.95
5;137500;10;0;1500;1;5.31
5;137500;10;0;2500;1;5.12
5;137500;10;0;3500;1;4.72
5;137500;10;1;50;1;5.37
5;137500;10;1;250;1;5.25
5;137500;10;1;750;1;5.06
5;137500;10;1;1500;1;5.29
5;137500;10;1;2500;1;5.09
5;137500;10;1;3500;1;4.86
5;137500;14;0;50;1;5.13
5;137500;14;0;250;1;5.49
5;137500;14;0;750;1;5.19
5;137500;14;0;1500;1;5.19
5;137500;14;0;2500;1;5.13
5;137500;14;0;3500;1;5.29
5;137500;14;1;50;1;3.89
5;137500;14;1;250;1;5.09
5;137500;14;1;750;1;5.87
5;137500;14;1;1500;1;5.57
5;137500;14;1;2500;1;4.83
5;137500;14;1;3500;1;5.27
5;137500;20;0;50;1;5.33
5;137500;20;0;250;1;5.89
5;137500;20;0;750;1;5.7
5;137500;20;0;1500;1;5.48
5;137500;20;0;2500;1;5.39
5;137500;20;0;3500;1;5.31
5;137500;20;1;50;1;5.57
5;137500;20;1;250;1;5.56
5;137500;20;1;750;1;5.32
5;137500;20;1;1500;1;4.58
5;137500;20;1;2500;1;4.61
5;137500;20;1;3500;1;4.8
5;212500;3;0;50;1;5.49
5;212500;3;0;250;1;5.63
5;212500;3;0;750;1;5.52
5;212500;3;0;1500;1;5.02
5;212500;3;0;2500;1;4.79
5;212500;3;0;3500;1;4.67
5;212500;3;1;50;1;5.81
5;212500;3;1;250;1;5.56
5;212500;3;1;750;1;5.48
5;212500;3;1;1500;1;5.41
5;212500;3;1;2500;1;4.92
5;212500;3;1;3500;1;4.97
5;212500;6;0;50;1;5.38
5;212500;6;0;250;1;4.77
5;212500;6;0;750;1;5.01
5;212500;6;0;1500;1;5.22
5;212500;6;0;2500;1;5.18
5;212500;6;0;3500;1;5.19
5;212500;6;1;50;1;5.75
5;212500;6;1;250;1;5.1
5;212500;6;1;750;1;4.87
5;212500;6;1;1500;1;5.47
5;212500;6;1;2500;1;5.34
5;212500;6;1;3500;1;5.39
5;212500;10;0;50;1;5.67
5;212500;10;0;250;1;5.63
5;212500;10;0;750;1;5.59
5;212500;10;0;1500;1;5.18
5;212500;10;0;2500;1;5.25
5;212500;10;0;3500;1;5.16
5;212500;10;1;50;1;5.41
5;212500;10;1;250;1;5.25
5;212500;10;1;750;1;5.51
5;212500;10;1;1500;1;4.61
5;212500;10;1;2500;1;5.07
5;212500;10;1;3500;1;5.03
5;212500;14;0;50;1;5.25
5;212500;14;0;250;1;5.73
5;212500;14;0;750;1;5.28
5;212500;14;0;1500;1;5.2
5;212500;14;0;2500;1;5.26
5;212500;14;0;3500;1;5.05
5;212500;14;1;50;1;5.54
5;212500;14;1;250;1;5.44
5;212500;14;1;750;1;5.33
5;212500;14;1;1500;1;5.2
5;212500;14;1;2500;1;5.07
5;212500;14;1;3500;1;5.03
5;212500;20;0;50;1;5.45
5;212500;20;0;250;1;4.95
5;212500;20;0;750;1;4.75
5;212500;20;0;1500;1;4.8
5;212500;20;0;2500;1;5.16
5;212500;20;0;3500;1;4.75
5;212500;20;1;50;1;5.71
5;212500;20;1;250;1;5.2
5;212500;20;1;750;1;4.62
5;212500;20;1;1500;1;5.26
5;212500;20;1;2500;1;4.99
5;212500;20;1;3500;1;5.22
5;300000;3;0;50;1;5.39
5;300000;3;0;250;1;5.33
5;300000;3;0;750;1;5.32
5;300000;3;0;1500;1;5.16
5;300000;3;0;2500;1;5.16
5;300000;3;0;3500;1;5.2
5;300000;3;1;50;1;5.36
5;300000;3;1;250;1;5.27
5;300000;3;1;750;1;5.13
5;300000;3;1;1500;1;5.11
5;300000;3;1;2500;1;4.94
5;300000;3;1;3500;1;5.09
5;300000;6;0;50;1;4.85
5;300000;6;0;250;1;5.67
5;300000;6;0;750;1;5.15
5;300000;6;0;1500;1;4.79
5;300000;6;0;2500;1;5.17
5;300000;6;0;3500;1;5.22
5;300000;6;1;50;1;5.51
5;300000;6;1;250;1;5.25
5;300000;6;1;750;1;5.42
5;300000;6;1;1500;1;5.16
5;300000;6;1;2500;1;5.1
5;300000;6;1;3500;1;4.68
5;300000;10;0;50;1;5.17
5;300000;10;0;250;1;5.83
5;300000;10;0;750;1;5.3
5;300000;10;0;1500;1;5.27
5;300000;10;0;2500;1;5.08
5;300000;10;0;3500;1;5.05
5;300000;10;1;50;1;4.63
5;300000;10;1;250;1;5.31
5;300000;10;1;750;1;5.1
5;300000;10;1;1500;1;5.1
5;300000;10;1;2500;1;4.98
5;300000;10;1;3500;1;4.62
5;300000;14;0;50;1;5.38
5;300000;14;0;250;1;5.55
5;300000;14;0;750;1;5.44
5;300000;14;0;1500;1;5.31
5;300000;14;0;2500;1;4.96
5;300000;14;0;3500;1;4.86
5;300000;14;1;50;1;4.86
5;300000;14;1;250;1;5.59
5;300000;14;1;750;1;5.09
5;300000;14;1;1500;1;5.18
5;300000;14;1;2500;1;4.78
5;300000;14;1;3500;1;5.18
5;300000;20;0;50;1;5.16
5;300000;20;0;250;1;5.53
5;300000;20;0;750;1;4.76
5;300000;20;0;1500;1;5.26
5;300000;20;0;2500;1;5.05
5;300000;20;0;3500;1;4.67
5;300000;20;1;50;1;5.32
5;300000;20;1;250;1;4.96
5;300000;20;1;750;1;5.26
5;300000;20;1;1500;1;4.75
5;300000;20;1;2500;1;5.11
5;300000;20;1;3500;1;4.97
0;50;3;0;50;0;25.12
0;50;3;0;250;0;52.25
0;50;3;0;750;0;46.06
0;50;3;0;1500;0;32.3
0;50;3;0;2500;0;22.31
0;50;3;0;3500;0;19.62
0;50;3;1;50;0;58.76
0;50;3;1;250;0;63.8
0;50;3;1;750;0;49.13
0;50;3;1;1500;0;37.26
0;50;3;1;2500;0;25.99
0;50;3;1;3500;0;24.35
0;50;6;0;50;0;72.22
0;50;6;0;250;0;66.63
0;50;6;0;750;0;51.11
0;50;6;0;1500;0;39.12
0;50;6;0;2500;0;30.37
0;50;6;0;3500;0;29.37
0;50;6;1;50;0;92.71
0;50;6;1;250;0;97.79
0;50;6;1;750;0;76.49
0;50;6;1;1500;0;55.82
0;50;6;1;2500;0;39.46
0;50;6;1;3500;0;31.57
0;50;10;0;50;0;92.72
0;50;10;0;250;0;92.53
0;50;10;0;750;0;65.34
0;50;10;0;1500;0;45.32
0;50;10;0;2500;0;35.59
0;50;10;0;3500;0;31.81
0;50;10;1;50;0;102.44
0;50;10;1;250;0;99.47
0;50;10;1;750;0;76.84
0;50;10;1;1500;0;55.7
0;50;10;1;2500;0;38.68
0;50;10;1;3500;0;31.64
0;50;14;0;50;0;98.61
0;50;14;0;250;0;89.63
0;50;14;0;750;0;65.37
0;50;14;0;1500;0;43.26
0;50;14;0;2500;0;31.61
0;50;14;0;3500;0;31.0
0;50;14;1;50;0;98.37
0;50;14;1;250;0;98.45
0;50;14;1;750;0;72.5
0;50;14;1;1500;0;52.5
0;50;14;1;2500;0;38.87
0;50;14;1;3500;0;32.82
0;50;20;0;50;0;98.96
0;50;20;0;250;0;91.24
0;50;20;0;750;0;64.21
0;50;20;0;1500;0;45.69
0;50;20;0;2500;0;35.67
0;50;20;0;3500;0;32.3
0;50;20;1;50;0;99.86
0;50;20;1;250;0;97.92
0;50;20;1;750;0;72.69
0;50;20;1;1500;0;52.68
0;50;20;1;2500;0;39.87
0;50;20;1;3500;0;33.1
0;300;3;0;50;0;59.2
0;300;3;0;250;0;85.71
0;300;3;0;750;0;60.82
0;300;3;0;1500;0;42.27
0;300;3;0;2500;0;32.65
0;300;3;0;3500;0;27.56
0;300;3;1;50;0;72.35
0;300;3;1;250;0;77.06
0;300;3;1;750;0;63.25
0;300;3;1;1500;0;48.8
0;300;3;1;2500;0;37.66
0;300;3;1;3500;0;32.78
0;300;6;0;50;0;104.91
0;300;6;0;250;0;109.53
0;300;6;0;750;0;82.88
0;300;6;0;1500;0;50.36
0;300;6;0;2500;0;37.19
0;300;6;0;3500;0;32.7
0;300;6;1;50;0;98.14
0;300;6;1;250;0;97.28
0;300;6;1;750;0;76.16
0;300;6;1;1500;0;55.38
0;300;6;1;2500;0;42.02
0;300;6;1;3500;0;35.91
0;300;10;0;50;0;116.01
0;300;10;0;250;0;108.06
0;300;10;0;750;0;72.69
0;300;10;0;1500;0;46.39
0;300;10;0;2500;0;37.36
0;300;10;0;3500;0;36.93
0;300;10;1;50;0;116.89
0;300;10;1;250;0;110.66
0;300;10;1;750;0;83.6
0;300;10;1;1500;0;58.42
0;300;10;1;2500;0;39.81
0;300;10;1;3500;0;35.87
0;300;14;0;50;0;116.27
0;300;14;0;250;0;112.06
0;300;14;0;750;0;83.43
0;300;14;0;1500;0;58.74
0;300;14;0;2500;0;42.47
0;300;14;0;3500;0;37.32
0;300;14;1;50;0;110.95
0;300;14;1;250;0;103.35
0;300;14;1;750;0;77.79
0;300;14;1;1500;0;56.19
0;300;14;1;2500;0;42.15
0;300;14;1;3500;0;36.04
0;300;20;0;50;0;104.13
0;300;20;0;250;0;103.35
0;300;20;0;750;0;75.7
0;300;20;0;1500;0;51.3
0;300;20;0;2500;0;38.38
0;300;20;0;3500;0;35.18
0;300;20;1;50;0;106.25
0;300;20;1;250;0;105.91
0;300;20;1;750;0;78.42
0;300;20;1;1500;0;55.21
0;300;20;1;2500;0;39.3
0;300;20;1;3500;0;35.23
0;750;3;0;50;0;64.33
0;750;3;0;250;0;96.86
0;750;3;0;750;0;74.99
0;750;3;0;1500;0;55.86
0;750;3;0;2500;0;39.47
0;750;3;0;3500;0;36.41
0;750;3;1;50;0;97.58
0;750;3;1;250;0;95.83
0;750;3;1;750;0;70.41
0;750;3;1;1500;0;50.6
0;750;3;1;2500;0;39.02
0;750;3;1;3500;0;35.37
0;750;6;0;50;0;104.31
0;750;6;0;250;0;103.6
0;750;6;0;750;0;76.75
0;750;6;0;1500;0;56.38
0;750;6;0;2500;0;38.98
0;750;6;0;3500;0;35.4
0;750;6;1;50;0;90.21
0;750;6;1;250;0;90.13
0;750;6;1;750;0;70.23
0;750;6;1;1500;0;51.42
0;750;6;1;2500;0;38.14
0;750;6;1;3500;0;33.9
0;750;10;0;50;0;109.74
0;750;10;0;250;0;82.0
0;750;10;0;750;0;66.11
0;750;10;0;1500;0;53.26
0;750;10;0;2500;0;39.49
0;750;10;0;3500;0;35.85
0;750;10;1;50;0;102.51
0;750;10;1;250;0;103.03
0;750;10;1;750;0;77.96
0;750;10;1;1500;0;55.85
0;750;10;1;2500;0;38.58
0;750;10;1;3500;0;32.63
0;750;14;0;50;0;97.36
0;750;14;0;250;0;95.59
0;750;14;0;750;0;71.38
0;750;14;0;1500;0;52.27
0;750;14;0;2500;0;39.18
0;750;14;0;3500;0;35.4
0;750;14;1;50;0;96.59
0;750;14;1;250;0;92.79
0;750;14;1;750;0;70.36
0;750;14;1;1500;0;51.49
0;750;14;1;2500;0;37.49
0;750;14;1;3500;0;32.34
0;750;20;0;50;0;97.16
0;750;20;0;250;0;99.95
0;750;20;0;750;0;75.55
0;750;20;0;1500;0;53.25
0;750;20;0;2500;0;38.72
0;750;20;0;3500;0;35.4
0;750;20;1;50;0;78.17
0;750;20;1;250;0;96.45
0;750;20;1;750;0;77.62
0;750;20;1;1500;0;54.54
0;750;20;1;2500;0;36.72
0;750;20;1;3500;0;32.54
0;3000;3;0;50;0;31.61
0;3000;3;0;250;0;62.82
0;3000;3;0;750;0;56.57
0;3000;3;0;1500;0;46.04
0;3000;3;0;2500;0;33.04
0;3000;3;0;3500;0;30.51
0;3000;3;1;50;0;57.08
0;3000;3;1;250;0;61.47
0;3000;3;1;750;0;54.01
0;3000;3;1;1500;0;24.46
0;3000;3;1;2500;0;30.99
0;3000;3;1;3500;0;30.23
0;3000;6;0;50;0;63.22
0;3000;6;0;250;0;64.27
0;3000;6;0;750;0;58.15
0;3000;6;0;1500;0;45.41
0;3000;6;0;2500;0;33.12
0;3000;6;0;3500;0;31.3
0;3000;6;1;50;0;59.92
0;3000;6;1;250;0;59.43
0;3000;6;1;750;0;56.93
0;3000;6;1;1500;0;44.45
0;3000;6;1;2500;0;34.66
0;3000;6;1;3500;0;30.65
0;3000;10;0;50;0;62.27
0;3000;10;0;250;0;63.19
0;3000;10;0;750;0;55.97
0;3000;10;0;1500;0;45.47
0;3000;10;0;2500;0;35.67
0;3000;10;0;3500;0;30.73
0;3000;10;1;50;0;62.88
0;3000;10;1;250;0;59.98
0;3000;10;1;750;0;55.43
0;3000;10;1;1500;0;44.72
0;3000;10;1;2500;0;32.46
0;3000;10;1;3500;0;31.27
0;3000;14;0;50;0;62.89
0;3000;14;0;250;0;63.01
0;3000;14;0;750;0;56.19
0;3000;14;0;1500;0;45.1
0;3000;14;0;2500;0;35.15
0;3000;14;0;3500;0;31.67
0;3000;14;1;50;0;59.58
0;3000;14;1;250;0;58.69
0;3000;14;1;750;0;54.87
0;3000;14;1;1500;0;44.86
0;3000;14;1;2500;0;32.12
0;3000;14;1;3500;0;26.62
0;3000;20;0;50;0;52.16
0;3000;20;0;250;0;63.59
0;3000;20;0;750;0;59.93
0;3000;20;0;1500;0;47.97
0;3000;20;0;2500;0;32.95
0;3000;20;0;3500;0;30.62
0;3000;20;1;50;0;57.45
0;3000;20;1;250;0;61.55
0;3000;20;1;750;0;55.98
0;3000;20;1;1500;0;42.34
0;3000;20;1;2500;0;32.28
0;3000;20;1;3500;0;30.47
0;7500;3;0;50;0;17.57
0;7500;3;0;250;0;33.27
0;7500;3;0;750;0;32.32
0;7500;3;0;1500;0;29.58
0;7500;3;0;2500;0;25.95
0;7500;3;0;3500;0;24.91
0;7500;3;1;50;0;32.44
0;7500;3;1;250;0;35.58
0;7500;3;1;750;0;32.92
0;7500;3;1;1500;0;31.09
0;7500;3;1;2500;0;27.65
0;7500;3;1;3500;0;24.65
0;7500;6;0;50;0;36.05
0;7500;6;0;250;0;35.42
0;7500;6;0;750;0;35.36
0;7500;6;0;1500;0;30.35
0;7500;6;0;2500;0;26.56
0;7500;6;0;3500;0;25.5
0;7500;6;1;50;0;35.4
0;7500;6;1;250;0;35.6
0;7500;6;1;750;0;31.48
0;7500;6;1;1500;0;30.73
0;7500;6;1;2500;0;26.15
0;7500;6;1;3500;0;23.98
0;7500;10;0;50;0;35.81
0;7500;10;0;250;0;35.53
0;7500;10;0;750;0;34.8
0;7500;10;0;1500;0;30.84
0;7500;10;0;2500;0;28.62
0;7500;10;0;3500;0;25.24
0;7500;10;1;50;0;35.62
0;7500;10;1;250;0;36.15
0;7500;10;1;750;0;31.95
0;7500;10;1;1500;0;29.7
0;7500;10;1;2500;0;24.94
0;7500;10;1;3500;0;24.89
0;7500;14;0;50;0;35.75
0;7500;14;0;250;0;36.97
0;7500;14;0;750;0;35.29
0;7500;14;0;1500;0;29.92
0;7500;14;0;2500;0;26.5
0;7500;14;0;3500;0;24.27
0;7500;14;1;50;0;36.08
0;7500;14;1;250;0;36.28
0;7500;14;1;750;0;32.65
0;7500;14;1;1500;0;30.62
0;7500;14;1;2500;0;25.96
0;7500;14;1;3500;0;24.05
0;7500;20;0;50;0;30.94
0;7500;20;0;250;0;16.68
0;7500;20;0;750;0;32.99
0;7500;20;0;1500;0;30.93
0;7500;20;0;2500;0;26.18
0;7500;20;0;3500;0;25.03
0;7500;20;1;50;0;36.2
0;7500;20;1;250;0;33.18
0;7500;20;1;750;0;34.58
0;7500;20;1;1500;0;29.76
0;7500;20;1;2500;0;25.97
0;7500;20;1;3500;0;24.82
0;17500;3;0;50;0;9.38
0;17500;3;0;250;0;15.88
0;17500;3;0;750;0;16.81
0;17500;3;0;1500;0;15.61
0;17500;3;0;2500;0;13.26
0;17500;3;0;3500;0;15.81
0;17500;3;1;50;0;17.28
0;17500;3;1;250;0;17.39
0;17500;3;1;750;0;16.89
0;17500;3;1;1500;0;17.2
0;17500;3;1;2500;0;14.97
0;17500;3;1;3500;0;15.46
0;17500;6;0;50;0;18.85
0;17500;6;0;250;0;18.51
0;17500;6;0;750;0;17.05
0;17500;6;0;1500;0;16.52
0;17500;6;0;2500;0;16.22
0;17500;6;0;3500;0;16.39
0;17500;6;1;50;0;17.62
0;17500;6;1;250;0;17.92
0;17500;6;1;750;0;17.33
0;17500;6;1;1500;0;15.94
0;17500;6;1;2500;0;16.3
0;17500;6;1;3500;0;15.38
0;17500;10;0;50;0;18.19
0;17500;10;0;250;0;18.51
0;17500;10;0;750;0;18.03
0;17500;10;0;1500;0;17.16
0;17500;10;0;2500;0;15.93
0;17500;10;0;3500;0;14.83
0;17500;10;1;50;0;18.0
0;17500;10;1;250;0;18.02
0;17500;10;1;750;0;17.8
0;17500;10;1;1500;0;16.96
0;17500;10;1;2500;0;16.2
0;17500;10;1;3500;0;15.6
0;17500;14;0;50;0;18.56
0;17500;14;0;250;0;18.53
0;17500;14;0;750;0;18.14
0;17500;14;0;1500;0;17.26
0;17500;14;0;2500;0;16.38
0;17500;14;0;3500;0;15.72
0;17500;14;1;50;0;15.56
0;17500;14;1;250;0;17.21
0;17500;14;1;750;0;17.68
0;17500;14;1;1500;0;17.87
0;17500;14;1;2500;0;17.47
0;17500;14;1;3500;0;16.36
0;17500;20;0;50;0;19.3
0;17500;20;0;250;0;18.65
0;17500;20;0;750;0;17.9
0;17500;20;0;1500;0;17.48
0;17500;20;0;2500;0;15.52
0;17500;20;0;3500;0;14.89
0;17500;20;1;50;0;18.7
0;17500;20;1;250;0;18.13
0;17500;20;1;750;0;17.53
0;17500;20;1;1500;0;16.75
0;17500;20;1;2500;0;15.76
0;17500;20;1;3500;0;15.26
0;37500;3;0;50;0;4.06
0;37500;3;0;250;0;7.9
0;37500;3;0;750;0;7.86
0;37500;3;0;1500;0;8.06
0;37500;3;0;2500;0;6.6
0;37500;3;0;3500;0;9.0
0;37500;3;1;50;0;10.17
0;37500;3;1;250;0;9.48
0;37500;3;1;750;0;9.01
0;37500;3;1;1500;0;8.56
0;37500;3;1;2500;0;8.98
0;37500;3;1;3500;0;8.54
0;37500;6;0;50;0;9.94
0;37500;6;0;250;0;9.6
0;37500;6;0;750;0;9.38
0;37500;6;0;1500;0;9.43
0;37500;6;0;2500;0;8.82
0;37500;6;0;3500;0;4.21
0;37500;6;1;50;0;4.22
0;37500;6;1;250;0;8.81
0;37500;6;1;750;0;8.96
0;37500;6;1;1500;0;9.35
0;37500;6;1;2500;0;9.5
0;37500;6;1;3500;0;8.79
0;37500;10;0;50;0;9.79
0;37500;10;0;250;0;10.02
0;37500;10;0;750;0;9.46
0;37500;10;0;1500;0;9.58
0;37500;10;0;2500;0;8.99
0;37500;10;0;3500;0;8.69
0;37500;10;1;50;0;9.37
0;37500;10;1;250;0;10.1
0;37500;10;1;750;0;9.48
0;37500;10;1;1500;0;9.03
0;37500;10;1;2500;0;9.05
0;37500;10;1;3500;0;8.48
0;37500;14;0;50;0;9.91
0;37500;14;0;250;0;9.76
0;37500;14;0;750;0;9.43
0;37500;14;0;1500;0;9.09
0;37500;14;0;2500;0;8.78
0;37500;14;0;3500;0;9.32
0;37500;14;1;50;0;9.41
0;37500;14;1;250;0;9.84
0;37500;14;1;750;0;9.57
0;37500;14;1;1500;0;9.28
0;37500;14;1;2500;0;8.98
0;37500;14;1;3500;0;8.5
0;37500;20;0;50;0;9.73
0;37500;20;0;250;0;9.35
0;37500;20;0;750;0;9.94
0;37500;20;0;1500;0;9.67
0;37500;20;0;2500;0;8.71
0;37500;20;0;3500;0;8.95
0;37500;20;1;50;0;9.1
0;37500;20;1;250;0;10.06
0;37500;20;1;750;0;9.39
0;37500;20;1;1500;0;9.1
0;37500;20;1;2500;0;8.87
0;37500;20;1;3500;0;8.68
0;62500;3;0;50;0;2.8
0;62500;3;0;250;0;5.27
0;62500;3;0;750;0;4.87
0;62500;3;0;1500;0;4.84
0;62500;3;0;2500;0;5.01
0;62500;3;0;3500;0;4.98
0;62500;3;1;50;0;5.29
0;62500;3;1;250;0;5.51
0;62500;3;1;750;0;5.54
0;62500;3;1;1500;0;5.27
0;62500;3;1;2500;0;5.19
0;62500;3;1;3500;0;4.99
0;62500;6;0;50;0;5.88
0;62500;6;0;250;0;5.82
0;62500;6;0;750;0;5.94
0;62500;6;0;1500;0;5.65
0;62500;6;0;2500;0;5.56
0;62500;6;0;3500;0;5.16
0;62500;6;1;50;0;5.53
0;62500;6;1;250;0;6.15
0;62500;6;1;750;0;5.85
0;62500;6;1;1500;0;5.49
0;62500;6;1;2500;0;5.4
0;62500;6;1;3500;0;5.4
0;62500;10;0;50;0;5.57
0;62500;10;0;250;0;6.14
0;62500;10;0;750;0;5.57
0;62500;10;0;1500;0;5.78
0;62500;10;0;2500;0;5.59
0;62500;10;0;3500;0;5.04
0;62500;10;1;50;0;6.08
0;62500;10;1;250;0;5.25
0;62500;10;1;750;0;4.93
0;62500;10;1;1500;0;4.73
0;62500;10;1;2500;0;5.43
0;62500;10;1;3500;0;5.33
0;62500;14;0;50;0;5.84
0;62500;14;0;250;0;5.03
0;62500;14;0;750;0;5.22
0;62500;14;0;1500;0;5.49
0;62500;14;0;2500;0;5.75
0;62500;14;0;3500;0;5.8
0;62500;14;1;50;0;5.87
0;62500;14;1;250;0;6.13
0;62500;14;1;750;0;5.64
0;62500;14;1;1500;0;5.54
0;62500;14;1;2500;0;5.43
0;62500;14;1;3500;0;5.14
0;62500;20;0;50;0;5.41
0;62500;20;0;250;0;6.05
0;62500;20;0;750;0;5.68
0;62500;20;0;1500;0;5.39
0;62500;20;0;2500;0;5.73
0;62500;20;0;3500;0;5.46
0;62500;20;1;50;0;5.54
0;62500;20;1;250;0;5.18
0;62500;20;1;750;0;5.83
0;62500;20;1;1500;0;5.54
0;62500;20;1;2500;0;5.54
0;62500;20;1;3500;0;5.32
0;87500;3;0;50;0;2.26
0;87500;3;0;250;0;4.31
0;87500;3;0;750;0;3.84
0;87500;3;0;1500;0;3.84
0;87500;3;0;2500;0;4.27
0;87500;3;0;3500;0;3.73
0;87500;3;1;50;0;3.74
0;87500;3;1;250;0;3.93
0;87500;3;1;750;0;3.68
0;87500;3;1;1500;0;3.96
0;87500;3;1;2500;0;4.02
0;87500;3;1;3500;0;3.63
0;87500;6;0;50;0;4.38
0;87500;6;0;250;0;4.56
0;87500;6;0;750;0;4.08
0;87500;6;0;1500;0;4.31
0;87500;6;0;2500;0;4.24
0;87500;6;0;3500;0;3.99
0;87500;6;1;50;0;4.47
0;87500;6;1;250;0;4.36
0;87500;6;1;750;0;4.31
0;87500;6;1;1500;0;3.0
0;87500;6;1;2500;0;5.01
0;87500;6;1;3500;0;3.94
0;87500;10;0;50;0;4.53
0;87500;10;0;250;0;4.15
0;87500;10;0;750;0;4.6
0;87500;10;0;1500;0;4.12
0;87500;10;0;2500;0;4.46
0;87500;10;0;3500;0;4.16
0;87500;10;1;50;0;4.21
0;87500;10;1;250;0;4.17
0;87500;10;1;750;0;4.26
0;87500;10;1;1500;0;4.11
0;87500;10;1;2500;0;3.78
0;87500;10;1;3500;0;4.22
0;87500;14;0;50;0;4.31
0;87500;14;0;250;0;4.46
0;87500;14;0;750;0;4.46
0;87500;14;0;1500;0;3.89
0;87500;14;0;2500;0;4.39
0;87500;14;0;3500;0;4.04
0;87500;14;1;50;0;4.41
0;87500;14;1;250;0;4.45
0;87500;14;1;750;0;3.92
0;87500;14;1;1500;0;4.38
0;87500;14;1;2500;0;4.28
0;87500;14;1;3500;0;3.94
0;87500;20;0;50;0;3.76
0;87500;20;0;250;0;4.19
0;87500;20;0;750;0;4.25
0;87500;20;0;1500;0;4.21
0;87500;20;0;2500;0;4.12
0;87500;20;0;3500;0;4.06
0;87500;20;1;50;0;4.16
0;87500;20;1;250;0;4.52
0;87500;20;1;750;0;4.25
0;87500;20;1;1500;0;4.11
0;87500;20;1;2500;0;4.16
0;87500;20;1;3500;0;3.95
0;137500;3;0;50;0;3.17
0;137500;3;0;250;0;4.14
0;137500;3;0;750;0;3.66
0;137500;3;0;1500;0;3.65
0;137500;3;0;2500;0;3.37
0;137500;3;0;3500;0;3.69
0;137500;3;1;50;0;3.68
0;137500;3;1;250;0;3.34
0;137500;3;1;750;0;3.84
0;137500;3;1;1500;0;3.49
0;137500;3;1;2500;0;3.6
0;137500;3;1;3500;0;3.35
0;137500;6;0;50;0;3.78
0;137500;6;0;250;0;3.91
0;137500;6;0;750;0;3.74
0;137500;6;0;1500;0;3.93
0;137500;6;0;2500;0;3.9
0;137500;6;0;3500;0;3.64
0;137500;6;1;50;0;3.49
0;137500;6;1;250;0;3.91
0;137500;6;1;750;0;3.68
0;137500;6;1;1500;0;3.58
0;137500;6;1;2500;0;3.67
0;137500;6;1;3500;0;3.52
0;137500;10;0;50;0;3.85
0;137500;10;0;250;0;3.69
0;137500;10;0;750;0;3.65
0;137500;10;0;1500;0;3.81
0;137500;10;0;2500;0;3.57
0;137500;10;0;3500;0;3.85
0;137500;10;1;50;0;3.79
0;137500;10;1;250;0;3.68
0;137500;10;1;750;0;3.89
0;137500;10;1;1500;0;3.68
0;137500;10;1;2500;0;3.65
0;137500;10;1;3500;0;3.65
0;137500;14;0;50;0;3.69
0;137500;14;0;250;0;3.92
0;137500;14;0;750;0;3.63
0;137500;14;0;1500;0;4.01
0;137500;14;0;2500;0;3.79
0;137500;14;0;3500;0;3.51
0;137500;14;1;50;0;4.01
0;137500;14;1;250;0;3.78
0;137500;14;1;750;0;3.54
0;137500;14;1;1500;0;3.45
0;137500;14;1;2500;0;3.6
0;137500;14;1;3500;0;3.54
0;137500;20;0;50;0;3.85
0;137500;20;0;250;0;3.77
0;137500;20;0;750;0;3.49
0;137500;20;0;1500;0;3.77
0;137500;20;0;2500;0;3.67
0;137500;20;0;3500;0;3.57
0;137500;20;1;50;0;4.01
0;137500;20;1;250;0;3.54
0;137500;20;1;750;0;3.99
0;137500;20;1;1500;0;3.71
0;137500;20;1;2500;0;3.66
0;137500;20;1;3500;0;3.49
0;212500;3;0;50;0;3.81
0;212500;3;0;250;0;3.95
0;212500;3;0;750;0;3.99
0;212500;3;0;1500;0;3.35
0;212500;3;0;2500;0;3.61
0;212500;3;0;3500;0;3.79
0;212500;3;1;50;0;3.67
0;212500;3;1;250;0;3.71
0;212500;3;1;750;0;3.65
0;212500;3;1;1500;0;3.51
0;212500;3;1;2500;0;3.56
0;212500;3;1;3500;0;3.74
0;212500;6;0;50;0;3.85
0;212500;6;0;250;0;3.59
0;212500;6;0;750;0;3.33
0;212500;6;0;1500;0;3.66
0;212500;6;0;2500;0;3.58
0;212500;6;0;3500;0;3.49
0;212500;6;1;50;0;3.66
0;212500;6;1;250;0;3.72
0;212500;6;1;750;0;3.7
0;212500;6;1;1500;0;3.79
0;212500;6;1;2500;0;3.74
0;212500;6;1;3500;0;3.81
0;212500;10;0;50;0;3.68
0;212500;10;0;250;0;3.73
0;212500;10;0;750;0;4.14
0;212500;10;0;1500;0;3.95
0;212500;10;0;2500;0;3.66
0;212500;10;0;3500;0;3.27
0;212500;10;1;50;0;3.48
0;212500;10;1;250;0;3.95
0;212500;10;1;750;0;3.62
0;212500;10;1;1500;0;3.98
0;212500;10;1;2500;0;3.26
0;212500;10;1;3500;0;3.56
0;212500;14;0;50;0;3.75
0;212500;14;0;250;0;3.97
0;212500;14;0;750;0;4.07
0;212500;14;0;1500;0;3.84
0;212500;14;0;2500;0;3.73
0;212500;14;0;3500;0;3.83
0;212500;14;1;50;0;3.49
0;212500;14;1;250;0;3.88
0;212500;14;1;750;0;3.72
0;212500;14;1;1500;0;3.72
0;212500;14;1;2500;0;3.71
0;212500;14;1;3500;0;3.45
0;212500;20;0;50;0;3.42
0;212500;20;0;250;0;4.01
0;212500;20;0;750;0;3.8
0;212500;20;0;1500;0;3.55
0;212500;20;0;2500;0;3.78
0;212500;20;0;3500;0;3.63
0;212500;20;1;50;0;3.68
0;212500;20;1;250;0;3.8
0;212500;20;1;750;0;3.69
0;212500;20;1;1500;0;3.53
0;212500;20;1;2500;0;3.21
0;212500;20;1;3500;0;3.48
0;300000;3;0;50;0;3.82
0;300000;3;0;250;0;3.88
0;300000;3;0;750;0;3.33
0;300000;3;0;1500;0;4.24
0;300000;3;0;2500;0;3.58
0;300000;3;0;3500;0;3.81
0;300000;3;1;50;0;3.8
0;300000;3;1;250;0;3.98
0;300000;3;1;750;0;3.76
0;300000;3;1;1500;0;3.59
0;300000;3;1;2500;0;3.79
0;300000;3;1;3500;0;3.54
0;300000;6;0;50;0;3.68
0;300000;6;0;250;0;3.83
0;300000;6;0;750;0;3.75
0;300000;6;0;1500;0;3.89
0;300000;6;0;2500;0;3.66
0;300000;6;0;3500;0;3.62
0;300000;6;1;50;0;3.9
0;300000;6;1;250;0;3.99
0;300000;6;1;750;0;3.74
0;300000;6;1;1500;0;3.6
0;300000;6;1;2500;0;3.63
0;300000;6;1;3500;0;3.59
0;300000;10;0;50;0;3.81
0;300000;10;0;250;0;3.92
0;300000;10;0;750;0;3.45
0;300000;10;0;1500;0;4.05
0;300000;10;0;2500;0;3.37
0;300000;10;0;3500;0;3.72
0;300000;10;1;50;0;3.97
0;300000;10;1;250;0;3.68
0;300000;10;1;750;0;3.77
0;300000;10;1;1500;0;3.65
0;300000;10;1;2500;0;3.44
0;300000;10;1;3500;0;3.44
0;300000;14;0;50;0;3.4
0;300000;14;0;250;0;3.94
0;300000;14;0;750;0;3.99
0;300000;14;0;1500;0;3.7
0;300000;14;0;2500;0;3.9
0;300000;14;0;3500;0;3.49
0;300000;14;1;50;0;4.02
0;300000;14;1;250;0;3.73
0;300000;14;1;750;0;3.79
0;300000;14;1;1500;0;3.7
0;300000;14;1;2500;0;3.74
0;300000;14;1;3500;0;3.19
0;300000;20;0;50;0;3.6
0;300000;20;0;250;0;3.74
0;300000;20;0;750;0;3.71
0;300000;20;0;1500;0;3.73
0;300000;20;0;2500;0;3.7
0;300000;20;0;3500;0;3.68
0;300000;20;1;50;0;3.99
0;300000;20;1;250;0;3.71
0;300000;20;1;750;0;3.91
0;300000;20;1;1500;0;3.69
0;300000;20;1;2500;0;3.46
0;300000;20;1;3500;0;3.56
0;50;3;0;50;1;0.77
0;50;3;0;250;1;131.82
0;50;3;0;750;1;84.05
0;50;3;0;1500;1;58.4
0;50;3;0;2500;1;45.38
0;50;3;0;3500;1;41.67
0;50;3;1;50;1;135.46
0;50;3;1;250;1;123.66
0;50;3;1;750;1;86.6
0;50;3;1;1500;1;62.59
0;50;3;1;2500;1;44.55
0;50;3;1;3500;1;38.15
0;50;6;0;50;1;130.57
0;50;6;0;250;1;122.86
0;50;6;0;750;1;88.6
0;50;6;0;1500;1;62.75
0;50;6;0;2500;1;43.46
0;50;6;0;3500;1;35.38
0;50;6;1;50;1;116.97
0;50;6;1;250;1;118.86
0;50;6;1;750;1;90.94
0;50;6;1;1500;1;62.83
0;50;6;1;2500;1;44.42
0;50;6;1;3500;1;38.54
0;50;10;0;50;1;130.1
0;50;10;0;250;1;123.63
0;50;10;0;750;1;90.79
0;50;10;0;1500;1;62.15
0;50;10;0;2500;1;44.31
0;50;10;0;3500;1;39.04
0;50;10;1;50;1;123.06
0;50;10;1;250;1;115.66
0;50;10;1;750;1;88.76
0;50;10;1;1500;1;62.66
0;50;10;1;2500;1;43.93
0;50;10;1;3500;1;38.46
0;50;14;0;50;1;130.51
0;50;14;0;250;1;125.24
0;50;14;0;750;1;89.88
0;50;14;0;1500;1;62.67
0;50;14;0;2500;1;44.31
0;50;14;0;3500;1;38.45
0;50;14;1;50;1;124.47
0;50;14;1;250;1;116.96
0;50;14;1;750;1;85.07
0;50;14;1;1500;1;61.89
0;50;14;1;2500;1;43.54
0;50;14;1;3500;1;38.25
0;50;20;0;50;1;130.52
0;50;20;0;250;1;122.44
0;50;20;0;750;1;90.82
0;50;20;0;1500;1;62.8
0;50;20;0;2500;1;44.18
0;50;20;0;3500;1;38.51
0;50;20;1;50;1;122.52
0;50;20;1;250;1;118.72
0;50;20;1;750;1;88.43
0;50;20;1;1500;1;59.25
0;50;20;1;2500;1;43.23
0;50;20;1;3500;1;38.03
0;300;3;0;50;1;84.89
0;300;3;0;250;1;113.1
0;300;3;0;750;1;86.48
0;300;3;0;1500;1;61.65
0;300;3;0;2500;1;43.62
0;300;3;0;3500;1;37.74
0;300;3;1;50;1;113.23
0;300;3;1;250;1;109.05
0;300;3;1;750;1;85.25
0;300;3;1;1500;1;61.61
0;300;3;1;2500;1;43.77
0;300;3;1;3500;1;37.84
0;300;6;0;50;1;123.45
0;300;6;0;250;1;115.82
0;300;6;0;750;1;86.31
0;300;6;0;1500;1;61.55
0;300;6;0;2500;1;44.0
0;300;6;0;3500;1;37.82
0;300;6;1;50;1;112.8
0;300;6;1;250;1;109.61
0;300;6;1;750;1;84.12
0;300;6;1;1500;1;58.42
0;300;6;1;2500;1;43.13
0;300;6;1;3500;1;37.65
0;300;10;0;50;1;122.58
0;300;10;0;250;1;116.32
0;300;10;0;750;1;86.49
0;300;10;0;1500;1;62.34
0;300;10;0;2500;1;43.86
0;300;10;0;3500;1;37.33
0;300;10;1;50;1;116.19
0;300;10;1;250;1;111.64
0;300;10;1;750;1;84.11
0;300;10;1;1500;1;51.06
0;300;10;1;2500;1;38.47
0;300;10;1;3500;1;36.59
0;300;14;0;50;1;123.05
0;300;14;0;250;1;124.32
0;300;14;0;750;1;90.76
0;300;14;0;1500;1;62.97
0;300;14;0;2500;1;44.35
0;300;14;0;3500;1;38.18
0;300;14;1;50;1;91.9
0;300;14;1;250;1;69.12
0;300;14;1;750;1;52.07
0;300;14;1;1500;1;63.35
0;300;14;1;2500;1;43.98
0;300;14;1;3500;1;38.08
0;300;20;0;50;1;123.51
0;300;20;0;250;1;119.98
0;300;20;0;750;1;78.22
0;300;20;0;1500;1;59.65
0;300;20;0;2500;1;43.05
0;300;20;0;3500;1;37.6
0;300;20;1;50;1;117.04
0;300;20;1;250;1;111.73
0;300;20;1;750;1;84.18
0;300;20;1;1500;1;59.52
0;300;20;1;2500;1;43.54
0;300;20;1;3500;1;37.95
0;750;3;0;50;1;79.33
0;750;3;0;250;1;110.86
0;750;3;0;750;1;82.39
0;750;3;0;1500;1;58.25
0;750;3;0;2500;1;42.31
0;750;3;0;3500;1;37.71
0;750;3;1;50;1;103.31
0;750;3;1;250;1;104.68
0;750;3;1;750;1;78.68
0;750;3;1;1500;1;57.05
0;750;3;1;2500;1;42.23
0;750;3;1;3500;1;36.78
0;750;6;0;50;1;108.75
0;750;6;0;250;1;109.53
0;750;6;0;750;1;82.04
0;750;6;0;1500;1;57.92
0;750;6;0;2500;1;42.78
0;750;6;0;3500;1;37.29
0;750;6;1;50;1;105.56
0;750;6;1;250;1;96.9
0;750;6;1;750;1;73.27
0;750;6;1;1500;1;56.63
0;750;6;1;2500;1;41.71
0;750;6;1;3500;1;36.59
0;750;10;0;50;1;110.61
0;750;10;0;250;1;110.18
0;750;10;0;750;1;82.97
0;750;10;0;1500;1;59.07
0;750;10;0;2500;1;42.63
0;750;10;0;3500;1;37.28
0;750;10;1;50;1;103.63
0;750;10;1;250;1;102.41
0;750;10;1;750;1;81.66
0;750;10;1;1500;1;57.66
0;750;10;1;2500;1;39.89
0;750;10;1;3500;1;37.01
0;750;14;0;50;1;110.47
0;750;14;0;250;1;110.48
0;750;14;0;750;1;83.05
0;750;14;0;1500;1;58.43
0;750;14;0;2500;1;37.64
0;750;14;0;3500;1;32.56
0;750;14;1;50;1;97.88
0;750;14;1;250;1;109.39
0;750;14;1;750;1;85.28
0;750;14;1;1500;1;62.72
0;750;14;1;2500;1;38.38
0;750;14;1;3500;1;36.18
0;750;20;0;50;1;115.96
0;750;20;0;250;1;115.71
0;750;20;0;750;1;86.06
0;750;20;0;1500;1;62.06
0;750;20;0;2500;1;43.52
0;750;20;0;3500;1;35.33
0;750;20;1;50;1;93.32
0;750;20;1;250;1;104.6
0;750;20;1;750;1;84.11
0;750;20;1;1500;1;59.9
0;750;20;1;2500;1;43.63
0;750;20;1;3500;1;37.72
0;3000;3;0;50;1;50.61
0;3000;3;0;250;1;78.26
0;3000;3;0;750;1;66.37
0;3000;3;0;1500;1;51.13
0;3000;3;0;2500;1;37.55
0;3000;3;0;3500;1;32.73
0;3000;3;1;50;1;71.07
0;3000;3;1;250;1;71.3
0;3000;3;1;750;1;64.03
0;3000;3;1;1500;1;49.17
0;3000;3;1;2500;1;36.92
0;3000;3;1;3500;1;32.96
0;3000;6;0;50;1;71.22
0;3000;6;0;250;1;75.97
0;3000;6;0;750;1;66.59
0;3000;6;0;1500;1;49.57
0;3000;6;0;2500;1;36.94
0;3000;6;0;3500;1;32.46
0;3000;6;1;50;1;69.54
0;3000;6;1;250;1;72.37
0;3000;6;1;750;1;60.82
0;3000;6;1;1500;1;49.35
0;3000;6;1;2500;1;36.17
0;3000;6;1;3500;1;32.4
0;3000;10;0;50;1;72.97
0;3000;10;0;250;1;75.0
0;3000;10;0;750;1;63.66
0;3000;10;0;1500;1;49.34
0;3000;10;0;2500;1;34.11
0;3000;10;0;3500;1;30.09
0;3000;10;1;50;1;65.46
0;3000;10;1;250;1;73.05
0;3000;10;1;750;1;68.91
0;3000;10;1;1500;1;52.23
0;3000;10;1;2500;1;38.79
0;3000;10;1;3500;1;34.58
0;3000;14;0;50;1;76.91
0;3000;14;0;250;1;74.92
0;3000;14;0;750;1;64.45
0;3000;14;0;1500;1;49.84
0;3000;14;0;2500;1;37.55
0;3000;14;0;3500;1;33.27
0;3000;14;1;50;1;70.67
0;3000;14;1;250;1;75.16
0;3000;14;1;750;1;63.99
0;3000;14;1;1500;1;49.27
0;3000;14;1;2500;1;36.54
0;3000;14;1;3500;1;32.85
0;3000;20;0;50;1;70.0
0;3000;20;0;250;1;72.77
0;3000;20;0;750;1;64.47
0;3000;20;0;1500;1;49.53
0;3000;20;0;2500;1;36.8
0;3000;20;0;3500;1;33.15
0;3000;20;1;50;1;71.09
0;3000;20;1;250;1;74.18
0;3000;20;1;750;1;64.25
0;3000;20;1;1500;1;48.89
0;3000;20;1;2500;1;36.62
0;3000;20;1;3500;1;32.24
0;7500;3;0;50;1;25.3
0;7500;3;0;250;1;42.77
0;7500;3;0;750;1;42.71
0;7500;3;0;1500;1;39.0
0;7500;3;0;2500;1;34.2
0;7500;3;0;3500;1;29.51
0;7500;3;1;50;1;44.86
0;7500;3;1;250;1;44.02
0;7500;3;1;750;1;35.46
0;7500;3;1;1500;1;36.35
0;7500;3;1;2500;1;29.41
0;7500;3;1;3500;1;24.66
0;7500;6;0;50;1;43.53
0;7500;6;0;250;1;48.59
0;7500;6;0;750;1;45.16
0;7500;6;0;1500;1;39.25
0;7500;6;0;2500;1;31.67
0;7500;6;0;3500;1;30.05
0;7500;6;1;50;1;44.79
0;7500;6;1;250;1;44.53
0;7500;6;1;750;1;39.83
0;7500;6;1;1500;1;36.66
0;7500;6;1;2500;1;30.83
0;7500;6;1;3500;1;28.56
0;7500;10;0;50;1;46.1
0;7500;10;0;250;1;45.73
0;7500;10;0;750;1;41.98
0;7500;10;0;1500;1;37.55
0;7500;10;0;2500;1;31.44
0;7500;10;0;3500;1;28.16
0;7500;10;1;50;1;44.63
0;7500;10;1;250;1;44.76
0;7500;10;1;750;1;42.49
0;7500;10;1;1500;1;36.41
0;7500;10;1;2500;1;29.84
0;7500;10;1;3500;1;28.73
0;7500;14;0;50;1;43.95
0;7500;14;0;250;1;46.02
0;7500;14;0;750;1;43.02
0;7500;14;0;1500;1;36.83
0;7500;14;0;2500;1;29.45
0;7500;14;0;3500;1;26.62
0;7500;14;1;50;1;44.17
0;7500;14;1;250;1;44.93
0;7500;14;1;750;1;42.66
0;7500;14;1;1500;1;36.63
0;7500;14;1;2500;1;30.08
0;7500;14;1;3500;1;28.36
0;7500;20;0;50;1;45.36
0;7500;20;0;250;1;45.01
0;7500;20;0;750;1;41.2
0;7500;20;0;1500;1;37.79
0;7500;20;0;2500;1;30.31
0;7500;20;0;3500;1;29.18
0;7500;20;1;50;1;43.21
0;7500;20;1;250;1;44.73
0;7500;20;1;750;1;42.31
0;7500;20;1;1500;1;37.02
0;7500;20;1;2500;1;30.61
0;7500;20;1;3500;1;28.44
0;17500;3;0;50;1;10.52
0;17500;3;0;250;1;25.6
0;17500;3;0;750;1;24.47
0;17500;3;0;1500;1;22.97
0;17500;3;0;2500;1;21.04
0;17500;3;0;3500;1;18.96
0;17500;3;1;50;1;24.74
0;17500;3;1;250;1;23.95
0;17500;3;1;750;1;22.37
0;17500;3;1;1500;1;21.15
0;17500;3;1;2500;1;19.03
0;17500;3;1;3500;1;18.24
0;17500;6;0;50;1;24.43
0;17500;6;0;250;1;23.94
0;17500;6;0;750;1;23.05
0;17500;6;0;1500;1;22.14
0;17500;6;0;2500;1;18.68
0;17500;6;0;3500;1;18.45
0;17500;6;1;50;1;24.38
0;17500;6;1;250;1;23.86
0;17500;6;1;750;1;23.24
0;17500;6;1;1500;1;22.13
0;17500;6;1;2500;1;18.98
0;17500;6;1;3500;1;18.45
0;17500;10;0;50;1;24.66
0;17500;10;0;250;1;24.28
0;17500;10;0;750;1;24.26
0;17500;10;0;1500;1;22.67
0;17500;10;0;2500;1;19.46
0;17500;10;0;3500;1;18.62
0;17500;10;1;50;1;24.43
0;17500;10;1;250;1;24.28
0;17500;10;1;750;1;23.1
0;17500;10;1;1500;1;21.09
0;17500;10;1;2500;1;19.38
0;17500;10;1;3500;1;18.93
0;17500;14;0;50;1;24.29
0;17500;14;0;250;1;24.89
0;17500;14;0;750;1;24.31
0;17500;14;0;1500;1;22.39
0;17500;14;0;2500;1;18.95
0;17500;14;0;3500;1;19.37
0;17500;14;1;50;1;24.6
0;17500;14;1;250;1;24.38
0;17500;14;1;750;1;23.22
0;17500;14;1;1500;1;21.97
0;17500;14;1;2500;1;18.47
0;17500;14;1;3500;1;17.93
0;17500;20;0;50;1;23.77
0;17500;20;0;250;1;23.97
0;17500;20;0;750;1;23.28
0;17500;20;0;1500;1;22.37
0;17500;20;0;2500;1;18.99
0;17500;20;0;3500;1;19.05
0;17500;20;1;50;1;24.6
0;17500;20;1;250;1;24.09
0;17500;20;1;750;1;22.74
0;17500;20;1;1500;1;21.64
0;17500;20;1;2500;1;19.34
0;17500;20;1;3500;1;18.54
0;37500;3;0;50;1;4.41
0;37500;3;0;250;1;15.34
0;37500;3;0;750;1;12.87
0;37500;3;0;1500;1;12.23
0;37500;3;0;2500;1;11.4
0;37500;3;0;3500;1;10.93
0;37500;3;1;50;1;12.88
0;37500;3;1;250;1;12.67
0;37500;3;1;750;1;12.08
0;37500;3;1;1500;1;11.21
0;37500;3;1;2500;1;11.47
0;37500;3;1;3500;1;11.13
0;37500;6;0;50;1;11.99
0;37500;6;0;250;1;12.04
0;37500;6;0;750;1;12.38
0;37500;6;0;1500;1;12.03
0;37500;6;0;2500;1;11.05
0;37500;6;0;3500;1;11.28
0;37500;6;1;50;1;12.59
0;37500;6;1;250;1;12.16
0;37500;6;1;750;1;12.47
0;37500;6;1;1500;1;11.2
0;37500;6;1;2500;1;10.56
0;37500;6;1;3500;1;11.23
0;37500;10;0;50;1;12.52
0;37500;10;0;250;1;12.12
0;37500;10;0;750;1;12.6
0;37500;10;0;1500;1;12.0
0;37500;10;0;2500;1;11.41
0;37500;10;0;3500;1;11.3
0;37500;10;1;50;1;12.13
0;37500;10;1;250;1;13.12
0;37500;10;1;750;1;12.29
0;37500;10;1;1500;1;11.99
0;37500;10;1;2500;1;11.36
0;37500;10;1;3500;1;11.11
0;37500;14;0;50;1;11.9
0;37500;14;0;250;1;12.85
0;37500;14;0;750;1;12.25
0;37500;14;0;1500;1;11.75
0;37500;14;0;2500;1;11.3
0;37500;14;0;3500;1;10.99
0;37500;14;1;50;1;12.91
0;37500;14;1;250;1;12.86
0;37500;14;1;750;1;12.29
0;37500;14;1;1500;1;11.75
0;37500;14;1;2500;1;11.36
0;37500;14;1;3500;1;10.53
0;37500;20;0;50;1;12.25
0;37500;20;0;250;1;12.52
0;37500;20;0;750;1;12.31
0;37500;20;0;1500;1;11.19
0;37500;20;0;2500;1;11.38
0;37500;20;0;3500;1;10.97
0;37500;20;1;50;1;11.86
0;37500;20;1;250;1;12.44
0;37500;20;1;750;1;12.18
0;37500;20;1;1500;1;11.92
0;37500;20;1;2500;1;11.27
0;37500;20;1;3500;1;11.22
0;62500;3;0;50;1;3.07
0;62500;3;0;250;1;8.49
0;62500;3;0;750;1;8.62
0;62500;3;0;1500;1;7.63
0;62500;3;0;2500;1;7.88
0;62500;3;0;3500;1;7.82
0;62500;3;1;50;1;8.65
0;62500;3;1;250;1;8.31
0;62500;3;1;750;1;8.12
0;62500;3;1;1500;1;6.42
0;62500;3;1;2500;1;6.58
0;62500;3;1;3500;1;6.56
0;62500;6;0;50;1;8.71
0;62500;6;0;250;1;9.14
0;62500;6;0;750;1;8.52
0;62500;6;0;1500;1;7.72
0;62500;6;0;2500;1;6.24
0;62500;6;0;3500;1;7.64
0;62500;6;1;50;1;8.15
0;62500;6;1;250;1;7.94
0;62500;6;1;750;1;8.4
0;62500;6;1;1500;1;6.64
0;62500;6;1;2500;1;7.25
0;62500;6;1;3500;1;6.38
0;62500;10;0;50;1;6.22
0;62500;10;0;250;1;9.07
0;62500;10;0;750;1;7.92
0;62500;10;0;1500;1;7.93
0;62500;10;0;2500;1;7.74
0;62500;10;0;3500;1;7.71
0;62500;10;1;50;1;6.42
0;62500;10;1;250;1;8.17
0;62500;10;1;750;1;7.64
0;62500;10;1;1500;1;6.49
0;62500;10;1;2500;1;6.64
0;62500;10;1;3500;1;6.63
0;62500;14;0;50;1;8.42
0;62500;14;0;250;1;4.18
0;62500;14;0;750;1;2.47
0;62500;14;0;1500;1;7.83
0;62500;14;0;2500;1;6.51
0;62500;14;0;3500;1;8.14
0;62500;14;1;50;1;8.55
0;62500;14;1;250;1;8.99
0;62500;14;1;750;1;8.15
0;62500;14;1;1500;1;6.62
0;62500;14;1;2500;1;7.49
0;62500;14;1;3500;1;8.18
0;62500;20;0;50;1;8.55
0;62500;20;0;250;1;8.33
0;62500;20;0;750;1;8.42
0;62500;20;0;1500;1;7.81
0;62500;20;0;2500;1;6.59
0;62500;20;0;3500;1;7.7
0;62500;20;1;50;1;8.38
0;62500;20;1;250;1;7.52
0;62500;20;1;750;1;7.92
0;62500;20;1;1500;1;7.79
0;62500;20;1;2500;1;7.61
0;62500;20;1;3500;1;6.59
0;87500;3;0;50;1;2.66
0;87500;3;0;250;1;6.99
0;87500;3;0;750;1;5.94
0;87500;3;0;1500;1;5.38
0;87500;3;0;2500;1;5.47
0;87500;3;0;3500;1;5.6
0;87500;3;1;50;1;5.93
0;87500;3;1;250;1;5.82
0;87500;3;1;750;1;5.41
0;87500;3;1;1500;1;5.35
0;87500;3;1;2500;1;5.21
0;87500;3;1;3500;1;5.2
0;87500;6;0;50;1;5.61
0;87500;6;0;250;1;5.96
0;87500;6;0;750;1;5.71
0;87500;6;0;1500;1;5.69
0;87500;6;0;2500;1;5.03
0;87500;6;0;3500;1;5.51
0;87500;6;1;50;1;5.9
0;87500;6;1;250;1;5.31
0;87500;6;1;750;1;5.56
0;87500;6;1;1500;1;5.12
0;87500;6;1;2500;1;5.55
0;87500;6;1;3500;1;5.58
0;87500;10;0;50;1;5.53
0;87500;10;0;250;1;6.01
0;87500;10;0;750;1;5.31
0;87500;10;0;1500;1;5.89
0;87500;10;0;2500;1;5.38
0;87500;10;0;3500;1;4.94
0;87500;10;1;50;1;5.72
0;87500;10;1;250;1;5.69
0;87500;10;1;750;1;5.47
0;87500;10;1;1500;1;5.7
0;87500;10;1;2500;1;5.28
0;87500;10;1;3500;1;5.25
0;87500;14;0;50;1;5.46
0;87500;14;0;250;1;5.9
0;87500;14;0;750;1;5.79
0;87500;14;0;1500;1;5.69
0;87500;14;0;2500;1;5.45
0;87500;14;0;3500;1;5.44
0;87500;14;1;50;1;5.34
0;87500;14;1;250;1;5.86
0;87500;14;1;750;1;5.58
0;87500;14;1;1500;1;5.54
0;87500;14;1;2500;1;5.46
0;87500;14;1;3500;1;4.75
0;87500;20;0;50;1;5.78
0;87500;20;0;250;1;5.96
0;87500;20;0;750;1;5.9
0;87500;20;0;1500;1;5.65
0;87500;20;0;2500;1;5.32
0;87500;20;0;3500;1;5.14
0;87500;20;1;50;1;5.75
0;87500;20;1;250;1;5.98
0;87500;20;1;750;1;5.54
0;87500;20;1;1500;1;5.34
0;87500;20;1;2500;1;4.83
0;87500;20;1;3500;1;5.3
0;137500;3;0;50;1;3.55
0;137500;3;0;250;1;5.54
0;137500;3;0;750;1;4.93
0;137500;3;0;1500;1;4.26
0;137500;3;0;2500;1;4.74
0;137500;3;0;3500;1;4.81
0;137500;3;1;50;1;5.31
0;137500;3;1;250;1;5.51
0;137500;3;1;750;1;4.65
0;137500;3;1;1500;1;4.54
0;137500;3;1;2500;1;4.85
0;137500;3;1;3500;1;4.94
0;137500;6;0;50;1;5.22
0;137500;6;0;250;1;5.39
0;137500;6;0;750;1;5.08
0;137500;6;0;1500;1;5.2
0;137500;6;0;2500;1;4.68
0;137500;6;0;3500;1;4.74
0;137500;6;1;50;1;5.0
0;137500;6;1;250;1;4.9
0;137500;6;1;750;1;4.99
0;137500;6;1;1500;1;5.26
0;137500;6;1;2500;1;4.82
0;137500;6;1;3500;1;4.52
0;137500;10;0;50;1;5.03
0;137500;10;0;250;1;5.42
0;137500;10;0;750;1;5.26
0;137500;10;0;1500;1;4.66
0;137500;10;0;2500;1;5.02
0;137500;10;0;3500;1;4.87
0;137500;10;1;50;1;4.1
0;137500;10;1;250;1;4.49
0;137500;10;1;750;1;4.53
0;137500;10;1;1500;1;4.67
0;137500;10;1;2500;1;4.63
0;137500;10;1;3500;1;3.66
0;137500;14;0;50;1;3.64
0;137500;14;0;250;1;4.35
0;137500;14;0;750;1;4.86
0;137500;14;0;1500;1;5.05
0;137500;14;0;2500;1;4.86
0;137500;14;0;3500;1;5.03
0;137500;14;1;50;1;4.75
0;137500;14;1;250;1;4.8
0;137500;14;1;750;1;5.04
0;137500;14;1;1500;1;4.91
0;137500;14;1;2500;1;4.91
0;137500;14;1;3500;1;4.79
0;137500;20;0;50;1;5.23
0;137500;20;0;250;1;5.35
0;137500;20;0;750;1;5.14
0;137500;20;0;1500;1;5.06
0;137500;20;0;2500;1;4.77
0;137500;20;0;3500;1;4.94
0;137500;20;1;50;1;5.32
0;137500;20;1;250;1;4.98
0;137500;20;1;750;1;4.37
0;137500;20;1;1500;1;5.17
0;137500;20;1;2500;1;4.85
0;137500;20;1;3500;1;4.26
0;212500;3;0;50;1;3.87
0;212500;3;0;250;1;4.6
0;212500;3;0;750;1;4.68
0;212500;3;0;1500;1;5.18
0;212500;3;0;2500;1;4.33
0;212500;3;0;3500;1;4.72
0;212500;3;1;50;1;5.04
0;212500;3;1;250;1;5.44
0;212500;3;1;750;1;5.18
0;212500;3;1;1500;1;5.13
0;212500;3;1;2500;1;4.6
0;212500;3;1;3500;1;4.97
0;212500;6;0;50;1;5.18
0;212500;6;0;250;1;5.31
0;212500;6;0;750;1;5.33
0;212500;6;0;1500;1;4.53
0;212500;6;0;2500;1;5.1
0;212500;6;0;3500;1;4.53
0;212500;6;1;50;1;5.41
0;212500;6;1;250;1;5.25
0;212500;6;1;750;1;4.62
0;212500;6;1;1500;1;4.93
0;212500;6;1;2500;1;4.74
0;212500;6;1;3500;1;4.9
0;212500;10;0;50;1;5.15
0;212500;10;0;250;1;4.47
0;212500;10;0;750;1;4.8
0;212500;10;0;1500;1;5.11
0;212500;10;0;2500;1;4.74
0;212500;10;0;3500;1;4.91
0;212500;10;1;50;1;4.85
0;212500;10;1;250;1;4.66
0;212500;10;1;750;1;4.5
0;212500;10;1;1500;1;5.34
0;212500;10;1;2500;1;4.92
0;212500;10;1;3500;1;4.99
0;212500;14;0;50;1;5.25
0;212500;14;0;250;1;5.4
0;212500;14;0;750;1;5.19
0;212500;14;0;1500;1;5.02
0;212500;14;0;2500;1;4.76
0;212500;14;0;3500;1;4.78
0;212500;14;1;50;1;5.32
0;212500;14;1;250;1;5.22
0;212500;14;1;750;1;4.91
0;212500;14;1;1500;1;4.8
0;212500;14;1;2500;1;4.67
0;212500;14;1;3500;1;4.64
0;212500;20;0;50;1;5.08
0;212500;20;0;250;1;5.08
0;212500;20;0;750;1;4.86
0;212500;20;0;1500;1;4.54
0;212500;20;0;2500;1;5.2
0;212500;20;0;3500;1;4.81
0;212500;20;1;50;1;4.83
0;212500;20;1;250;1;4.62
0;212500;20;1;750;1;4.68
0;212500;20;1;1500;1;4.68
0;212500;20;1;2500;1;4.42
0;212500;20;1;3500;1;4.41
0;300000;3;0;50;1;4.52
0;300000;3;0;250;1;4.74
0;300000;3;0;750;1;4.82
0;300000;3;0;1500;1;4.79
0;300000;3;0;2500;1;4.21
0;300000;3;0;3500;1;4.54
0;300000;3;1;50;1;4.47
0;300000;3;1;250;1;4.76
0;300000;3;1;750;1;4.49
0;300000;3;1;1500;1;4.34
0;300000;3;1;2500;1;4.52
0;300000;3;1;3500;1;4.27
0;300000;6;0;50;1;4.45
0;300000;6;0;250;1;4.71
0;300000;6;0;750;1;4.67
0;300000;6;0;1500;1;4.62
0;300000;6;0;2500;1;4.53
0;300000;6;0;3500;1;4.25
0;300000;6;1;50;1;4.64
0;300000;6;1;250;1;4.66
0;300000;6;1;750;1;3.99
0;300000;6;1;1500;1;4.01
0;300000;6;1;2500;1;4.78
0;300000;6;1;3500;1;4.11
0;300000;10;0;50;1;4.95
0;300000;10;0;250;1;4.7
0;300000;10;0;750;1;4.39
0;300000;10;0;1500;1;4.53
0;300000;10;0;2500;1;4.44
0;300000;10;0;3500;1;4.43
0;300000;10;1;50;1;4.63
0;300000;10;1;250;1;4.34
0;300000;10;1;750;1;4.58
0;300000;10;1;1500;1;4.18
0;300000;10;1;2500;1;4.76
0;300000;10;1;3500;1;3.73
0;300000;14;0;50;1;4.32
0;300000;14;0;250;1;4.25
0;300000;14;0;750;1;4.85
0;300000;14;0;1500;1;4.49
0;300000;14;0;2500;1;4.32
0;300000;14;0;3500;1;4.73
0;300000;14;1;50;1;5.02
0;300000;14;1;250;1;5.28
0;300000;14;1;750;1;4.62
0;300000;14;1;1500;1;4.86
0;300000;14;1;2500;1;4.94
0;300000;14;1;3500;1;4.86
0;300000;20;0;50;1;5.27
0;300000;20;0;250;1;4.87
0;300000;20;0;750;1;5.18
0;300000;20;0;1500;1;4.99
0;300000;20;0;2500;1;4.97
0;300000;20;0;3500;1;4.96
0;300000;20;1;50;1;5.04
0;300000;20;1;250;1;5.26
0;300000;20;1;750;1;5.15
0;300000;20;1;1500;1;4.79
0;300000;20;1;2500;1;4.79
0;300000;20;1;3500;1;4.26
1;50;3;0;50;0;0.8
1;50;3;0;250;0;111.42
1;50;3;0;750;0;88.71
1;50;3;0;1500;0;64.16
1;50;3;0;2500;0;48.21
1;50;3;0;3500;0;41.6
1;50;3;1;50;0;111.02
1;50;3;1;250;0;111.93
1;50;3;1;750;0;89.16
1;50;3;1;1500;0;63.06
1;50;3;1;2500;0;44.22
1;50;3;1;3500;0;38.64
1;50;6;0;50;0;130.79
1;50;6;0;250;0;119.0
1;50;6;0;750;0;88.5
1;50;6;0;1500;0;61.84
1;50;6;0;2500;0;44.13
1;50;6;0;3500;0;38.37
1;50;6;1;50;0;123.09
1;50;6;1;250;0;116.68
1;50;6;1;750;0;83.63
1;50;6;1;1500;0;59.09
1;50;6;1;2500;0;43.07
1;50;6;1;3500;0;37.51
1;50;10;0;50;0;131.07
1;50;10;0;250;0;122.09
1;50;10;0;750;0;89.18
1;50;10;0;1500;0;59.89
1;50;10;0;2500;0;43.57
1;50;10;0;3500;0;37.32
1;50;10;1;50;0;123.17
1;50;10;1;250;0;117.96
1;50;10;1;750;0;85.31
1;50;10;1;1500;0;59.94
1;50;10;1;2500;0;44.08
1;50;10;1;3500;0;37.58
1;50;14;0;50;0;129.88
1;50;14;0;250;0;121.99
1;50;14;0;750;0;86.52
1;50;14;0;1500;0;61.85
1;50;14;0;2500;0;43.57
1;50;14;0;3500;0;38.21
1;50;14;1;50;0;124.59
1;50;14;1;250;0;115.32
1;50;14;1;750;0;84.21
1;50;14;1;1500;0;59.79
1;50;14;1;2500;0;43.32
1;50;14;1;3500;0;37.69
1;50;20;0;50;0;106.31
1;50;20;0;250;0;120.8
1;50;20;0;750;0;88.63
1;50;20;0;1500;0;61.25
1;50;20;0;2500;0;43.61
1;50;20;0;3500;0;37.37
1;50;20;1;50;0;116.11
1;50;20;1;250;0;118.51
1;50;20;1;750;0;85.6
1;50;20;1;1500;0;60.97
1;50;20;1;2500;0;43.82
1;50;20;1;3500;0;38.54
1;300;3;0;50;0;79.91
1;300;3;0;250;0;117.92
1;300;3;0;750;0;89.13
1;300;3;0;1500;0;59.96
1;300;3;0;2500;0;43.34
1;300;3;0;3500;0;37.56
1;300;3;1;50;0;112.26
1;300;3;1;250;0;108.89
1;300;3;1;750;0;81.67
1;300;3;1;1500;0;59.14
1;300;3;1;2500;0;42.57
1;300;3;1;3500;0;37.23
1;300;6;0;50;0;118.96
1;300;6;0;250;0;115.36
1;300;6;0;750;0;85.81
1;300;6;0;1500;0;59.77
1;300;6;0;2500;0;42.97
1;300;6;0;3500;0;37.42
1;300;6;1;50;0;112.31
1;300;6;1;250;0;111.34
1;300;6;1;750;0;82.79
1;300;6;1;1500;0;58.77
1;300;6;1;2500;0;43.71
1;300;6;1;3500;0;37.11
1;300;10;0;50;0;113.29
1;300;10;0;250;0;112.75
1;300;10;0;750;0;84.43
1;300;10;0;1500;0;61.78
1;300;10;0;2500;0;43.61
1;300;10;0;3500;0;37.39
1;300;10;1;50;0;111.68
1;300;10;1;250;0;106.42
1;300;10;1;750;0;82.08
1;300;10;1;1500;0;58.52
1;300;10;1;2500;0;43.04
1;300;10;1;3500;0;37.41
1;300;14;0;50;0;116.72
1;300;14;0;250;0;112.8
1;300;14;0;750;0;84.17
1;300;14;0;1500;0;58.8
1;300;14;0;2500;0;43.02
1;300;14;0;3500;0;37.35
1;300;14;1;50;0;112.26
1;300;14;1;250;0;108.81
1;300;14;1;750;0;81.83
1;300;14;1;1500;0;58.22
1;300;14;1;2500;0;42.2
1;300;14;1;3500;0;37.04
1;300;20;0;50;0;117.7
1;300;20;0;250;0;110.49
1;300;20;0;750;0;83.85
1;300;20;0;1500;0;58.71
1;300;20;0;2500;0;43.1
1;300;20;0;3500;0;37.85
1;300;20;1;50;0;111.93
1;300;20;1;250;0;108.98
1;300;20;1;750;0;81.72
1;300;20;1;1500;0;56.41
1;300;20;1;2500;0;42.51
1;300;20;1;3500;0;36.54
1;750;3;0;50;0;72.22
1;750;3;0;250;0;102.95
1;750;3;0;750;0;78.28
1;750;3;0;1500;0;57.38
1;750;3;0;2500;0;42.57
1;750;3;0;3500;0;36.57
1;750;3;1;50;0;96.07
1;750;3;1;250;0;97.14
1;750;3;1;750;0;76.36
1;750;3;1;1500;0;55.37
1;750;3;1;2500;0;39.41
1;750;3;1;3500;0;35.76
1;750;6;0;50;0;103.28
1;750;6;0;250;0;102.51
1;750;6;0;750;0;77.86
1;750;6;0;1500;0;56.96
1;750;6;0;2500;0;39.77
1;750;6;0;3500;0;36.0
1;750;6;1;50;0;96.31
1;750;6;1;250;0;95.58
1;750;6;1;750;0;76.32
1;750;6;1;1500;0;56.3
1;750;6;1;2500;0;39.33
1;750;6;1;3500;0;35.96
1;750;10;0;50;0;102.58
1;750;10;0;250;0;103.85
1;750;10;0;750;0;77.88
1;750;10;0;1500;0;56.59
1;750;10;0;2500;0;39.38
1;750;10;0;3500;0;36.35
1;750;10;1;50;0;96.14
1;750;10;1;250;0;92.59
1;750;10;1;750;0;72.9
1;750;10;1;1500;0;55.09
1;750;10;1;2500;0;39.08
1;750;10;1;3500;0;35.83
1;750;14;0;50;0;102.2
1;750;14;0;250;0;102.43
1;750;14;0;750;0;77.51
1;750;14;0;1500;0;56.1
1;750;14;0;2500;0;39.87
1;750;14;0;3500;0;36.4
1;750;14;1;50;0;92.47
1;750;14;1;250;0;97.99
1;750;14;1;750;0;76.58
1;750;14;1;1500;0;55.17
1;750;14;1;2500;0;39.18
1;750;14;1;3500;0;35.64
1;750;20;0;50;0;99.78
1;750;20;0;250;0;104.19
1;750;20;0;750;0;77.59
1;750;20;0;1500;0;56.07
1;750;20;0;2500;0;35.47
1;750;20;0;3500;0;31.11
1;750;20;1;50;0;86.23
1;750;20;1;250;0;98.09
1;750;20;1;750;0;79.98
1;750;20;1;1500;0;58.63
1;750;20;1;2500;0;42.42
1;750;20;1;3500;0;36.54
1;3000;3;0;50;0;43.89
1;3000;3;0;250;0;64.83
1;3000;3;0;750;0;57.89
1;3000;3;0;1500;0;45.93
1;3000;3;0;2500;0;35.84
1;3000;3;0;3500;0;30.98
1;3000;3;1;50;0;59.56
1;3000;3;1;250;0;61.44
1;3000;3;1;750;0;55.36
1;3000;3;1;1500;0;44.38
1;3000;3;1;2500;0;32.52
1;3000;3;1;3500;0;30.94
1;3000;6;0;50;0;61.94
1;3000;6;0;250;0;63.19
1;3000;6;0;750;0;55.26
1;3000;6;0;1500;0;44.94
1;3000;6;0;2500;0;33.05
1;3000;6;0;3500;0;31.32
1;3000;6;1;50;0;58.51
1;3000;6;1;250;0;57.47
1;3000;6;1;750;0;52.81
1;3000;6;1;1500;0;43.31
1;3000;6;1;2500;0;32.81
1;3000;6;1;3500;0;30.49
1;3000;10;0;50;0;62.24
1;3000;10;0;250;0;62.36
1;3000;10;0;750;0;55.62
1;3000;10;0;1500;0;45.51
1;3000;10;0;2500;0;35.42
1;3000;10;0;3500;0;31.05
1;3000;10;1;50;0;59.08
1;3000;10;1;250;0;59.53
1;3000;10;1;750;0;55.12
1;3000;10;1;1500;0;43.92
1;3000;10;1;2500;0;32.73
1;3000;10;1;3500;0;30.99
1;3000;14;0;50;0;59.55
1;3000;14;0;250;0;62.52
1;3000;14;0;750;0;55.78
1;3000;14;0;1500;0;45.52
1;3000;14;0;2500;0;33.3
1;3000;14;0;3500;0;31.31
1;3000;14;1;50;0;59.38
1;3000;14;1;250;0;59.34
1;3000;14;1;750;0;55.1
1;3000;14;1;1500;0;43.82
1;3000;14;1;2500;0;32.9
1;3000;14;1;3500;0;30.95
1;3000;20;0;50;0;62.38
1;3000;20;0;250;0;62.89
1;3000;20;0;750;0;56.49
1;3000;20;0;1500;0;45.05
1;3000;20;0;2500;0;35.2
1;3000;20;0;3500;0;31.06
1;3000;20;1;50;0;58.9
1;3000;20;1;250;0;59.61
1;3000;20;1;750;0;52.6
1;3000;20;1;1500;0;44.29
1;3000;20;1;2500;0;32.87
1;3000;20;1;3500;0;29.89
1;7500;3;0;50;0;18.88
1;7500;3;0;250;0;37.83
1;7500;3;0;750;0;34.31
1;7500;3;0;1500;0;30.37
1;7500;3;0;2500;0;26.65
1;7500;3;0;3500;0;25.21
1;7500;3;1;50;0;35.15
1;7500;3;1;250;0;35.37
1;7500;3;1;750;0;32.49
1;7500;3;1;1500;0;29.56
1;7500;3;1;2500;0;24.82
1;7500;3;1;3500;0;23.34
1;7500;6;0;50;0;35.88
1;7500;6;0;250;0;36.1
1;7500;6;0;750;0;33.25
1;7500;6;0;1500;0;23.46
1;7500;6;0;2500;0;22.92
1;7500;6;0;3500;0;25.76
1;7500;6;1;50;0;35.84
1;7500;6;1;250;0;35.07
1;7500;6;1;750;0;32.3
1;7500;6;1;1500;0;30.28
1;7500;6;1;2500;0;24.99
1;7500;6;1;3500;0;24.95
1;7500;10;0;50;0;32.85
1;7500;10;0;250;0;36.82
1;7500;10;0;750;0;33.13
1;7500;10;0;1500;0;29.09
1;7500;10;0;2500;0;27.93
1;7500;10;0;3500;0;24.44
1;7500;10;1;50;0;35.19
1;7500;10;1;250;0;32.66
1;7500;10;1;750;0;34.07
1;7500;10;1;1500;0;29.8
1;7500;10;1;2500;0;25.65
1;7500;10;1;3500;0;24.85
1;7500;14;0;50;0;36.12
1;7500;14;0;250;0;35.94
1;7500;14;0;750;0;30.14
1;7500;14;0;1500;0;24.2
1;7500;14;0;2500;0;24.5
1;7500;14;0;3500;0;23.75
1;7500;14;1;50;0;32.7
1;7500;14;1;250;0;32.48
1;7500;14;1;750;0;31.11
1;7500;14;1;1500;0;28.47
1;7500;14;1;2500;0;24.17
1;7500;14;1;3500;0;22.64
1;7500;20;0;50;0;32.59
1;7500;20;0;250;0;32.61
1;7500;20;0;750;0;31.98
1;7500;20;0;1500;0;29.89
1;7500;20;0;2500;0;26.42
1;7500;20;0;3500;0;25.0
1;7500;20;1;50;0;35.42
1;7500;20;1;250;0;35.46
1;7500;20;1;750;0;31.36
1;7500;20;1;1500;0;29.24
1;7500;20;1;2500;0;26.03
1;7500;20;1;3500;0;24.83
1;17500;3;0;50;0;9.85
1;17500;3;0;250;0;20.36
1;17500;3;0;750;0;17.61
1;17500;3;0;1500;0;15.72
1;17500;3;0;2500;0;16.65
1;17500;3;0;3500;0;15.75
1;17500;3;1;50;0;17.47
1;17500;3;1;250;0;16.66
1;17500;3;1;750;0;16.9
1;17500;3;1;1500;0;16.71
1;17500;3;1;2500;0;14.95
1;17500;3;1;3500;0;14.69
1;17500;6;0;50;0;16.84
1;17500;6;0;250;0;18.11
1;17500;6;0;750;0;17.83
1;17500;6;0;1500;0;16.44
1;17500;6;0;2500;0;15.28
1;17500;6;0;3500;0;13.3
1;17500;6;1;50;0;17.61
1;17500;6;1;250;0;17.85
1;17500;6;1;750;0;17.33
1;17500;6;1;1500;0;16.37
1;17500;6;1;2500;0;15.17
1;17500;6;1;3500;0;15.36
1;17500;10;0;50;0;17.82
1;17500;10;0;250;0;18.57
1;17500;10;0;750;0;17.49
1;17500;10;0;1500;0;17.21
1;17500;10;0;2500;0;15.92
1;17500;10;0;3500;0;15.37
1;17500;10;1;50;0;15.7
1;17500;10;1;250;0;16.43
1;17500;10;1;750;0;17.32
1;17500;10;1;1500;0;17.22
1;17500;10;1;2500;0;14.45
1;17500;10;1;3500;0;15.56
1;17500;14;0;50;0;18.6
1;17500;14;0;250;0;19.15
1;17500;14;0;750;0;18.76
1;17500;14;0;1500;0;17.32
1;17500;14;0;2500;0;16.39
1;17500;14;0;3500;0;14.92
1;17500;14;1;50;0;18.75
1;17500;14;1;250;0;18.46
1;17500;14;1;750;0;17.78
1;17500;14;1;1500;0;17.26
1;17500;14;1;2500;0;16.27
1;17500;14;1;3500;0;15.48
1;17500;20;0;50;0;18.05
1;17500;20;0;250;0;17.8
1;17500;20;0;750;0;18.01
1;17500;20;0;1500;0;17.21
1;17500;20;0;2500;0;16.37
1;17500;20;0;3500;0;14.75
1;17500;20;1;50;0;18.65
1;17500;20;1;250;0;17.57
1;17500;20;1;750;0;17.99
1;17500;20;1;1500;0;17.07
1;17500;20;1;2500;0;15.95
1;17500;20;1;3500;0;15.1
1;37500;3;0;50;0;3.91
1;37500;3;0;250;0;9.35
1;37500;3;0;750;0;9.18
1;37500;3;0;1500;0;9.41
1;37500;3;0;2500;0;8.37
1;37500;3;0;3500;0;8.93
1;37500;3;1;50;0;10.02
1;37500;3;1;250;0;9.82
1;37500;3;1;750;0;9.14
1;37500;3;1;1500;0;9.42
1;37500;3;1;2500;0;8.43
1;37500;3;1;3500;0;8.71
1;37500;6;0;50;0;9.49
1;37500;6;0;250;0;9.76
1;37500;6;0;750;0;9.63
1;37500;6;0;1500;0;8.99
1;37500;6;0;2500;0;8.86
1;37500;6;0;3500;0;8.84
1;37500;6;1;50;0;9.59
1;37500;6;1;250;0;9.48
1;37500;6;1;750;0;8.93
1;37500;6;1;1500;0;9.31
1;37500;6;1;2500;0;8.51
1;37500;6;1;3500;0;7.52
1;37500;10;0;50;0;9.34
1;37500;10;0;250;0;9.69
1;37500;10;0;750;0;9.66
1;37500;10;0;1500;0;9.03
1;37500;10;0;2500;0;8.63
1;37500;10;0;3500;0;8.75
1;37500;10;1;50;0;9.65
1;37500;10;1;250;0;9.72
1;37500;10;1;750;0;9.44
1;37500;10;1;1500;0;9.05
1;37500;10;1;2500;0;8.29
1;37500;10;1;3500;0;8.63
1;37500;14;0;50;0;9.67
1;37500;14;0;250;0;9.79
1;37500;14;0;750;0;9.83
1;37500;14;0;1500;0;9.48
1;37500;14;0;2500;0;8.76
1;37500;14;0;3500;0;8.55
1;37500;14;1;50;0;9.83
1;37500;14;1;250;0;9.68
1;37500;14;1;750;0;9.07
1;37500;14;1;1500;0;8.93
1;37500;14;1;2500;0;8.6
1;37500;14;1;3500;0;8.59
1;37500;20;0;50;0;9.46
1;37500;20;0;250;0;9.4
1;37500;20;0;750;0;9.58
1;37500;20;0;1500;0;9.51
1;37500;20;0;2500;0;9.05
1;37500;20;0;3500;0;7.77
1;37500;20;1;50;0;8.24
1;37500;20;1;250;0;9.14
1;37500;20;1;750;0;9.26
1;37500;20;1;1500;0;9.44
1;37500;20;1;2500;0;9.28
1;37500;20;1;3500;0;9.09
1;62500;3;0;50;0;2.91
1;62500;3;0;250;0;6.36
1;62500;3;0;750;0;5.19
1;62500;3;0;1500;0;5.65
1;62500;3;0;2500;0;5.62
1;62500;3;0;3500;0;5.31
1;62500;3;1;50;0;6.02
1;62500;3;1;250;0;5.82
1;62500;3;1;750;0;4.99
1;62500;3;1;1500;0;4.9
1;62500;3;1;2500;0;5.15
1;62500;3;1;3500;0;5.48
1;62500;6;0;50;0;5.56
1;62500;6;0;250;0;5.58
1;62500;6;0;750;0;5.53
1;62500;6;0;1500;0;5.62
1;62500;6;0;2500;0;5.55
1;62500;6;0;3500;0;5.42
1;62500;6;1;50;0;5.32
1;62500;6;1;250;0;5.16
1;62500;6;1;750;0;5.69
1;62500;6;1;1500;0;5.79
1;62500;6;1;2500;0;5.24
1;62500;6;1;3500;0;5.93
1;62500;10;0;50;0;5.71
1;62500;10;0;250;0;6.06
1;62500;10;0;750;0;5.72
1;62500;10;0;1500;0;5.77
1;62500;10;0;2500;0;5.42
1;62500;10;0;3500;0;5.52
1;62500;10;1;50;0;5.44
1;62500;10;1;250;0;5.85
1;62500;10;1;750;0;5.66
1;62500;10;1;1500;0;5.35
1;62500;10;1;2500;0;5.52
1;62500;10;1;3500;0;5.13
1;62500;14;0;50;0;5.6
1;62500;14;0;250;0;5.7
1;62500;14;0;750;0;5.79
1;62500;14;0;1500;0;5.3
1;62500;14;0;2500;0;5.78
1;62500;14;0;3500;0;4.82
1;62500;14;1;50;0;5.82
1;62500;14;1;250;0;5.9
1;62500;14;1;750;0;5.71
1;62500;14;1;1500;0;5.61
1;62500;14;1;2500;0;5.26
1;62500;14;1;3500;0;5.26
1;62500;20;0;50;0;5.26
1;62500;20;0;250;0;5.7
1;62500;20;0;750;0;5.72
1;62500;20;0;1500;0;5.45
1;62500;20;0;2500;0;5.04
1;62500;20;0;3500;0;5.58
1;62500;20;1;50;0;5.38
1;62500;20;1;250;0;5.47
1;62500;20;1;750;0;5.45
1;62500;20;1;1500;0;5.58
1;62500;20;1;2500;0;5.28
1;62500;20;1;3500;0;5.38
1;87500;3;0;50;0;2.54
1;87500;3;0;250;0;5.41
1;87500;3;0;750;0;4.38
1;87500;3;0;1500;0;4.06
1;87500;3;0;2500;0;4.12
1;87500;3;0;3500;0;4.09
1;87500;3;1;50;0;4.02
1;87500;3;1;250;0;4.15
1;87500;3;1;750;0;4.27
1;87500;3;1;1500;0;3.91
1;87500;3;1;2500;0;4.2
1;87500;3;1;3500;0;3.92
1;87500;6;0;50;0;4.44
1;87500;6;0;250;0;4.28
1;87500;6;0;750;0;4.36
1;87500;6;0;1500;0;4.04
1;87500;6;0;2500;0;4.25
1;87500;6;0;3500;0;4.08
1;87500;6;1;50;0;4.3
1;87500;6;1;250;0;4.02
1;87500;6;1;750;0;4.54
1;87500;6;1;1500;0;4.25
1;87500;6;1;2500;0;3.9
1;87500;6;1;3500;0;4.1
1;87500;10;0;50;0;3.9
1;87500;10;0;250;0;4.25
1;87500;10;0;750;0;4.05
1;87500;10;0;1500;0;4.05
1;87500;10;0;2500;0;3.84
1;87500;10;0;3500;0;4.07
1;87500;10;1;50;0;4.48
1;87500;10;1;250;0;4.12
1;87500;10;1;750;0;4.25
1;87500;10;1;1500;0;4.05
1;87500;10;1;2500;0;3.95
1;87500;10;1;3500;0;3.97
1;87500;14;0;50;0;4.46
1;87500;14;0;250;0;4.26
1;87500;14;0;750;0;4.33
1;87500;14;0;1500;0;3.96
1;87500;14;0;2500;0;3.99
1;87500;14;0;3500;0;4.15
1;87500;14;1;50;0;4.36
1;87500;14;1;250;0;4.3
1;87500;14;1;750;0;4.03
1;87500;14;1;1500;0;3.87
1;87500;14;1;2500;0;3.94
1;87500;14;1;3500;0;3.97
1;87500;20;0;50;0;4.33
1;87500;20;0;250;0;4.42
1;87500;20;0;750;0;4.39
1;87500;20;0;1500;0;4.04
1;87500;20;0;2500;0;4.27
1;87500;20;0;3500;0;3.65
1;87500;20;1;50;0;4.45
1;87500;20;1;250;0;4.37
1;87500;20;1;750;0;4.2
1;87500;20;1;1500;0;4.12
1;87500;20;1;2500;0;3.87
1;87500;20;1;3500;0;4.12
1;137500;3;0;50;0;3.2
1;137500;3;0;250;0;3.99
1;137500;3;0;750;0;3.65
1;137500;3;0;1500;0;3.12
1;137500;3;0;2500;0;3.51
1;137500;3;0;3500;0;3.67
1;137500;3;1;50;0;3.95
1;137500;3;1;250;0;3.34
1;137500;3;1;750;0;3.21
1;137500;3;1;1500;0;3.66
1;137500;3;1;2500;0;3.62
1;137500;3;1;3500;0;3.46
1;137500;6;0;50;0;3.56
1;137500;6;0;250;0;3.95
1;137500;6;0;750;0;3.73
1;137500;6;0;1500;0;3.67
1;137500;6;0;2500;0;3.91
1;137500;6;0;3500;0;3.6
1;137500;6;1;50;0;3.65
1;137500;6;1;250;0;3.86
1;137500;6;1;750;0;3.78
1;137500;6;1;1500;0;2.33
1;137500;6;1;2500;0;4.49
1;137500;6;1;3500;0;3.78
1;137500;10;0;50;0;3.97
1;137500;10;0;250;0;3.73
1;137500;10;0;750;0;3.76
1;137500;10;0;1500;0;3.59
1;137500;10;0;2500;0;3.73
1;137500;10;0;3500;0;3.4
1;137500;10;1;50;0;3.62
1;137500;10;1;250;0;3.74
1;137500;10;1;750;0;3.6
1;137500;10;1;1500;0;3.63
1;137500;10;1;2500;0;3.46
1;137500;10;1;3500;0;3.7
1;137500;14;0;50;0;3.74
1;137500;14;0;250;0;3.9
1;137500;14;0;750;0;3.86
1;137500;14;0;1500;0;3.74
1;137500;14;0;2500;0;3.6
1;137500;14;0;3500;0;3.7
1;137500;14;1;50;0;3.76
1;137500;14;1;250;0;3.89
1;137500;14;1;750;0;3.51
1;137500;14;1;1500;0;3.91
1;137500;14;1;2500;0;3.73
1;137500;14;1;3500;0;3.39
1;137500;20;0;50;0;3.79
1;137500;20;0;250;0;3.89
1;137500;20;0;750;0;3.58
1;137500;20;0;1500;0;3.71
1;137500;20;0;2500;0;3.77
1;137500;20;0;3500;0;3.67
1;137500;20;1;50;0;3.87
1;137500;20;1;250;0;3.75
1;137500;20;1;750;0;3.7
1;137500;20;1;1500;0;3.78
1;137500;20;1;2500;0;3.39
1;137500;20;1;3500;0;3.57
1;212500;3;0;50;0;3.56
1;212500;3;0;250;0;3.69
1;212500;3;0;750;0;3.75
1;212500;3;0;1500;0;3.4
1;212500;3;0;2500;0;3.64
1;212500;3;0;3500;0;3.62
1;212500;3;1;50;0;3.6
1;212500;3;1;250;0;4.11
1;212500;3;1;750;0;3.59
1;212500;3;1;1500;0;3.56
1;212500;3;1;2500;0;3.52
1;212500;3;1;3500;0;3.75
1;212500;6;0;50;0;3.66
1;212500;6;0;250;0;4.07
1;212500;6;0;750;0;3.66
1;212500;6;0;1500;0;3.74
1;212500;6;0;2500;0;3.67
1;212500;6;0;3500;0;3.58
1;212500;6;1;50;0;4.0
1;212500;6;1;250;0;3.88
1;212500;6;1;750;0;3.7
1;212500;6;1;1500;0;3.77
1;212500;6;1;2500;0;3.59
1;212500;6;1;3500;0;3.29
1;212500;10;0;50;0;3.64
1;212500;10;0;250;0;3.89
1;212500;10;0;750;0;3.74
1;212500;10;0;1500;0;3.48
1;212500;10;0;2500;0;3.67
1;212500;10;0;3500;0;3.34
1;212500;10;1;50;0;3.65
1;212500;10;1;250;0;3.86
1;212500;10;1;750;0;3.92
1;212500;10;1;1500;0;3.5
1;212500;10;1;2500;0;3.59
1;212500;10;1;3500;0;3.52
1;212500;14;0;50;0;3.9
1;212500;14;0;250;0;3.75
1;212500;14;0;750;0;3.7
1;212500;14;0;1500;0;3.81
1;212500;14;0;2500;0;3.49
1;212500;14;0;3500;0;3.67
1;212500;14;1;50;0;3.67
1;212500;14;1;250;0;3.91
1;212500;14;1;750;0;3.49
1;212500;14;1;1500;0;3.74
1;212500;14;1;2500;0;3.49
1;212500;14;1;3500;0;3.6
1;212500;20;0;50;0;3.75
1;212500;20;0;250;0;3.8
1;212500;20;0;750;0;3.65
1;212500;20;0;1500;0;3.92
1;212500;20;0;2500;0;3.41
1;212500;20;0;3500;0;3.71
1;212500;20;1;50;0;3.67
1;212500;20;1;250;0;3.26
1;212500;20;1;750;0;3.28
1;212500;20;1;1500;0;3.1
1;212500;20;1;2500;0;2.99
1;212500;20;1;3500;0;2.84
1;300000;3;0;50;0;3.57
1;300000;3;0;250;0;3.94
1;300000;3;0;750;0;3.89
1;300000;3;0;1500;0;3.42
1;300000;3;0;2500;0;4.33
1;300000;3;0;3500;0;3.75
1;300000;3;1;50;0;3.59
1;300000;3;1;250;0;3.61
1;300000;3;1;750;0;3.63
1;300000;3;1;1500;0;3.84
1;300000;3;1;2500;0;3.53
1;300000;3;1;3500;0;3.35
1;300000;6;0;50;0;3.8
1;300000;6;0;250;0;3.98
1;300000;6;0;750;0;3.94
1;300000;6;0;1500;0;3.53
1;300000;6;0;2500;0;3.78
1;300000;6;0;3500;0;3.46
1;300000;6;1;50;0;3.62
1;300000;6;1;250;0;3.67
1;300000;6;1;750;0;3.8
1;300000;6;1;1500;0;3.66
1;300000;6;1;2500;0;3.56
1;300000;6;1;3500;0;3.61
1;300000;10;0;50;0;3.7
1;300000;10;0;250;0;4.06
1;300000;10;0;750;0;3.59
1;300000;10;0;1500;0;3.78
1;300000;10;0;2500;0;3.43
1;300000;10;0;3500;0;3.45
1;300000;10;1;50;0;3.81
1;300000;10;1;250;0;3.84
1;300000;10;1;750;0;3.53
1;300000;10;1;1500;0;3.65
1;300000;10;1;2500;0;3.58
1;300000;10;1;3500;0;3.64
1;300000;14;0;50;0;3.65
1;300000;14;0;250;0;3.81
1;300000;14;0;750;0;3.8
1;300000;14;0;1500;0;3.56
1;300000;14;0;2500;0;3.41
1;300000;14;0;3500;0;3.97
1;300000;14;1;50;0;3.91
1;300000;14;1;250;0;3.38
1;300000;14;1;750;0;4.15
1;300000;14;1;1500;0;3.64
1;300000;14;1;2500;0;3.57
1;300000;14;1;3500;0;3.39
1;300000;20;0;50;0;3.64
1;300000;20;0;250;0;3.65
1;300000;20;0;750;0;3.81
1;300000;20;0;1500;0;3.72
1;300000;20;0;2500;0;3.66
1;300000;20;0;3500;0;4.14
1;300000;20;1;50;0;3.82
1;300000;20;1;250;0;3.6
1;300000;20;1;750;0;3.43
1;300000;20;1;1500;0;3.84
1;300000;20;1;2500;0;3.6
1;300000;20;1;3500;0;3.62
1;50;3;0;50;1;0.75
1;50;3;0;250;1;132.67
1;50;3;0;750;1;85.05
1;50;3;0;1500;1;63.58
1;50;3;0;2500;1;42.84
1;50;3;0;3500;1;36.51
1;50;3;1;50;1;119.73
1;50;3;1;250;1;122.98
1;50;3;1;750;1;91.67
1;50;3;1;1500;1;64.3
1;50;3;1;2500;1;44.02
1;50;3;1;3500;1;36.92
1;50;6;0;50;1;111.15
1;50;6;0;250;1;121.94
1;50;6;0;750;1;92.1
1;50;6;0;1500;1;63.24
1;50;6;0;2500;1;44.37
1;50;6;0;3500;1;38.31
1;50;6;1;50;1;122.55
1;50;6;1;250;1;116.85
1;50;6;1;750;1;85.09
1;50;6;1;1500;1;59.45
1;50;6;1;2500;1;43.47
1;50;6;1;3500;1;37.75
1;50;10;0;50;1;125.9
1;50;10;0;250;1;121.85
1;50;10;0;750;1;85.7
1;50;10;0;1500;1;61.71
1;50;10;0;2500;1;43.65
1;50;10;0;3500;1;38.03
1;50;10;1;50;1;123.85
1;50;10;1;250;1;115.35
1;50;10;1;750;1;84.28
1;50;10;1;1500;1;59.42
1;50;10;1;2500;1;43.14
1;50;10;1;3500;1;37.67
1;50;14;0;50;1;128.72
1;50;14;0;250;1;119.84
1;50;14;0;750;1;88.63
1;50;14;0;1500;1;61.44
1;50;14;0;2500;1;43.79
1;50;14;0;3500;1;38.24
1;50;14;1;50;1;114.35
1;50;14;1;250;1;66.12
1;50;14;1;750;1;13.08
1;50;14;1;1500;1;44.32
1;50;14;1;2500;1;42.54
1;50;14;1;3500;1;37.74
1;50;20;0;50;1;126.22
1;50;20;0;250;1;123.42
1;50;20;0;750;1;90.16
1;50;20;0;1500;1;63.14
1;50;20;0;2500;1;43.15
1;50;20;0;3500;1;38.05
1;50;20;1;50;1;125.74
1;50;20;1;250;1;119.36
1;50;20;1;750;1;84.48
1;50;20;1;1500;1;62.25
1;50;20;1;2500;1;43.26
1;50;20;1;3500;1;38.19
1;300;3;0;50;1;84.68
1;300;3;0;250;1;116.29
1;300;3;0;750;1;86.66
1;300;3;0;1500;1;58.12
1;300;3;0;2500;1;43.17
1;300;3;0;3500;1;37.7
1;300;3;1;50;1;112.6
1;300;3;1;250;1;105.95
1;300;3;1;750;1;82.78
1;300;3;1;1500;1;58.3
1;300;3;1;2500;1;42.82
1;300;3;1;3500;1;37.51
1;300;6;0;50;1;122.1
1;300;6;0;250;1;118.47
1;300;6;0;750;1;85.34
1;300;6;0;1500;1;62.03
1;300;6;0;2500;1;41.86
1;300;6;0;3500;1;35.89
1;300;6;1;50;1;104.46
1;300;6;1;250;1;102.17
1;300;6;1;750;1;72.85
1;300;6;1;1500;1;52.08
1;300;6;1;2500;1;38.9
1;300;6;1;3500;1;32.98
1;300;10;0;50;1;89.88
1;300;10;0;250;1;99.61
1;300;10;0;750;1;71.36
1;300;10;0;1500;1;51.41
1;300;10;0;2500;1;39.24
1;300;10;0;3500;1;36.45
1;300;10;1;50;1;110.68
1;300;10;1;250;1;108.7
1;300;10;1;750;1;79.77
1;300;10;1;1500;1;56.44
1;300;10;1;2500;1;42.44
1;300;10;1;3500;1;37.08
1;300;14;0;50;1;116.54
1;300;14;0;250;1;116.3
1;300;14;0;750;1;85.41
1;300;14;0;1500;1;58.92
1;300;14;0;2500;1;38.5
1;300;14;0;3500;1;37.17
1;300;14;1;50;1;111.52
1;300;14;1;250;1;109.93
1;300;14;1;750;1;82.21
1;300;14;1;1500;1;58.99
1;300;14;1;2500;1;42.38
1;300;14;1;3500;1;36.94
1;300;20;0;50;1;117.99
1;300;20;0;250;1;117.78
1;300;20;0;750;1;86.17
1;300;20;0;1500;1;59.77
1;300;20;0;2500;1;42.87
1;300;20;0;3500;1;38.23
1;300;20;1;50;1;113.13
1;300;20;1;250;1;110.93
1;300;20;1;750;1;82.05
1;300;20;1;1500;1;57.9
1;300;20;1;2500;1;42.31
1;300;20;1;3500;1;37.11
1;750;3;0;50;1;77.31
1;750;3;0;250;1;105.5
1;750;3;0;750;1;79.84
1;750;3;0;1500;1;57.84
1;750;3;0;2500;1;42.77
1;750;3;0;3500;1;33.14
1;750;3;1;50;1;96.57
1;750;3;1;250;1;96.88
1;750;3;1;750;1;75.45
1;750;3;1;1500;1;55.08
1;750;3;1;2500;1;39.67
1;750;3;1;3500;1;36.35
1;750;6;0;50;1;106.3
1;750;6;0;250;1;110.42
1;750;6;0;750;1;82.13
1;750;6;0;1500;1;57.95
1;750;6;0;2500;1;39.96
1;750;6;0;3500;1;36.77
1;750;6;1;50;1;103.14
1;750;6;1;250;1;105.57
1;750;6;1;750;1;78.12
1;750;6;1;1500;1;57.81
1;750;6;1;2500;1;39.95
1;750;6;1;3500;1;32.12
1;750;10;0;50;1;97.78
1;750;10;0;250;1;105.18
1;750;10;0;750;1;82.89
1;750;10;0;1500;1;59.07
1;750;10;0;2500;1;42.78
1;750;10;0;3500;1;37.28
1;750;10;1;50;1;103.5
1;750;10;1;250;1;90.52
1;750;10;1;750;1;77.16
1;750;10;1;1500;1;58.78
1;750;10;1;2500;1;42.67
1;750;10;1;3500;1;37.04
1;750;14;0;50;1;111.64
1;750;14;0;250;1;109.55
1;750;14;0;750;1;79.9
1;750;14;0;1500;1;58.32
1;750;14;0;2500;1;42.4
1;750;14;0;3500;1;32.55
1;750;14;1;50;1;89.82
1;750;14;1;250;1;97.86
1;750;14;1;750;1;78.49
1;750;14;1;1500;1;59.49
1;750;14;1;2500;1;43.75
1;750;14;1;3500;1;32.12
1;750;20;0;50;1;106.37
1;750;20;0;250;1;110.57
1;750;20;0;750;1;85.62
1;750;20;0;1500;1;58.87
1;750;20;0;2500;1;42.91
1;750;20;0;3500;1;36.95
1;750;20;1;50;1;99.54
1;750;20;1;250;1;92.06
1;750;20;1;750;1;78.06
1;750;20;1;1500;1;58.79
1;750;20;1;2500;1;43.08
1;750;20;1;3500;1;37.1
1;3000;3;0;50;1;50.43
1;3000;3;0;250;1;78.12
1;3000;3;0;750;1;65.45
1;3000;3;0;1500;1;49.99
1;3000;3;0;2500;1;37.23
1;3000;3;0;3500;1;32.16
1;3000;3;1;50;1;71.98
1;3000;3;1;250;1;72.0
1;3000;3;1;750;1;63.74
1;3000;3;1;1500;1;46.58
1;3000;3;1;2500;1;36.01
1;3000;3;1;3500;1;31.93
1;3000;6;0;50;1;72.23
1;3000;6;0;250;1;72.53
1;3000;6;0;750;1;63.6
1;3000;6;0;1500;1;48.89
1;3000;6;0;2500;1;36.31
1;3000;6;0;3500;1;32.31
1;3000;6;1;50;1;70.22
1;3000;6;1;250;1;66.49
1;3000;6;1;750;1;55.1
1;3000;6;1;1500;1;43.92
1;3000;6;1;2500;1;36.44
1;3000;6;1;3500;1;32.52
1;3000;10;0;50;1;78.62
1;3000;10;0;250;1;77.71
1;3000;10;0;750;1;65.73
1;3000;10;0;1500;1;49.28
1;3000;10;0;2500;1;36.81
1;3000;10;0;3500;1;32.16
1;3000;10;1;50;1;71.08
1;3000;10;1;250;1;72.87
1;3000;10;1;750;1;63.32
1;3000;10;1;1500;1;48.76
1;3000;10;1;2500;1;36.62
1;3000;10;1;3500;1;32.01
1;3000;14;0;50;1;72.89
1;3000;14;0;250;1;75.66
1;3000;14;0;750;1;63.93
1;3000;14;0;1500;1;49.47
1;3000;14;0;2500;1;37.0
1;3000;14;0;3500;1;33.06
1;3000;14;1;50;1;70.35
1;3000;14;1;250;1;72.66
1;3000;14;1;750;1;64.17
1;3000;14;1;1500;1;48.36
1;3000;14;1;2500;1;36.33
1;3000;14;1;3500;1;32.14
1;3000;20;0;50;1;73.04
1;3000;20;0;250;1;75.61
1;3000;20;0;750;1;64.19
1;3000;20;0;1500;1;48.56
1;3000;20;0;2500;1;37.02
1;3000;20;0;3500;1;32.26
1;3000;20;1;50;1;71.44
1;3000;20;1;250;1;72.3
1;3000;20;1;750;1;63.21
1;3000;20;1;1500;1;46.43
1;3000;20;1;2500;1;36.22
1;3000;20;1;3500;1;31.64
1;7500;3;0;50;1;24.44
1;7500;3;0;250;1;45.17
1;7500;3;0;750;1;43.41
1;7500;3;0;1500;1;37.41
1;7500;3;0;2500;1;30.51
1;7500;3;0;3500;1;28.79
1;7500;3;1;50;1;43.46
1;7500;3;1;250;1;45.31
1;7500;3;1;750;1;41.62
1;7500;3;1;1500;1;36.98
1;7500;3;1;2500;1;30.55
1;7500;3;1;3500;1;26.62
1;7500;6;0;50;1;43.85
1;7500;6;0;250;1;45.51
1;7500;6;0;750;1;43.05
1;7500;6;0;1500;1;37.42
1;7500;6;0;2500;1;31.15
1;7500;6;0;3500;1;28.41
1;7500;6;1;50;1;41.73
1;7500;6;1;250;1;43.72
1;7500;6;1;750;1;39.99
1;7500;6;1;1500;1;36.45
1;7500;6;1;2500;1;30.19
1;7500;6;1;3500;1;28.28
1;7500;10;0;50;1;45.4
1;7500;10;0;250;1;44.87
1;7500;10;0;750;1;42.43
1;7500;10;0;1500;1;37.57
1;7500;10;0;2500;1;29.0
1;7500;10;0;3500;1;26.02
1;7500;10;1;50;1;42.05
1;7500;10;1;250;1;43.33
1;7500;10;1;750;1;39.76
1;7500;10;1;1500;1;36.14
1;7500;10;1;2500;1;29.5
1;7500;10;1;3500;1;26.27
1;7500;14;0;50;1;44.69
1;7500;14;0;250;1;44.11
1;7500;14;0;750;1;38.86
1;7500;14;0;1500;1;33.15
1;7500;14;0;2500;1;30.4
1;7500;14;0;3500;1;24.74
1;7500;14;1;50;1;38.4
1;7500;14;1;250;1;39.4
1;7500;14;1;750;1;42.9
1;7500;14;1;1500;1;38.46
1;7500;14;1;2500;1;31.62
1;7500;14;1;3500;1;29.36
1;7500;20;0;50;1;45.65
1;7500;20;0;250;1;46.12
1;7500;20;0;750;1;43.22
1;7500;20;0;1500;1;36.91
1;7500;20;0;2500;1;28.77
1;7500;20;0;3500;1;28.31
1;7500;20;1;50;1;44.18
1;7500;20;1;250;1;44.18
1;7500;20;1;750;1;41.48
1;7500;20;1;1500;1;36.27
1;7500;20;1;2500;1;30.28
1;7500;20;1;3500;1;25.76
1;17500;3;0;50;1;10.26
1;17500;3;0;250;1;24.97
1;17500;3;0;750;1;23.87
1;17500;3;0;1500;1;22.44
1;17500;3;0;2500;1;19.5
1;17500;3;0;3500;1;18.91
1;17500;3;1;50;1;24.46
1;17500;3;1;250;1;23.49
1;17500;3;1;750;1;22.41
1;17500;3;1;1500;1;19.47
1;17500;3;1;2500;1;18.53
1;17500;3;1;3500;1;18.18
1;17500;6;0;50;1;23.84
1;17500;6;0;250;1;24.52
1;17500;6;0;750;1;23.46
1;17500;6;0;1500;1;21.83
1;17500;6;0;2500;1;18.9
1;17500;6;0;3500;1;18.69
1;17500;6;1;50;1;24.14
1;17500;6;1;250;1;23.76
1;17500;6;1;750;1;23.34
1;17500;6;1;1500;1;21.7
1;17500;6;1;2500;1;18.68
1;17500;6;1;3500;1;18.3
1;17500;10;0;50;1;24.24
1;17500;10;0;250;1;24.59
1;17500;10;0;750;1;23.46
1;17500;10;0;1500;1;21.66
1;17500;10;0;2500;1;20.62
1;17500;10;0;3500;1;18.48
1;17500;10;1;50;1;23.78
1;17500;10;1;250;1;23.7
1;17500;10;1;750;1;22.48
1;17500;10;1;1500;1;21.69
1;17500;10;1;2500;1;18.52
1;17500;10;1;3500;1;18.27
1;17500;14;0;50;1;24.22
1;17500;14;0;250;1;24.05
1;17500;14;0;750;1;23.29
1;17500;14;0;1500;1;21.96
1;17500;14;0;2500;1;18.55
1;17500;14;0;3500;1;18.94
1;17500;14;1;50;1;24.03
1;17500;14;1;250;1;24.03
1;17500;14;1;750;1;23.16
1;17500;14;1;1500;1;19.46
1;17500;14;1;2500;1;19.35
1;17500;14;1;3500;1;18.72
1;17500;20;0;50;1;23.81
1;17500;20;0;250;1;24.75
1;17500;20;0;750;1;23.56
1;17500;20;0;1500;1;22.32
1;17500;20;0;2500;1;17.17
1;17500;20;0;3500;1;16.99
1;17500;20;1;50;1;22.18
1;17500;20;1;250;1;23.22
1;17500;20;1;750;1;23.87
1;17500;20;1;1500;1;23.09
1;17500;20;1;2500;1;21.21
1;17500;20;1;3500;1;18.92
1;37500;3;0;50;1;3.92
1;37500;3;0;250;1;13.88
1;37500;3;0;750;1;11.71
1;37500;3;0;1500;1;11.33
1;37500;3;0;2500;1;10.75
1;37500;3;0;3500;1;10.82
1;37500;3;1;50;1;12.57
1;37500;3;1;250;1;12.92
1;37500;3;1;750;1;12.21
1;37500;3;1;1500;1;12.46
1;37500;3;1;2500;1;11.08
1;37500;3;1;3500;1;11.25
1;37500;6;0;50;1;12.39
1;37500;6;0;250;1;12.56
1;37500;6;0;750;1;12.23
1;37500;6;0;1500;1;11.96
1;37500;6;0;2500;1;11.01
1;37500;6;0;3500;1;10.99
1;37500;6;1;50;1;12.58
1;37500;6;1;250;1;12.56
1;37500;6;1;750;1;12.17
1;37500;6;1;1500;1;11.84
1;37500;6;1;2500;1;10.99
1;37500;6;1;3500;1;11.0
1;37500;10;0;50;1;11.79
1;37500;10;0;250;1;12.46
1;37500;10;0;750;1;12.36
1;37500;10;0;1500;1;11.57
1;37500;10;0;2500;1;11.39
1;37500;10;0;3500;1;11.07
1;37500;10;1;50;1;12.1
1;37500;10;1;250;1;12.58
1;37500;10;1;750;1;12.34
1;37500;10;1;1500;1;11.75
1;37500;10;1;2500;1;11.19
1;37500;10;1;3500;1;10.4
1;37500;14;0;50;1;12.4
1;37500;14;0;250;1;12.15
1;37500;14;0;750;1;12.27
1;37500;14;0;1500;1;11.88
1;37500;14;0;2500;1;11.23
1;37500;14;0;3500;1;10.57
1;37500;14;1;50;1;12.74
1;37500;14;1;250;1;12.55
1;37500;14;1;750;1;12.31
1;37500;14;1;1500;1;11.53
1;37500;14;1;2500;1;11.24
1;37500;14;1;3500;1;11.03
1;37500;20;0;50;1;11.85
1;37500;20;0;250;1;12.66
1;37500;20;0;750;1;12.26
1;37500;20;0;1500;1;11.8
1;37500;20;0;2500;1;11.17
1;37500;20;0;3500;1;11.19
1;37500;20;1;50;1;12.59
1;37500;20;1;250;1;12.58
1;37500;20;1;750;1;12.02
1;37500;20;1;1500;1;11.79
1;37500;20;1;2500;1;11.03
1;37500;20;1;3500;1;10.6
1;62500;3;0;50;1;2.86
1;62500;3;0;250;1;9.05
1;62500;3;0;750;1;8.77
1;62500;3;0;1500;1;8.41
1;62500;3;0;2500;1;8.02
1;62500;3;0;3500;1;7.81
1;62500;3;1;50;1;6.63
1;62500;3;1;250;1;6.15
1;62500;3;1;750;1;6.41
1;62500;3;1;1500;1;7.54
1;62500;3;1;2500;1;6.5
1;62500;3;1;3500;1;7.58
1;62500;6;0;50;1;8.32
1;62500;6;0;250;1;8.34
1;62500;6;0;750;1;7.31
1;62500;6;0;1500;1;6.44
1;62500;6;0;2500;1;5.97
1;62500;6;0;3500;1;8.34
1;62500;6;1;50;1;8.92
1;62500;6;1;250;1;8.26
1;62500;6;1;750;1;8.38
1;62500;6;1;1500;1;6.3
1;62500;6;1;2500;1;6.39
1;62500;6;1;3500;1;7.76
1;62500;10;0;50;1;6.64
1;62500;10;0;250;1;8.18
1;62500;10;0;750;1;7.6
1;62500;10;0;1500;1;7.52
1;62500;10;0;2500;1;6.29
1;62500;10;0;3500;1;5.71
1;62500;10;1;50;1;7.67
1;62500;10;1;250;1;7.4
1;62500;10;1;750;1;8.04
1;62500;10;1;1500;1;6.58
1;62500;10;1;2500;1;7.87
1;62500;10;1;3500;1;6.03
1;62500;14;0;50;1;8.5
1;62500;14;0;250;1;8.95
1;62500;14;0;750;1;8.15
1;62500;14;0;1500;1;5.88
1;62500;14;0;2500;1;6.23
1;62500;14;0;3500;1;7.4
1;62500;14;1;50;1;8.02
1;62500;14;1;250;1;7.83
1;62500;14;1;750;1;8.22
1;62500;14;1;1500;1;6.19
1;62500;14;1;2500;1;6.44
1;62500;14;1;3500;1;6.61
1;62500;20;0;50;1;8.72
1;62500;20;0;250;1;8.88
1;62500;20;0;750;1;7.78
1;62500;20;0;1500;1;7.44
1;62500;20;0;2500;1;7.49
1;62500;20;0;3500;1;6.55
1;62500;20;1;50;1;8.03
1;62500;20;1;250;1;8.33
1;62500;20;1;750;1;8.28
1;62500;20;1;1500;1;7.25
1;62500;20;1;2500;1;6.03
1;62500;20;1;3500;1;8.17
1;87500;3;0;50;1;2.82
1;87500;3;0;250;1;7.1
1;87500;3;0;750;1;5.72
1;87500;3;0;1500;1;5.48
1;87500;3;0;2500;1;5.55
1;87500;3;0;3500;1;5.03
1;87500;3;1;50;1;5.61
1;87500;3;1;250;1;6.09
1;87500;3;1;750;1;5.58
1;87500;3;1;1500;1;5.17
1;87500;3;1;2500;1;5.05
1;87500;3;1;3500;1;5.19
1;87500;6;0;50;1;5.6
1;87500;6;0;250;1;6.12
1;87500;6;0;750;1;5.5
1;87500;6;0;1500;1;5.55
1;87500;6;0;2500;1;5.47
1;87500;6;0;3500;1;5.2
1;87500;6;1;50;1;5.86
1;87500;6;1;250;1;5.69
1;87500;6;1;750;1;5.56
1;87500;6;1;1500;1;5.48
1;87500;6;1;2500;1;5.41
1;87500;6;1;3500;1;5.17
1;87500;10;0;50;1;5.58
1;87500;10;0;250;1;5.81
1;87500;10;0;750;1;5.98
1;87500;10;0;1500;1;5.48
1;87500;10;0;2500;1;5.13
1;87500;10;0;3500;1;5.5
1;87500;10;1;50;1;5.29
1;87500;10;1;250;1;5.48
1;87500;10;1;750;1;4.99
1;87500;10;1;1500;1;4.42
1;87500;10;1;2500;1;5.13
1;87500;10;1;3500;1;5.47
1;87500;14;0;50;1;6.05
1;87500;14;0;250;1;5.65
1;87500;14;0;750;1;5.19
1;87500;14;0;1500;1;5.14
1;87500;14;0;2500;1;5.56
1;87500;14;0;3500;1;5.77
1;87500;14;1;50;1;5.73
1;87500;14;1;250;1;5.28
1;87500;14;1;750;1;5.69
1;87500;14;1;1500;1;5.64
1;87500;14;1;2500;1;5.26
1;87500;14;1;3500;1;4.76
1;87500;20;0;50;1;5.9
1;87500;20;0;250;1;5.86
1;87500;20;0;750;1;5.33
1;87500;20;0;1500;1;5.66
1;87500;20;0;2500;1;5.66
1;87500;20;0;3500;1;5.54
1;87500;20;1;50;1;5.71
1;87500;20;1;250;1;5.77
1;87500;20;1;750;1;5.23
1;87500;20;1;1500;1;4.8
1;87500;20;1;2500;1;5.46
1;87500;20;1;3500;1;5.26
1;137500;3;0;50;1;3.5
1;137500;3;0;250;1;5.71
1;137500;3;0;750;1;5.03
1;137500;3;0;1500;1;4.96
1;137500;3;0;2500;1;5.15
1;137500;3;0;3500;1;4.54
1;137500;3;1;50;1;5.04
1;137500;3;1;250;1;5.03
1;137500;3;1;750;1;4.95
1;137500;3;1;1500;1;4.88
1;137500;3;1;2500;1;4.85
1;137500;3;1;3500;1;4.49
1;137500;6;0;50;1;5.1
1;137500;6;0;250;1;5.17
1;137500;6;0;750;1;5.13
1;137500;6;0;1500;1;4.92
1;137500;6;0;2500;1;4.68
1;137500;6;0;3500;1;4.97
1;137500;6;1;50;1;4.89
1;137500;6;1;250;1;4.99
1;137500;6;1;750;1;5.03
1;137500;6;1;1500;1;5.02
1;137500;6;1;2500;1;4.71
1;137500;6;1;3500;1;4.67
1;137500;10;0;50;1;4.85
1;137500;10;0;250;1;4.83
1;137500;10;0;750;1;5.13
1;137500;10;0;1500;1;5.0
1;137500;10;0;2500;1;5.05
1;137500;10;0;3500;1;4.96
1;137500;10;1;50;1;4.91
1;137500;10;1;250;1;4.97
1;137500;10;1;750;1;5.0
1;137500;10;1;1500;1;4.72
1;137500;10;1;2500;1;4.8
1;137500;10;1;3500;1;4.49
1;137500;14;0;50;1;4.89
1;137500;14;0;250;1;5.4
1;137500;14;0;750;1;5.23
1;137500;14;0;1500;1;5.03
1;137500;14;0;2500;1;4.63
1;137500;14;0;3500;1;4.94
1;137500;14;1;50;1;5.11
1;137500;14;1;250;1;4.68
1;137500;14;1;750;1;5.16
1;137500;14;1;1500;1;4.68
1;137500;14;1;2500;1;4.88
1;137500;14;1;3500;1;4.68
1;137500;20;0;50;1;4.48
1;137500;20;0;250;1;4.74
1;137500;20;0;750;1;5.23
1;137500;20;0;1500;1;4.81
1;137500;20;0;2500;1;5.01
1;137500;20;0;3500;1;5.07
1;137500;20;1;50;1;4.76
1;137500;20;1;250;1;5.16
1;137500;20;1;750;1;5.1
1;137500;20;1;1500;1;4.27
1;137500;20;1;2500;1;4.76
1;137500;20;1;3500;1;4.6
1;212500;3;0;50;1;4.65
1;212500;3;0;250;1;5.37
1;212500;3;0;750;1;5.29
1;212500;3;0;1500;1;5.17
1;212500;3;0;2500;1;4.4
1;212500;3;0;3500;1;5.13
1;212500;3;1;50;1;4.89
1;212500;3;1;250;1;4.94
1;212500;3;1;750;1;5.18
1;212500;3;1;1500;1;4.85
1;212500;3;1;2500;1;4.69
1;212500;3;1;3500;1;4.82
1;212500;6;0;50;1;5.04
1;212500;6;0;250;1;5.12
1;212500;6;0;750;1;5.3
1;212500;6;0;1500;1;5.03
1;212500;6;0;2500;1;4.59
1;212500;6;0;3500;1;4.95
1;212500;6;1;50;1;5.25
1;212500;6;1;250;1;4.49
1;212500;6;1;750;1;5.03
1;212500;6;1;1500;1;4.89
1;212500;6;1;2500;1;4.82
1;212500;6;1;3500;1;4.57
1;212500;10;0;50;1;4.89
1;212500;10;0;250;1;5.35
1;212500;10;0;750;1;4.94
1;212500;10;0;1500;1;4.94
1;212500;10;0;2500;1;5.08
1;212500;10;0;3500;1;4.59
1;212500;10;1;50;1;5.09
1;212500;10;1;250;1;5.17
1;212500;10;1;750;1;4.4
1;212500;10;1;1500;1;4.28
1;212500;10;1;2500;1;4.91
1;212500;10;1;3500;1;4.64
1;212500;14;0;50;1;5.22
1;212500;14;0;250;1;4.9
1;212500;14;0;750;1;4.48
1;212500;14;0;1500;1;5.05
1;212500;14;0;2500;1;4.74
1;212500;14;0;3500;1;4.94
1;212500;14;1;50;1;5.12
1;212500;14;1;250;1;5.28
1;212500;14;1;750;1;5.08
1;212500;14;1;1500;1;4.94
1;212500;14;1;2500;1;4.61
1;212500;14;1;3500;1;4.6
1;212500;20;0;50;1;4.96
1;212500;20;0;250;1;5.2
1;212500;20;0;750;1;5.19
1;212500;20;0;1500;1;4.97
1;212500;20;0;2500;1;4.86
1;212500;20;0;3500;1;4.62
1;212500;20;1;50;1;5.36
1;212500;20;1;250;1;4.69
1;212500;20;1;750;1;4.87
1;212500;20;1;1500;1;4.82
1;212500;20;1;2500;1;4.49
1;212500;20;1;3500;1;4.98
1;300000;3;0;50;1;4.69
1;300000;3;0;250;1;5.42
1;300000;3;0;750;1;5.04
1;300000;3;0;1500;1;4.8
1;300000;3;0;2500;1;4.19
1;300000;3;0;3500;1;4.64
1;300000;3;1;50;1;5.1
1;300000;3;1;250;1;4.9
1;300000;3;1;750;1;4.13
1;300000;3;1;1500;1;4.87
1;300000;3;1;2500;1;4.2
1;300000;3;1;3500;1;4.54
1;300000;6;0;50;1;5.35
1;300000;6;0;250;1;5.23
1;300000;6;0;750;1;5.06
1;300000;6;0;1500;1;5.12
1;300000;6;0;2500;1;5.15
1;300000;6;0;3500;1;4.75
1;300000;6;1;50;1;5.12
1;300000;6;1;250;1;4.85
1;300000;6;1;750;1;5.18
1;300000;6;1;1500;1;4.78
1;300000;6;1;2500;1;4.65
1;300000;6;1;3500;1;4.64
1;300000;10;0;50;1;5.07
1;300000;10;0;250;1;5.18
1;300000;10;0;750;1;5.13
1;300000;10;0;1500;1;4.38
1;300000;10;0;2500;1;5.05
1;300000;10;0;3500;1;4.97
1;300000;10;1;50;1;4.92
1;300000;10;1;250;1;5.32
1;300000;10;1;750;1;4.7
1;300000;10;1;1500;1;4.37
1;300000;10;1;2500;1;4.96
1;300000;10;1;3500;1;4.87
1;300000;14;0;50;1;5.07
1;300000;14;0;250;1;4.61
1;300000;14;0;750;1;5.41
1;300000;14;0;1500;1;5.24
1;300000;14;0;2500;1;4.71
1;300000;14;0;3500;1;4.29
1;300000;14;1;50;1;5.4
1;300000;14;1;250;1;4.95
1;300000;14;1;750;1;5.1
1;300000;14;1;1500;1;5.09
1;300000;14;1;2500;1;5.06
1;300000;14;1;3500;1;4.44
1;300000;20;0;50;1;5.15
1;300000;20;0;250;1;5.18
1;300000;20;0;750;1;5.28
1;300000;20;0;1500;1;4.44
1;300000;20;0;2500;1;5.03
1;300000;20;0;3500;1;4.94
1;300000;20;1;50;1;5.12
1;300000;20;1;250;1;5.17
1;300000;20;1;750;1;4.62
1;300000;20;1;1500;1;4.76
1;300000;20;1;2500;1;4.64
1;300000;20;1;3500;1;4.76
2;50;3;0;50;0;0.72
2;50;3;0;250;0;130.72
2;50;3;0;750;0;97.48
2;50;3;0;1500;0;65.04
2;50;3;0;2500;0;46.19
2;50;3;0;3500;0;42.34
2;50;3;1;50;0;130.26
2;50;3;1;250;0;105.02
2;50;3;1;750;0;84.71
2;50;3;1;1500;0;62.63
2;50;3;1;2500;0;44.12
2;50;3;1;3500;0;37.77
2;50;6;0;50;0;124.27
2;50;6;0;250;0;118.41
2;50;6;0;750;0;89.03
2;50;6;0;1500;0;59.65
2;50;6;0;2500;0;43.07
2;50;6;0;3500;0;38.06
2;50;6;1;50;0;119.66
2;50;6;1;250;0;112.15
2;50;6;1;750;0;83.52
2;50;6;1;1500;0;59.06
2;50;6;1;2500;0;42.52
2;50;6;1;3500;0;36.76
2;50;10;0;50;0;125.02
2;50;10;0;250;0;118.54
2;50;10;0;750;0;86.65
2;50;10;0;1500;0;58.99
2;50;10;0;2500;0;42.9
2;50;10;0;3500;0;37.5
2;50;10;1;50;0;118.53
2;50;10;1;250;0;115.09
2;50;10;1;750;0;82.71
2;50;10;1;1500;0;58.56
2;50;10;1;2500;0;42.83
2;50;10;1;3500;0;37.21
2;50;14;0;50;0;124.67
2;50;14;0;250;0;121.58
2;50;14;0;750;0;85.81
2;50;14;0;1500;0;62.04
2;50;14;0;2500;0;43.02
2;50;14;0;3500;0;37.4
2;50;14;1;50;0;99.95
2;50;14;1;250;0;116.53
2;50;14;1;750;0;83.99
2;50;14;1;1500;0;61.19
2;50;14;1;2500;0;42.75
2;50;14;1;3500;0;37.55
2;50;20;0;50;0;123.05
2;50;20;0;250;0;122.35
2;50;20;0;750;0;89.76
2;50;20;0;1500;0;62.17
2;50;20;0;2500;0;42.89
2;50;20;0;3500;0;37.7
2;50;20;1;50;0;118.83
2;50;20;1;250;0;110.91
2;50;20;1;750;0;83.88
2;50;20;1;1500;0;59.86
2;50;20;1;2500;0;43.31
2;50;20;1;3500;0;37.49
2;300;3;0;50;0;83.81
2;300;3;0;250;0;116.43
2;300;3;0;750;0;84.33
2;300;3;0;1500;0;57.78
2;300;3;0;2500;0;37.28
2;300;3;0;3500;0;35.42
2;300;3;1;50;0;110.12
2;300;3;1;250;0;112.13
2;300;3;1;750;0;88.6
2;300;3;1;1500;0;61.33
2;300;3;1;2500;0;43.39
2;300;3;1;3500;0;37.67
2;300;6;0;50;0;118.42
2;300;6;0;250;0;115.41
2;300;6;0;750;0;77.7
2;300;6;0;1500;0;50.99
2;300;6;0;2500;0;37.98
2;300;6;0;3500;0;36.67
2;300;6;1;50;0;116.41
2;300;6;1;250;0;114.99
2;300;6;1;750;0;84.48
2;300;6;1;1500;0;58.53
2;300;6;1;2500;0;42.38
2;300;6;1;3500;0;36.71
2;300;10;0;50;0;116.69
2;300;10;0;250;0;104.02
2;300;10;0;750;0;76.75
2;300;10;0;1500;0;58.76
2;300;10;0;2500;0;43.66
2;300;10;0;3500;0;37.69
2;300;10;1;50;0;109.95
2;300;10;1;250;0;105.64
2;300;10;1;750;0;78.72
2;300;10;1;1500;0;49.72
2;300;10;1;2500;0;38.92
2;300;10;1;3500;0;37.34
2;300;14;0;50;0;124.42
2;300;14;0;250;0;116.18
2;300;14;0;750;0;85.65
2;300;14;0;1500;0;58.92
2;300;14;0;2500;0;42.65
2;300;14;0;3500;0;37.55
2;300;14;1;50;0;111.84
2;300;14;1;250;0;105.2
2;300;14;1;750;0;79.68
2;300;14;1;1500;0;57.43
2;300;14;1;2500;0;39.94
2;300;14;1;3500;0;36.96
2;300;20;0;50;0;117.4
2;300;20;0;250;0;111.53
2;300;20;0;750;0;83.52
2;300;20;0;1500;0;58.23
2;300;20;0;2500;0;42.45
2;300;20;0;3500;0;36.97
2;300;20;1;50;0;108.87
2;300;20;1;250;0;104.48
2;300;20;1;750;0;79.08
2;300;20;1;1500;0;58.24
2;300;20;1;2500;0;41.88
2;300;20;1;3500;0;34.73
2;750;3;0;50;0;57.25
2;750;3;0;250;0;92.47
2;750;3;0;750;0;72.56
2;750;3;0;1500;0;55.9
2;750;3;0;2500;0;43.03
2;750;3;0;3500;0;38.57
2;750;3;1;50;0;86.03
2;750;3;1;250;0;96.91
2;750;3;1;750;0;78.01
2;750;3;1;1500;0;58.36
2;750;3;1;2500;0;39.96
2;750;3;1;3500;0;36.65
2;750;6;0;50;0;102.9
2;750;6;0;250;0;95.62
2;750;6;0;750;0;68.32
2;750;6;0;1500;0;57.08
2;750;6;0;2500;0;42.07
2;750;6;0;3500;0;36.77
2;750;6;1;50;0;98.16
2;750;6;1;250;0;89.76
2;750;6;1;750;0;65.16
2;750;6;1;1500;0;51.57
2;750;6;1;2500;0;39.27
2;750;6;1;3500;0;35.29
2;750;10;0;50;0;97.95
2;750;10;0;250;0;98.94
2;750;10;0;750;0;76.43
2;750;10;0;1500;0;55.07
2;750;10;0;2500;0;39.08
2;750;10;0;3500;0;35.75
2;750;10;1;50;0;92.6
2;750;10;1;250;0;95.57
2;750;10;1;750;0;75.38
2;750;10;1;1500;0;56.04
2;750;10;1;2500;0;38.92
2;750;10;1;3500;0;35.56
2;750;14;0;50;0;103.1
2;750;14;0;250;0;102.49
2;750;14;0;750;0;77.67
2;750;14;0;1500;0;56.06
2;750;14;0;2500;0;39.56
2;750;14;0;3500;0;35.46
2;750;14;1;50;0;95.83
2;750;14;1;250;0;96.44
2;750;14;1;750;0;75.98
2;750;14;1;1500;0;52.87
2;750;14;1;2500;0;39.22
2;750;14;1;3500;0;35.53
2;750;20;0;50;0;99.53
2;750;20;0;250;0;101.88
2;750;20;0;750;0;77.34
2;750;20;0;1500;0;55.49
2;750;20;0;2500;0;39.5
2;750;20;0;3500;0;35.86
2;750;20;1;50;0;92.53
2;750;20;1;250;0;93.21
2;750;20;1;750;0;75.47
2;750;20;1;1500;0;52.93
2;750;20;1;2500;0;38.86
2;750;20;1;3500;0;35.58
2;3000;3;0;50;0;39.15
2;3000;3;0;250;0;64.36
2;3000;3;0;750;0;56.64
2;3000;3;0;1500;0;46.63
2;3000;3;0;2500;0;35.55
2;3000;3;0;3500;0;30.8
2;3000;3;1;50;0;59.38
2;3000;3;1;250;0;61.94
2;3000;3;1;750;0;55.23
2;3000;3;1;1500;0;44.48
2;3000;3;1;2500;0;34.62
2;3000;3;1;3500;0;30.06
2;3000;6;0;50;0;59.14
2;3000;6;0;250;0;62.14
2;3000;6;0;750;0;55.71
2;3000;6;0;1500;0;45.41
2;3000;6;0;2500;0;32.92
2;3000;6;0;3500;0;31.13
2;3000;6;1;50;0;59.37
2;3000;6;1;250;0;59.84
2;3000;6;1;750;0;52.45
2;3000;6;1;1500;0;44.08
2;3000;6;1;2500;0;33.22
2;3000;6;1;3500;0;30.4
2;3000;10;0;50;0;59.61
2;3000;10;0;250;0;62.4
2;3000;10;0;750;0;56.58
2;3000;10;0;1500;0;44.35
2;3000;10;0;2500;0;33.15
2;3000;10;0;3500;0;30.55
2;3000;10;1;50;0;58.4
2;3000;10;1;250;0;58.65
2;3000;10;1;750;0;52.79
2;3000;10;1;1500;0;43.49
2;3000;10;1;2500;0;35.34
2;3000;10;1;3500;0;30.79
2;3000;14;0;50;0;59.3
2;3000;14;0;250;0;59.8
2;3000;14;0;750;0;53.23
2;3000;14;0;1500;0;46.53
2;3000;14;0;2500;0;35.59
2;3000;14;0;3500;0;30.67
2;3000;14;1;50;0;59.17
2;3000;14;1;250;0;59.56
2;3000;14;1;750;0;52.62
2;3000;14;1;1500;0;36.35
2;3000;14;1;2500;0;35.22
2;3000;14;1;3500;0;30.82
2;3000;20;0;50;0;63.15
2;3000;20;0;250;0;63.85
2;3000;20;0;750;0;56.03
2;3000;20;0;1500;0;45.22
2;3000;20;0;2500;0;35.26
2;3000;20;0;3500;0;31.17
2;3000;20;1;50;0;59.23
2;3000;20;1;250;0;59.03
2;3000;20;1;750;0;53.07
2;3000;20;1;1500;0;44.45
2;3000;20;1;2500;0;32.58
2;3000;20;1;3500;0;30.79
2;7500;3;0;50;0;19.08
2;7500;3;0;250;0;37.09
2;7500;3;0;750;0;34.41
2;7500;3;0;1500;0;29.55
2;7500;3;0;2500;0;23.48
2;7500;3;0;3500;0;23.81
2;7500;3;1;50;0;32.91
2;7500;3;1;250;0;33.04
2;7500;3;1;750;0;31.55
2;7500;3;1;1500;0;29.1
2;7500;3;1;2500;0;24.77
2;7500;3;1;3500;0;24.64
2;7500;6;0;50;0;35.08
2;7500;6;0;250;0;36.25
2;7500;6;0;750;0;33.31
2;7500;6;0;1500;0;31.05
2;7500;6;0;2500;0;27.39
2;7500;6;0;3500;0;25.46
2;7500;6;1;50;0;35.86
2;7500;6;1;250;0;35.21
2;7500;6;1;750;0;31.13
2;7500;6;1;1500;0;29.87
2;7500;6;1;2500;0;25.38
2;7500;6;1;3500;0;24.74
2;7500;10;0;50;0;36.27
2;7500;10;0;250;0;35.72
2;7500;10;0;750;0;34.93
2;7500;10;0;1500;0;31.13
2;7500;10;0;2500;0;27.88
2;7500;10;0;3500;0;25.32
2;7500;10;1;50;0;31.46
2;7500;10;1;250;0;29.65
2;7500;10;1;750;0;29.56
2;7500;10;1;1500;0;30.11
2;7500;10;1;2500;0;26.63
2;7500;10;1;3500;0;25.11
2;7500;14;0;50;0;37.41
2;7500;14;0;250;0;37.19
2;7500;14;0;750;0;32.12
2;7500;14;0;1500;0;31.5
2;7500;14;0;2500;0;26.5
2;7500;14;0;3500;0;25.13
2;7500;14;1;50;0;35.57
2;7500;14;1;250;0;32.55
2;7500;14;1;750;0;31.16
2;7500;14;1;1500;0;30.03
2;7500;14;1;2500;0;25.51
2;7500;14;1;3500;0;24.67
2;7500;20;0;50;0;36.01
2;7500;20;0;250;0;36.18
2;7500;20;0;750;0;32.61
2;7500;20;0;1500;0;29.92
2;7500;20;0;2500;0;27.07
2;7500;20;0;3500;0;24.13
2;7500;20;1;50;0;35.38
2;7500;20;1;250;0;35.33
2;7500;20;1;750;0;32.59
2;7500;20;1;1500;0;29.69
2;7500;20;1;2500;0;25.47
2;7500;20;1;3500;0;24.31
2;17500;3;0;50;0;9.82
2;17500;3;0;250;0;19.42
2;17500;3;0;750;0;17.72
2;17500;3;0;1500;0;17.07
2;17500;3;0;2500;0;16.17
2;17500;3;0;3500;0;15.73
2;17500;3;1;50;0;18.31
2;17500;3;1;250;0;18.32
2;17500;3;1;750;0;17.57
2;17500;3;1;1500;0;16.49
2;17500;3;1;2500;0;15.29
2;17500;3;1;3500;0;15.6
2;17500;6;0;50;0;17.66
2;17500;6;0;250;0;18.2
2;17500;6;0;750;0;18.19
2;17500;6;0;1500;0;16.72
2;17500;6;0;2500;0;16.44
2;17500;6;0;3500;0;14.89
2;17500;6;1;50;0;17.85
2;17500;6;1;250;0;18.34
2;17500;6;1;750;0;17.85
2;17500;6;1;1500;0;17.04
2;17500;6;1;2500;0;11.0
2;17500;6;1;3500;0;9.63
2;17500;10;0;50;0;16.96
2;17500;10;0;250;0;17.68
2;17500;10;0;750;0;18.42
2;17500;10;0;1500;0;18.61
2;17500;10;0;2500;0;16.64
2;17500;10;0;3500;0;15.47
2;17500;10;1;50;0;17.5
2;17500;10;1;250;0;18.16
2;17500;10;1;750;0;17.69
2;17500;10;1;1500;0;16.01
2;17500;10;1;2500;0;15.6
2;17500;10;1;3500;0;15.84
2;17500;14;0;50;0;18.58
2;17500;14;0;250;0;17.8
2;17500;14;0;750;0;17.81
2;17500;14;0;1500;0;17.12
2;17500;14;0;2500;0;15.31
2;17500;14;0;3500;0;15.45
2;17500;14;1;50;0;17.88
2;17500;14;1;250;0;18.16
2;17500;14;1;750;0;17.18
2;17500;14;1;1500;0;16.83
2;17500;14;1;2500;0;15.98
2;17500;14;1;3500;0;15.65
2;17500;20;0;50;0;18.54
2;17500;20;0;250;0;18.81
2;17500;20;0;750;0;18.06
2;17500;20;0;1500;0;16.6
2;17500;20;0;2500;0;16.64
2;17500;20;0;3500;0;15.71
2;17500;20;1;50;0;18.01
2;17500;20;1;250;0;18.34
2;17500;20;1;750;0;17.0
2;17500;20;1;1500;0;16.56
2;17500;20;1;2500;0;15.66
2;17500;20;1;3500;0;15.31
2;37500;3;0;50;0;3.67
2;37500;3;0;250;0;9.79
2;37500;3;0;750;0;9.46
2;37500;3;0;1500;0;9.53
2;37500;3;0;2500;0;7.98
2;37500;3;0;3500;0;8.4
2;37500;3;1;50;0;9.58
2;37500;3;1;250;0;10.06
2;37500;3;1;750;0;9.57
2;37500;3;1;1500;0;9.46
2;37500;3;1;2500;0;8.2
2;37500;3;1;3500;0;8.7
2;37500;6;0;50;0;9.72
2;37500;6;0;250;0;9.48
2;37500;6;0;750;0;9.84
2;37500;6;0;1500;0;9.36
2;37500;6;0;2500;0;8.9
2;37500;6;0;3500;0;8.77
2;37500;6;1;50;0;9.66
2;37500;6;1;250;0;9.4
2;37500;6;1;750;0;9.5
2;37500;6;1;1500;0;8.73
2;37500;6;1;2500;0;8.18
2;37500;6;1;3500;0;7.32
2;37500;10;0;50;0;6.1
2;37500;10;0;250;0;6.6
2;37500;10;0;750;0;8.15
2;37500;10;0;1500;0;7.97
2;37500;10;0;2500;0;6.46
2;37500;10;0;3500;0;6.34
2;37500;10;1;50;0;7.83
2;37500;10;1;250;0;8.32
2;37500;10;1;750;0;8.63
2;37500;10;1;1500;0;8.88
2;37500;10;1;2500;0;9.13
2;37500;10;1;3500;0;8.58
2;37500;14;0;50;0;9.92
2;37500;14;0;250;0;9.69
2;37500;14;0;750;0;9.32
2;37500;14;0;1500;0;8.75
2;37500;14;0;2500;0;8.6
2;37500;14;0;3500;0;8.52
2;37500;14;1;50;0;9.26
2;37500;14;1;250;0;9.51
2;37500;14;1;750;0;9.23
2;37500;14;1;1500;0;8.39
2;37500;14;1;2500;0;8.64
2;37500;14;1;3500;0;6.47
2;37500;20;0;50;0;9.38
2;37500;20;0;250;0;9.92
2;37500;20;0;750;0;8.82
2;37500;20;0;1500;0;9.16
2;37500;20;0;2500;0;8.67
2;37500;20;0;3500;0;8.94
2;37500;20;1;50;0;9.54
2;37500;20;1;250;0;9.63
2;37500;20;1;750;0;9.71
2;37500;20;1;1500;0;8.85
2;37500;20;1;2500;0;8.66
2;37500;20;1;3500;0;8.2
2;62500;3;0;50;0;2.72
2;62500;3;0;250;0;6.25
2;62500;3;0;750;0;4.9
2;62500;3;0;1500;0;5.75
2;62500;3;0;2500;0;5.25
2;62500;3;0;3500;0;4.91
2;62500;3;1;50;0;5.56
2;62500;3;1;250;0;5.37
2;62500;3;1;750;0;5.66
2;62500;3;1;1500;0;5.39
2;62500;3;1;2500;0;5.05
2;62500;3;1;3500;0;5.17
2;62500;6;0;50;0;5.04
2;62500;6;0;250;0;5.02
2;62500;6;0;750;0;5.34
2;62500;6;0;1500;0;5.27
2;62500;6;0;2500;0;5.54
2;62500;6;0;3500;0;5.77
2;62500;6;1;50;0;5.77
2;62500;6;1;250;0;6.24
2;62500;6;1;750;0;5.98
2;62500;6;1;1500;0;5.47
2;62500;6;1;2500;0;5.32
2;62500;6;1;3500;0;5.2
2;62500;10;0;50;0;5.85
2;62500;10;0;250;0;5.93
2;62500;10;0;750;0;5.73
2;62500;10;0;1500;0;5.5
2;62500;10;0;2500;0;5.46
2;62500;10;0;3500;0;5.41
2;62500;10;1;50;0;5.86
2;62500;10;1;250;0;5.58
2;62500;10;1;750;0;5.51
2;62500;10;1;1500;0;5.48
2;62500;10;1;2500;0;5.55
2;62500;10;1;3500;0;4.84
2;62500;14;0;50;0;6.1
2;62500;14;0;250;0;5.78
2;62500;14;0;750;0;5.56
2;62500;14;0;1500;0;5.36
2;62500;14;0;2500;0;5.48
2;62500;14;0;3500;0;5.03
2;62500;14;1;50;0;6.08
2;62500;14;1;250;0;5.6
2;62500;14;1;750;0;5.47
2;62500;14;1;1500;0;5.12
2;62500;14;1;2500;0;5.4
2;62500;14;1;3500;0;5.39
2;62500;20;0;50;0;5.22
2;62500;20;0;250;0;5.97
2;62500;20;0;750;0;5.48
2;62500;20;0;1500;0;5.15
2;62500;20;0;2500;0;5.14
2;62500;20;0;3500;0;5.27
2;62500;20;1;50;0;4.97
2;62500;20;1;250;0;5.73
2;62500;20;1;750;0;5.41
2;62500;20;1;1500;0;5.49
2;62500;20;1;2500;0;4.74
2;62500;20;1;3500;0;5.77
2;87500;3;0;50;0;2.53
2;87500;3;0;250;0;5.22
2;87500;3;0;750;0;3.82
2;87500;3;0;1500;0;4.38
2;87500;3;0;2500;0;3.83
2;87500;3;0;3500;0;3.97
2;87500;3;1;50;0;4.13
2;87500;3;1;250;0;4.33
2;87500;3;1;750;0;4.27
2;87500;3;1;1500;0;4.19
2;87500;3;1;2500;0;3.92
2;87500;3;1;3500;0;3.78
2;87500;6;0;50;0;4.03
2;87500;6;0;250;0;4.4
2;87500;6;0;750;0;4.33
2;87500;6;0;1500;0;4.12
2;87500;6;0;2500;0;4.05
2;87500;6;0;3500;0;4.08
2;87500;6;1;50;0;4.31
2;87500;6;1;250;0;4.35
2;87500;6;1;750;0;4.07
2;87500;6;1;1500;0;4.27
2;87500;6;1;2500;0;3.97
2;87500;6;1;3500;0;3.92
2;87500;10;0;50;0;4.17
2;87500;10;0;250;0;4.09
2;87500;10;0;750;0;4.23
2;87500;10;0;1500;0;4.19
2;87500;10;0;2500;0;3.91
2;87500;10;0;3500;0;4.17
2;87500;10;1;50;0;4.46
2;87500;10;1;250;0;3.75
2;87500;10;1;750;0;4.28
2;87500;10;1;1500;0;4.05
2;87500;10;1;2500;0;3.98
2;87500;10;1;3500;0;3.84
2;87500;14;0;50;0;4.15
2;87500;14;0;250;0;4.56
2;87500;14;0;750;0;4.32
2;87500;14;0;1500;0;3.92
2;87500;14;0;2500;0;4.37
2;87500;14;0;3500;0;3.75
2;87500;14;1;50;0;4.63
2;87500;14;1;250;0;4.01
2;87500;14;1;750;0;4.21
2;87500;14;1;1500;0;4.09
2;87500;14;1;2500;0;4.05
2;87500;14;1;3500;0;3.85
2;87500;20;0;50;0;4.22
2;87500;20;0;250;0;4.21
2;87500;20;0;750;0;4.34
2;87500;20;0;1500;0;3.88
2;87500;20;0;2500;0;4.21
2;87500;20;0;3500;0;3.79
2;87500;20;1;50;0;4.41
2;87500;20;1;250;0;3.7
2;87500;20;1;750;0;4.25
2;87500;20;1;1500;0;3.95
2;87500;20;1;2500;0;3.73
2;87500;20;1;3500;0;3.85
2;137500;3;0;50;0;3.19
2;137500;3;0;250;0;4.05
2;137500;3;0;750;0;3.7
2;137500;3;0;1500;0;3.54
2;137500;3;0;2500;0;3.86
2;137500;3;0;3500;0;3.44
2;137500;3;1;50;0;4.05
2;137500;3;1;250;0;3.65
2;137500;3;1;750;0;3.49
2;137500;3;1;1500;0;3.28
2;137500;3;1;2500;0;3.23
2;137500;3;1;3500;0;3.36
2;137500;6;0;50;0;3.7
2;137500;6;0;250;0;3.64
2;137500;6;0;750;0;3.68
2;137500;6;0;1500;0;3.75
2;137500;6;0;2500;0;3.8
2;137500;6;0;3500;0;3.85
2;137500;6;1;50;0;3.45
2;137500;6;1;250;0;3.69
2;137500;6;1;750;0;3.59
2;137500;6;1;1500;0;3.64
2;137500;6;1;2500;0;3.55
2;137500;6;1;3500;0;3.55
2;137500;10;0;50;0;3.72
2;137500;10;0;250;0;3.72
2;137500;10;0;750;0;3.79
2;137500;10;0;1500;0;3.86
2;137500;10;0;2500;0;3.55
2;137500;10;0;3500;0;3.69
2;137500;10;1;50;0;3.71
2;137500;10;1;250;0;3.8
2;137500;10;1;750;0;3.31
2;137500;10;1;1500;0;3.64
2;137500;10;1;2500;0;3.56
2;137500;10;1;3500;0;3.64
2;137500;14;0;50;0;3.62
2;137500;14;0;250;0;3.51
2;137500;14;0;750;0;3.85
2;137500;14;0;1500;0;3.74
2;137500;14;0;2500;0;3.69
2;137500;14;0;3500;0;3.6
2;137500;14;1;50;0;3.66
2;137500;14;1;250;0;3.59
2;137500;14;1;750;0;3.59
2;137500;14;1;1500;0;3.88
2;137500;14;1;2500;0;3.13
2;137500;14;1;3500;0;3.35
2;137500;20;0;50;0;3.8
2;137500;20;0;250;0;3.71
2;137500;20;0;750;0;3.64
2;137500;20;0;1500;0;3.59
2;137500;20;0;2500;0;3.69
2;137500;20;0;3500;0;3.85
2;137500;20;1;50;0;3.71
2;137500;20;1;250;0;3.81
2;137500;20;1;750;0;3.82
2;137500;20;1;1500;0;3.67
2;137500;20;1;2500;0;3.29
2;137500;20;1;3500;0;3.42
2;212500;3;0;50;0;3.66
2;212500;3;0;250;0;3.79
2;212500;3;0;750;0;3.64
2;212500;3;0;1500;0;3.48
2;212500;3;0;2500;0;3.45
2;212500;3;0;3500;0;3.78
2;212500;3;1;50;0;3.85
2;212500;3;1;250;0;3.5
2;212500;3;1;750;0;3.6
2;212500;3;1;1500;0;3.65
2;212500;3;1;2500;0;3.4
2;212500;3;1;3500;0;3.43
2;212500;6;0;50;0;3.37
2;212500;6;0;250;0;4.21
2;212500;6;0;750;0;3.74
2;212500;6;0;1500;0;3.64
2;212500;6;0;2500;0;3.87
2;212500;6;0;3500;0;3.4
2;212500;6;1;50;0;3.83
2;212500;6;1;250;0;3.13
2;212500;6;1;750;0;3.65
2;212500;6;1;1500;0;2.59
2;212500;6;1;2500;0;5.7
2;212500;6;1;3500;0;3.61
2;212500;10;0;50;0;3.86
2;212500;10;0;250;0;3.78
2;212500;10;0;750;0;3.46
2;212500;10;0;1500;0;3.73
2;212500;10;0;2500;0;3.29
2;212500;10;0;3500;0;3.4
2;212500;10;1;50;0;3.79
2;212500;10;1;250;0;3.93
2;212500;10;1;750;0;3.61
2;212500;10;1;1500;0;3.47
2;212500;10;1;2500;0;3.47
2;212500;10;1;3500;0;3.65
2;212500;14;0;50;0;3.76
2;212500;14;0;250;0;3.62
2;212500;14;0;750;0;3.61
2;212500;14;0;1500;0;3.83
2;212500;14;0;2500;0;3.75
2;212500;14;0;3500;0;3.22
2;212500;14;1;50;0;3.9
2;212500;14;1;250;0;3.67
2;212500;14;1;750;0;3.59
2;212500;14;1;1500;0;3.67
2;212500;14;1;2500;0;3.6
2;212500;14;1;3500;0;3.67
2;212500;20;0;50;0;3.67
2;212500;20;0;250;0;3.86
2;212500;20;0;750;0;3.73
2;212500;20;0;1500;0;3.29
2;212500;20;0;2500;0;3.84
2;212500;20;0;3500;0;3.82
2;212500;20;1;50;0;3.71
2;212500;20;1;250;0;3.55
2;212500;20;1;750;0;3.48
2;212500;20;1;1500;0;3.88
2;212500;20;1;2500;0;3.47
2;212500;20;1;3500;0;3.44
2;300000;3;0;50;0;3.58
2;300000;3;0;250;0;3.95
2;300000;3;0;750;0;3.47
2;300000;3;0;1500;0;3.85
2;300000;3;0;2500;0;3.61
2;300000;3;0;3500;0;3.57
2;300000;3;1;50;0;3.51
2;300000;3;1;250;0;3.79
2;300000;3;1;750;0;3.47
2;300000;3;1;1500;0;3.43
2;300000;3;1;2500;0;3.73
2;300000;3;1;3500;0;3.51
2;300000;6;0;50;0;3.74
2;300000;6;0;250;0;3.81
2;300000;6;0;750;0;3.7
2;300000;6;0;1500;0;3.35
2;300000;6;0;2500;0;3.87
2;300000;6;0;3500;0;3.78
2;300000;6;1;50;0;3.62
2;300000;6;1;250;0;3.85
2;300000;6;1;750;0;3.86
2;300000;6;1;1500;0;3.28
2;300000;6;1;2500;0;3.76
2;300000;6;1;3500;0;3.36
2;300000;10;0;50;0;3.7
2;300000;10;0;250;0;4.0
2;300000;10;0;750;0;3.7
2;300000;10;0;1500;0;4.06
2;300000;10;0;2500;0;3.33
2;300000;10;0;3500;0;3.39
2;300000;10;1;50;0;3.84
2;300000;10;1;250;0;3.67
2;300000;10;1;750;0;3.82
2;300000;10;1;1500;0;3.69
2;300000;10;1;2500;0;3.24
2;300000;10;1;3500;0;3.87
2;300000;14;0;50;0;3.7
2;300000;14;0;250;0;4.07
2;300000;14;0;750;0;3.8
2;300000;14;0;1500;0;3.5
2;300000;14;0;2500;0;3.66
2;300000;14;0;3500;0;3.67
2;300000;14;1;50;0;3.35
2;300000;14;1;250;0;3.92
2;300000;14;1;750;0;3.77
2;300000;14;1;1500;0;3.76
2;300000;14;1;2500;0;3.58
2;300000;14;1;3500;0;3.6
2;300000;20;0;50;0;3.63
2;300000;20;0;250;0;3.81
2;300000;20;0;750;0;3.79
2;300000;20;0;1500;0;3.51
2;300000;20;0;2500;0;3.8
2;300000;20;0;3500;0;3.47
2;300000;20;1;50;0;3.64
2;300000;20;1;250;0;3.91
2;300000;20;1;750;0;3.59
2;300000;20;1;1500;0;3.51
2;300000;20;1;2500;0;3.49
2;300000;20;1;3500;0;3.45
2;50;3;0;50;1;0.76
2;50;3;0;250;1;52.13
2;50;3;0;750;1;53.25
2;50;3;0;1500;1;62.23
2;50;3;0;2500;1;45.27
2;50;3;0;3500;1;41.69
2;50;3;1;50;1;94.56
2;50;3;1;250;1;96.76
2;50;3;1;750;1;78.82
2;50;3;1;1500;1;61.33
2;50;3;1;2500;1;43.07
2;50;3;1;3500;1;37.9
2;50;6;0;50;1;123.37
2;50;6;0;250;1;123.85
2;50;6;0;750;1;89.56
2;50;6;0;1500;1;63.06
2;50;6;0;2500;1;45.29
2;50;6;0;3500;1;37.77
2;50;6;1;50;1;117.92
2;50;6;1;250;1;117.66
2;50;6;1;750;1;87.91
2;50;6;1;1500;1;60.84
2;50;6;1;2500;1;43.92
2;50;6;1;3500;1;37.94
2;50;10;0;50;1;126.59
2;50;10;0;250;1;123.47
2;50;10;0;750;1;89.46
2;50;10;0;1500;1;63.04
2;50;10;0;2500;1;44.2
2;50;10;0;3500;1;38.34
2;50;10;1;50;1;119.08
2;50;10;1;250;1;116.05
2;50;10;1;750;1;84.96
2;50;10;1;1500;1;62.61
2;50;10;1;2500;1;43.54
2;50;10;1;3500;1;37.52
2;50;14;0;50;1;123.55
2;50;14;0;250;1;119.32
2;50;14;0;750;1;88.6
2;50;14;0;1500;1;62.45
2;50;14;0;2500;1;43.9
2;50;14;0;3500;1;37.57
2;50;14;1;50;1;121.97
2;50;14;1;250;1;117.53
2;50;14;1;750;1;85.43
2;50;14;1;1500;1;61.9
2;50;14;1;2500;1;43.52
2;50;14;1;3500;1;37.63
2;50;20;0;50;1;130.08
2;50;20;0;250;1;118.25
2;50;20;0;750;1;88.69
2;50;20;0;1500;1;62.17
2;50;20;0;2500;1;43.75
2;50;20;0;3500;1;38.08
2;50;20;1;50;1;119.53
2;50;20;1;250;1;112.92
2;50;20;1;750;1;84.81
2;50;20;1;1500;1;59.54
2;50;20;1;2500;1;43.32
2;50;20;1;3500;1;37.72
2;300;3;0;50;1;85.52
2;300;3;0;250;1;118.5
2;300;3;0;750;1;85.89
2;300;3;0;1500;1;61.59
2;300;3;0;2500;1;43.43
2;300;3;0;3500;1;38.07
2;300;3;1;50;1;115.64
2;300;3;1;250;1;109.53
2;300;3;1;750;1;83.12
2;300;3;1;1500;1;58.66
2;300;3;1;2500;1;43.03
2;300;3;1;3500;1;37.62
2;300;6;0;50;1;118.09
2;300;6;0;250;1;112.19
2;300;6;0;750;1;85.21
2;300;6;0;1500;1;59.85
2;300;6;0;2500;1;43.87
2;300;6;0;3500;1;37.66
2;300;6;1;50;1;112.51
2;300;6;1;250;1;112.35
2;300;6;1;750;1;86.09
2;300;6;1;1500;1;61.94
2;300;6;1;2500;1;43.02
2;300;6;1;3500;1;37.17
2;300;10;0;50;1;118.01
2;300;10;0;250;1;117.65
2;300;10;0;750;1;85.79
2;300;10;0;1500;1;61.69
2;300;10;0;2500;1;43.93
2;300;10;0;3500;1;37.46
2;300;10;1;50;1;110.24
2;300;10;1;250;1;111.8
2;300;10;1;750;1;83.26
2;300;10;1;1500;1;58.95
2;300;10;1;2500;1;43.53
2;300;10;1;3500;1;37.38
2;300;14;0;50;1;119.0
2;300;14;0;250;1;115.71
2;300;14;0;750;1;86.44
2;300;14;0;1500;1;62.76
2;300;14;0;2500;1;44.47
2;300;14;0;3500;1;37.99
2;300;14;1;50;1;112.76
2;300;14;1;250;1;109.33
2;300;14;1;750;1;82.55
2;300;14;1;1500;1;58.93
2;300;14;1;2500;1;43.1
2;300;14;1;3500;1;37.54
2;300;20;0;50;1;116.6
2;300;20;0;250;1;116.06
2;300;20;0;750;1;88.08
2;300;20;0;1500;1;59.14
2;300;20;0;2500;1;43.66
2;300;20;0;3500;1;37.77
2;300;20;1;50;1;115.8
2;300;20;1;250;1;110.98
2;300;20;1;750;1;83.27
2;300;20;1;1500;1;59.67
2;300;20;1;2500;1;42.99
2;300;20;1;3500;1;37.45
2;750;3;0;50;1;78.24
2;750;3;0;250;1;109.58
2;750;3;0;750;1;81.41
2;750;3;0;1500;1;57.41
2;750;3;0;2500;1;42.23
2;750;3;0;3500;1;37.04
2;750;3;1;50;1;104.62
2;750;3;1;250;1;104.33
2;750;3;1;750;1;78.83
2;750;3;1;1500;1;56.43
2;750;3;1;2500;1;41.92
2;750;3;1;3500;1;36.5
2;750;6;0;50;1;106.66
2;750;6;0;250;1;108.9
2;750;6;0;750;1;79.76
2;750;6;0;1500;1;56.8
2;750;6;0;2500;1;41.66
2;750;6;0;3500;1;36.87
2;750;6;1;50;1;105.57
2;750;6;1;250;1;102.47
2;750;6;1;750;1;76.21
2;750;6;1;1500;1;56.16
2;750;6;1;2500;1;41.61
2;750;6;1;3500;1;36.3
2;750;10;0;50;1;106.36
2;750;10;0;250;1;105.45
2;750;10;0;750;1;79.31
2;750;10;0;1500;1;57.51
2;750;10;0;2500;1;41.94
2;750;10;0;3500;1;36.79
2;750;10;1;50;1;103.76
2;750;10;1;250;1;104.01
2;750;10;1;750;1;78.09
2;750;10;1;1500;1;56.29
2;750;10;1;2500;1;41.96
2;750;10;1;3500;1;36.71
2;750;14;0;50;1;109.72
2;750;14;0;250;1;109.88
2;750;14;0;750;1;78.76
2;750;14;0;1500;1;57.82
2;750;14;0;2500;1;41.91
2;750;14;0;3500;1;36.85
2;750;14;1;50;1;99.85
2;750;14;1;250;1;102.01
2;750;14;1;750;1;78.0
2;750;14;1;1500;1;57.65
2;750;14;1;2500;1;39.08
2;750;14;1;3500;1;36.52
2;750;20;0;50;1;109.2
2;750;20;0;250;1;109.32
2;750;20;0;750;1;81.9
2;750;20;0;1500;1;54.64
2;750;20;0;2500;1;39.26
2;750;20;0;3500;1;36.06
2;750;20;1;50;1;102.58
2;750;20;1;250;1;102.38
2;750;20;1;750;1;77.69
2;750;20;1;1500;1;56.97
2;750;20;1;2500;1;41.65
2;750;20;1;3500;1;36.24
2;3000;3;0;50;1;45.62
2;3000;3;0;250;1;77.22
2;3000;3;0;750;1;65.62
2;3000;3;0;1500;1;49.91
2;3000;3;0;2500;1;36.82
2;3000;3;0;3500;1;32.24
2;3000;3;1;50;1;70.77
2;3000;3;1;250;1;71.73
2;3000;3;1;750;1;63.27
2;3000;3;1;1500;1;46.1
2;3000;3;1;2500;1;35.92
2;3000;3;1;3500;1;31.89
2;3000;6;0;50;1;72.84
2;3000;6;0;250;1;72.98
2;3000;6;0;750;1;63.57
2;3000;6;0;1500;1;48.98
2;3000;6;0;2500;1;37.1
2;3000;6;0;3500;1;32.08
2;3000;6;1;50;1;69.69
2;3000;6;1;250;1;70.61
2;3000;6;1;750;1;62.66
2;3000;6;1;1500;1;46.21
2;3000;6;1;2500;1;36.36
2;3000;6;1;3500;1;31.97
2;3000;10;0;50;1;72.45
2;3000;10;0;250;1;72.97
2;3000;10;0;750;1;63.96
2;3000;10;0;1500;1;49.35
2;3000;10;0;2500;1;36.69
2;3000;10;0;3500;1;33.17
2;3000;10;1;50;1;68.93
2;3000;10;1;250;1;71.93
2;3000;10;1;750;1;62.2
2;3000;10;1;1500;1;48.39
2;3000;10;1;2500;1;36.47
2;3000;10;1;3500;1;32.78
2;3000;14;0;50;1;71.2
2;3000;14;0;250;1;74.76
2;3000;14;0;750;1;63.54
2;3000;14;0;1500;1;48.69
2;3000;14;0;2500;1;36.84
2;3000;14;0;3500;1;32.08
2;3000;14;1;50;1;71.71
2;3000;14;1;250;1;70.86
2;3000;14;1;750;1;64.1
2;3000;14;1;1500;1;48.24
2;3000;14;1;2500;1;36.05
2;3000;14;1;3500;1;31.48
2;3000;20;0;50;1;76.01
2;3000;20;0;250;1;76.25
2;3000;20;0;750;1;62.68
2;3000;20;0;1500;1;46.59
2;3000;20;0;2500;1;37.29
2;3000;20;0;3500;1;32.15
2;3000;20;1;50;1;71.05
2;3000;20;1;250;1;71.51
2;3000;20;1;750;1;63.35
2;3000;20;1;1500;1;43.85
2;3000;20;1;2500;1;35.21
2;3000;20;1;3500;1;31.16
2;7500;3;0;50;1;18.79
2;7500;3;0;250;1;42.26
2;7500;3;0;750;1;39.73
2;7500;3;0;1500;1;37.64
2;7500;3;0;2500;1;33.07
2;7500;3;0;3500;1;30.29
2;7500;3;1;50;1;44.82
2;7500;3;1;250;1;45.28
2;7500;3;1;750;1;42.29
2;7500;3;1;1500;1;36.88
2;7500;3;1;2500;1;29.53
2;7500;3;1;3500;1;28.11
2;7500;6;0;50;1;45.15
2;7500;6;0;250;1;44.0
2;7500;6;0;750;1;41.32
2;7500;6;0;1500;1;35.57
2;7500;6;0;2500;1;30.34
2;7500;6;0;3500;1;28.24
2;7500;6;1;50;1;42.6
2;7500;6;1;250;1;43.45
2;7500;6;1;750;1;41.77
2;7500;6;1;1500;1;35.81
2;7500;6;1;2500;1;30.05
2;7500;6;1;3500;1;28.76
2;7500;10;0;50;1;43.96
2;7500;10;0;250;1;44.97
2;7500;10;0;750;1;42.43
2;7500;10;0;1500;1;32.47
2;7500;10;0;2500;1;28.69
2;7500;10;0;3500;1;26.08
2;7500;10;1;50;1;43.57
2;7500;10;1;250;1;44.38
2;7500;10;1;750;1;41.43
2;7500;10;1;1500;1;35.85
2;7500;10;1;2500;1;29.35
2;7500;10;1;3500;1;26.5
2;7500;14;0;50;1;44.61
2;7500;14;0;250;1;45.04
2;7500;14;0;750;1;41.94
2;7500;14;0;1500;1;36.76
2;7500;14;0;2500;1;30.64
2;7500;14;0;3500;1;27.94
2;7500;14;1;50;1;44.21
2;7500;14;1;250;1;43.27
2;7500;14;1;750;1;39.78
2;7500;14;1;1500;1;35.88
2;7500;14;1;2500;1;29.97
2;7500;14;1;3500;1;27.97
2;7500;20;0;50;1;44.95
2;7500;20;0;250;1;45.91
2;7500;20;0;750;1;39.44
2;7500;20;0;1500;1;36.41
2;7500;20;0;2500;1;30.58
2;7500;20;0;3500;1;25.99
2;7500;20;1;50;1;43.46
2;7500;20;1;250;1;44.29
2;7500;20;1;750;1;41.74
2;7500;20;1;1500;1;35.51
2;7500;20;1;2500;1;29.51
2;7500;20;1;3500;1;25.94
2;17500;3;0;50;1;10.49
2;17500;3;0;250;1;25.33
2;17500;3;0;750;1;24.34
2;17500;3;0;1500;1;23.0
2;17500;3;0;2500;1;18.71
2;17500;3;0;3500;1;18.57
2;17500;3;1;50;1;24.33
2;17500;3;1;250;1;23.84
2;17500;3;1;750;1;21.85
2;17500;3;1;1500;1;21.39
2;17500;3;1;2500;1;18.91
2;17500;3;1;3500;1;18.46
2;17500;6;0;50;1;24.13
2;17500;6;0;250;1;24.22
2;17500;6;0;750;1;22.95
2;17500;6;0;1500;1;22.13
2;17500;6;0;2500;1;19.2
2;17500;6;0;3500;1;18.6
2;17500;6;1;50;1;24.27
2;17500;6;1;250;1;23.91
2;17500;6;1;750;1;23.19
2;17500;6;1;1500;1;21.9
2;17500;6;1;2500;1;18.86
2;17500;6;1;3500;1;18.62
2;17500;10;0;50;1;23.92
2;17500;10;0;250;1;23.6
2;17500;10;0;750;1;23.54
2;17500;10;0;1500;1;21.35
2;17500;10;0;2500;1;18.49
2;17500;10;0;3500;1;18.64
2;17500;10;1;50;1;24.21
2;17500;10;1;250;1;24.45
2;17500;10;1;750;1;23.36
2;17500;10;1;1500;1;20.95
2;17500;10;1;2500;1;19.36
2;17500;10;1;3500;1;18.4
2;17500;14;0;50;1;24.5
2;17500;14;0;250;1;24.31
2;17500;14;0;750;1;23.86
2;17500;14;0;1500;1;21.68
2;17500;14;0;2500;1;19.26
2;17500;14;0;3500;1;19.14
2;17500;14;1;50;1;24.46
2;17500;14;1;250;1;23.76
2;17500;14;1;750;1;22.42
2;17500;14;1;1500;1;22.08
2;17500;14;1;2500;1;18.38
2;17500;14;1;3500;1;18.21
2;17500;20;0;50;1;24.25
2;17500;20;0;250;1;24.06
2;17500;20;0;750;1;23.81
2;17500;20;0;1500;1;22.16
2;17500;20;0;2500;1;20.55
2;17500;20;0;3500;1;18.32
2;17500;20;1;50;1;24.19
2;17500;20;1;250;1;23.86
2;17500;20;1;750;1;22.79
2;17500;20;1;1500;1;22.0
2;17500;20;1;2500;1;18.64
2;17500;20;1;3500;1;17.84
2;37500;3;0;50;1;4.29
2;37500;3;0;250;1;12.21
2;37500;3;0;750;1;12.15
2;37500;3;0;1500;1;11.64
2;37500;3;0;2500;1;10.99
2;37500;3;0;3500;1;11.44
2;37500;3;1;50;1;12.54
2;37500;3;1;250;1;13.04
2;37500;3;1;750;1;12.38
2;37500;3;1;1500;1;11.94
2;37500;3;1;2500;1;11.17
2;37500;3;1;3500;1;10.83
2;37500;6;0;50;1;12.4
2;37500;6;0;250;1;12.34
2;37500;6;0;750;1;12.28
2;37500;6;0;1500;1;11.1
2;37500;6;0;2500;1;11.1
2;37500;6;0;3500;1;11.11
2;37500;6;1;50;1;12.43
2;37500;6;1;250;1;12.32
2;37500;6;1;750;1;11.75
2;37500;6;1;1500;1;11.2
2;37500;6;1;2500;1;11.91
2;37500;6;1;3500;1;10.89
2;37500;10;0;50;1;12.6
2;37500;10;0;250;1;12.11
2;37500;10;0;750;1;11.8
2;37500;10;0;1500;1;11.73
2;37500;10;0;2500;1;11.12
2;37500;10;0;3500;1;11.18
2;37500;10;1;50;1;12.1
2;37500;10;1;250;1;12.59
2;37500;10;1;750;1;12.04
2;37500;10;1;1500;1;11.21
2;37500;10;1;2500;1;11.35
2;37500;10;1;3500;1;10.2
2;37500;14;0;50;1;12.18
2;37500;14;0;250;1;11.25
2;37500;14;0;750;1;11.99
2;37500;14;0;1500;1;9.98
2;37500;14;0;2500;1;2.98
2;37500;14;0;3500;1;9.93
2;37500;14;1;50;1;11.95
2;37500;14;1;250;1;12.42
2;37500;14;1;750;1;12.75
2;37500;14;1;1500;1;12.24
2;37500;14;1;2500;1;11.79
2;37500;14;1;3500;1;11.29
2;37500;20;0;50;1;12.56
2;37500;20;0;250;1;11.85
2;37500;20;0;750;1;13.07
2;37500;20;0;1500;1;11.56
2;37500;20;0;2500;1;11.12
2;37500;20;0;3500;1;11.06
2;37500;20;1;50;1;12.71
2;37500;20;1;250;1;12.41
2;37500;20;1;750;1;12.07
2;37500;20;1;1500;1;11.5
2;37500;20;1;2500;1;10.76
2;37500;20;1;3500;1;11.12
2;62500;3;0;50;1;2.94
2;62500;3;0;250;1;8.42
2;62500;3;0;750;1;8.61
2;62500;3;0;1500;1;8.5
2;62500;3;0;2500;1;8.04
2;62500;3;0;3500;1;6.45
2;62500;3;1;50;1;6.62
2;62500;3;1;250;1;7.92
2;62500;3;1;750;1;8.3
2;62500;3;1;1500;1;7.91
2;62500;3;1;2500;1;7.61
2;62500;3;1;3500;1;6.56
2;62500;6;0;50;1;8.24
2;62500;6;0;250;1;8.12
2;62500;6;0;750;1;7.87
2;62500;6;0;1500;1;7.94
2;62500;6;0;2500;1;6.48
2;62500;6;0;3500;1;7.9
2;62500;6;1;50;1;8.37
2;62500;6;1;250;1;7.84
2;62500;6;1;750;1;8.35
2;62500;6;1;1500;1;6.17
2;62500;6;1;2500;1;7.91
2;62500;6;1;3500;1;6.54
2;62500;10;0;50;1;8.09
2;62500;10;0;250;1;6.45
2;62500;10;0;750;1;6.22
2;62500;10;0;1500;1;6.56
2;62500;10;0;2500;1;6.14
2;62500;10;0;3500;1;7.38
2;62500;10;1;50;1;8.57
2;62500;10;1;250;1;8.48
2;62500;10;1;750;1;8.42
2;62500;10;1;1500;1;7.81
2;62500;10;1;2500;1;5.89
2;62500;10;1;3500;1;6.17
2;62500;14;0;50;1;8.56
2;62500;14;0;250;1;8.61
2;62500;14;0;750;1;6.4
2;62500;14;0;1500;1;6.33
2;62500;14;0;2500;1;6.55
2;62500;14;0;3500;1;8.07
2;62500;14;1;50;1;8.46
2;62500;14;1;250;1;7.68
2;62500;14;1;750;1;8.17
2;62500;14;1;1500;1;8.0
2;62500;14;1;2500;1;6.64
2;62500;14;1;3500;1;6.41
2;62500;20;0;50;1;6.41
2;62500;20;0;250;1;8.44
2;62500;20;0;750;1;8.39
2;62500;20;0;1500;1;8.52
2;62500;20;0;2500;1;7.67
2;62500;20;0;3500;1;7.92
2;62500;20;1;50;1;8.14
2;62500;20;1;250;1;6.35
2;62500;20;1;750;1;6.26
2;62500;20;1;1500;1;8.05
2;62500;20;1;2500;1;7.55
2;62500;20;1;3500;1;6.54
2;87500;3;0;50;1;2.67
2;87500;3;0;250;1;6.98
2;87500;3;0;750;1;5.94
2;87500;3;0;1500;1;5.53
2;87500;3;0;2500;1;5.45
2;87500;3;0;3500;1;5.35
2;87500;3;1;50;1;5.75
2;87500;3;1;250;1;5.51
2;87500;3;1;750;1;5.84
2;87500;3;1;1500;1;5.45
2;87500;3;1;2500;1;5.1
2;87500;3;1;3500;1;5.54
2;87500;6;0;50;1;5.55
2;87500;6;0;250;1;5.65
2;87500;6;0;750;1;5.57
2;87500;6;0;1500;1;5.5
2;87500;6;0;2500;1;5.38
2;87500;6;0;3500;1;5.64
2;87500;6;1;50;1;5.67
2;87500;6;1;250;1;5.85
2;87500;6;1;750;1;4.79
2;87500;6;1;1500;1;5.18
2;87500;6;1;2500;1;5.3
2;87500;6;1;3500;1;5.5
2;87500;10;0;50;1;5.63
2;87500;10;0;250;1;5.97
2;87500;10;0;750;1;5.34
2;87500;10;0;1500;1;5.31
2;87500;10;0;2500;1;5.56
2;87500;10;0;3500;1;5.12
2;87500;10;1;50;1;5.96
2;87500;10;1;250;1;5.52
2;87500;10;1;750;1;5.68
2;87500;10;1;1500;1;4.76
2;87500;10;1;2500;1;4.66
2;87500;10;1;3500;1;4.92
2;87500;14;0;50;1;5.58
2;87500;14;0;250;1;5.73
2;87500;14;0;750;1;5.74
2;87500;14;0;1500;1;5.75
2;87500;14;0;2500;1;5.0
2;87500;14;0;3500;1;5.01
2;87500;14;1;50;1;5.82
2;87500;14;1;250;1;6.16
2;87500;14;1;750;1;5.94
2;87500;14;1;1500;1;5.63
2;87500;14;1;2500;1;5.26
2;87500;14;1;3500;1;5.21
2;87500;20;0;50;1;4.77
2;87500;20;0;250;1;6.15
2;87500;20;0;750;1;5.66
2;87500;20;0;1500;1;5.74
2;87500;20;0;2500;1;5.58
2;87500;20;0;3500;1;4.26
2;87500;20;1;50;1;5.55
2;87500;20;1;250;1;5.63
2;87500;20;1;750;1;5.81
2;87500;20;1;1500;1;5.54
2;87500;20;1;2500;1;5.12
2;87500;20;1;3500;1;5.18
2;137500;3;0;50;1;3.34
2;137500;3;0;250;1;5.62
2;137500;3;0;750;1;5.31
2;137500;3;0;1500;1;4.57
2;137500;3;0;2500;1;4.73
2;137500;3;0;3500;1;4.76
2;137500;3;1;50;1;5.07
2;137500;3;1;250;1;5.4
2;137500;3;1;750;1;4.61
2;137500;3;1;1500;1;4.8
2;137500;3;1;2500;1;4.57
2;137500;3;1;3500;1;4.93
2;137500;6;0;50;1;4.73
2;137500;6;0;250;1;5.2
2;137500;6;0;750;1;4.87
2;137500;6;0;1500;1;4.78
2;137500;6;0;2500;1;5.01
2;137500;6;0;3500;1;4.65
2;137500;6;1;50;1;5.08
2;137500;6;1;250;1;4.65
2;137500;6;1;750;1;4.83
2;137500;6;1;1500;1;4.81
2;137500;6;1;2500;1;4.53
2;137500;6;1;3500;1;4.36
2;137500;10;0;50;1;4.72
2;137500;10;0;250;1;4.81
2;137500;10;0;750;1;4.7
2;137500;10;0;1500;1;4.59
2;137500;10;0;2500;1;4.79
2;137500;10;0;3500;1;4.47
2;137500;10;1;50;1;5.03
2;137500;10;1;250;1;4.99
2;137500;10;1;750;1;5.76
2;137500;10;1;1500;1;4.83
2;137500;10;1;2500;1;4.7
2;137500;10;1;3500;1;4.54
2;137500;14;0;50;1;4.58
2;137500;14;0;250;1;5.56
2;137500;14;0;750;1;4.95
2;137500;14;0;1500;1;5.07
2;137500;14;0;2500;1;4.73
2;137500;14;0;3500;1;4.49
2;137500;14;1;50;1;5.36
2;137500;14;1;250;1;5.17
2;137500;14;1;750;1;4.79
2;137500;14;1;1500;1;4.96
2;137500;14;1;2500;1;4.68
2;137500;14;1;3500;1;4.66
2;137500;20;0;50;1;5.17
2;137500;20;0;250;1;5.3
2;137500;20;0;750;1;4.85
2;137500;20;0;1500;1;4.84
2;137500;20;0;2500;1;4.95
2;137500;20;0;3500;1;4.77
2;137500;20;1;50;1;5.19
2;137500;20;1;250;1;5.0
2;137500;20;1;750;1;4.81
2;137500;20;1;1500;1;4.66
2;137500;20;1;2500;1;4.93
2;137500;20;1;3500;1;4.39
2;212500;3;0;50;1;3.99
2;212500;3;0;250;1;4.92
2;212500;3;0;750;1;4.79
2;212500;3;0;1500;1;4.91
2;212500;3;0;2500;1;4.84
2;212500;3;0;3500;1;4.46
2;212500;3;1;50;1;5.04
2;212500;3;1;250;1;5.21
2;212500;3;1;750;1;4.81
2;212500;3;1;1500;1;5.16
2;212500;3;1;2500;1;4.25
2;212500;3;1;3500;1;4.67
2;212500;6;0;50;1;5.56
2;212500;6;0;250;1;4.74
2;212500;6;0;750;1;5.11
2;212500;6;0;1500;1;4.76
2;212500;6;0;2500;1;5.01
2;212500;6;0;3500;1;4.79
2;212500;6;1;50;1;4.96
2;212500;6;1;250;1;5.07
2;212500;6;1;750;1;4.74
2;212500;6;1;1500;1;5.12
2;212500;6;1;2500;1;4.79
2;212500;6;1;3500;1;4.75
2;212500;10;0;50;1;4.74
2;212500;10;0;250;1;4.91
2;212500;10;0;750;1;5.24
2;212500;10;0;1500;1;4.82
2;212500;10;0;2500;1;5.16
2;212500;10;0;3500;1;4.99
2;212500;10;1;50;1;4.87
2;212500;10;1;250;1;4.95
2;212500;10;1;750;1;5.04
2;212500;10;1;1500;1;4.89
2;212500;10;1;2500;1;4.73
2;212500;10;1;3500;1;4.68
2;212500;14;0;50;1;4.84
2;212500;14;0;250;1;4.82
2;212500;14;0;750;1;4.89
2;212500;14;0;1500;1;4.92
2;212500;14;0;2500;1;4.78
2;212500;14;0;3500;1;4.98
2;212500;14;1;50;1;4.68
2;212500;14;1;250;1;4.84
2;212500;14;1;750;1;4.79
2;212500;14;1;1500;1;5.1
2;212500;14;1;2500;1;4.64
2;212500;14;1;3500;1;4.57
2;212500;20;0;50;1;4.95
2;212500;20;0;250;1;5.01
2;212500;20;0;750;1;4.92
2;212500;20;0;1500;1;4.94
2;212500;20;0;2500;1;4.89
2;212500;20;0;3500;1;4.72
2;212500;20;1;50;1;4.86
2;212500;20;1;250;1;5.05
2;212500;20;1;750;1;4.92
2;212500;20;1;1500;1;5.1
2;212500;20;1;2500;1;4.57
2;212500;20;1;3500;1;4.8
2;300000;3;0;50;1;4.89
2;300000;3;0;250;1;5.19
2;300000;3;0;750;1;4.82
2;300000;3;0;1500;1;4.66
2;300000;3;0;2500;1;4.84
2;300000;3;0;3500;1;4.79
2;300000;3;1;50;1;5.29
2;300000;3;1;250;1;5.27
2;300000;3;1;750;1;4.84
2;300000;3;1;1500;1;4.58
2;300000;3;1;2500;1;4.43
2;300000;3;1;3500;1;4.96
2;300000;6;0;50;1;5.19
2;300000;6;0;250;1;5.11
2;300000;6;0;750;1;4.93
2;300000;6;0;1500;1;5.06
2;300000;6;0;2500;1;4.88
2;300000;6;0;3500;1;4.65
2;300000;6;1;50;1;5.25
2;300000;6;1;250;1;4.76
2;300000;6;1;750;1;4.92
2;300000;6;1;1500;1;4.89
2;300000;6;1;2500;1;4.81
2;300000;6;1;3500;1;4.37
2;300000;10;0;50;1;4.83
2;300000;10;0;250;1;5.27
2;300000;10;0;750;1;4.98
2;300000;10;0;1500;1;5.3
2;300000;10;0;2500;1;4.83
2;300000;10;0;3500;1;4.86
2;300000;10;1;50;1;5.11
2;300000;10;1;250;1;5.27
2;300000;10;1;750;1;5.05
2;300000;10;1;1500;1;4.69
2;300000;10;1;2500;1;4.88
2;300000;10;1;3500;1;4.53
2;300000;14;0;50;1;5.04
2;300000;14;0;250;1;5.36
2;300000;14;0;750;1;4.63
2;300000;14;0;1500;1;5.25
2;300000;14;0;2500;1;4.98
2;300000;14;0;3500;1;4.86
2;300000;14;1;50;1;5.06
2;300000;14;1;250;1;4.92
2;300000;14;1;750;1;4.78
2;300000;14;1;1500;1;4.91
2;300000;14;1;2500;1;4.77
2;300000;14;1;3500;1;4.54
2;300000;20;0;50;1;4.93
2;300000;20;0;250;1;5.08
2;300000;20;0;750;1;5.07
2;300000;20;0;1500;1;4.6
2;300000;20;0;2500;1;4.99
2;300000;20;0;3500;1;4.73
2;300000;20;1;50;1;4.97
2;300000;20;1;250;1;5.25
2;300000;20;1;750;1;4.65
2;300000;20;1;1500;1;4.97
2;300000;20;1;2500;1;4.57
2;300000;20;1;3500;1;4.56
3;50;3;0;50;0;0.72
3;50;3;0;250;0;126.55
3;50;3;0;750;0;95.34
3;50;3;0;1500;0;66.26
3;50;3;0;2500;0;49.2
3;50;3;0;3500;0;42.09
3;50;3;1;50;0;113.07
3;50;3;1;250;0;112.58
3;50;3;1;750;0;86.12
3;50;3;1;1500;0;59.19
3;50;3;1;2500;0;38.38
3;50;3;1;3500;0;30.43
3;50;6;0;50;0;111.15
3;50;6;0;250;0;106.43
3;50;6;0;750;0;83.69
3;50;6;0;1500;0;58.58
3;50;6;0;2500;0;42.87
3;50;6;0;3500;0;37.4
3;50;6;1;50;0;117.97
3;50;6;1;250;0;112.54
3;50;6;1;750;0;83.68
3;50;6;1;1500;0;58.69
3;50;6;1;2500;0;42.77
3;50;6;1;3500;0;37.19
3;50;10;0;50;0;125.34
3;50;10;0;250;0;117.38
3;50;10;0;750;0;86.32
3;50;10;0;1500;0;62.13
3;50;10;0;2500;0;42.49
3;50;10;0;3500;0;36.85
3;50;10;1;50;0;115.52
3;50;10;1;250;0;112.9
3;50;10;1;750;0;82.51
3;50;10;1;1500;0;58.49
3;50;10;1;2500;0;42.45
3;50;10;1;3500;0;36.91
3;50;14;0;50;0;123.44
3;50;14;0;250;0;117.1
3;50;14;0;750;0;85.89
3;50;14;0;1500;0;61.7
3;50;14;0;2500;0;43.08
3;50;14;0;3500;0;37.44
3;50;14;1;50;0;119.91
3;50;14;1;250;0;111.76
3;50;14;1;750;0;84.87
3;50;14;1;1500;0;58.7
3;50;14;1;2500;0;42.65
3;50;14;1;3500;0;37.48
3;50;20;0;50;0;124.48
3;50;20;0;250;0;116.77
3;50;20;0;750;0;86.16
3;50;20;0;1500;0;59.96
3;50;20;0;2500;0;43.58
3;50;20;0;3500;0;37.82
3;50;20;1;50;0;119.7
3;50;20;1;250;0;113.07
3;50;20;1;750;0;84.42
3;50;20;1;1500;0;59.45
3;50;20;1;2500;0;42.41
3;50;20;1;3500;0;37.41
3;300;3;0;50;0;68.52
3;300;3;0;250;0;110.35
3;300;3;0;750;0;81.89
3;300;3;0;1500;0;58.02
3;300;3;0;2500;0;42.37
3;300;3;0;3500;0;36.58
3;300;3;1;50;0;105.51
3;300;3;1;250;0;110.43
3;300;3;1;750;0;82.0
3;300;3;1;1500;0;58.17
3;300;3;1;2500;0;43.01
3;300;3;1;3500;0;36.89
3;300;6;0;50;0;116.93
3;300;6;0;250;0;116.35
3;300;6;0;750;0;84.84
3;300;6;0;1500;0;59.05
3;300;6;0;2500;0;42.83
3;300;6;0;3500;0;36.87
3;300;6;1;50;0;109.12
3;300;6;1;250;0;104.03
3;300;6;1;750;0;79.96
3;300;6;1;1500;0;58.38
3;300;6;1;2500;0;43.12
3;300;6;1;3500;0;36.78
3;300;10;0;50;0;116.22
3;300;10;0;250;0;110.91
3;300;10;0;750;0;83.62
3;300;10;0;1500;0;58.75
3;300;10;0;2500;0;43.04
3;300;10;0;3500;0;37.22
3;300;10;1;50;0;106.06
3;300;10;1;250;0;104.98
3;300;10;1;750;0;77.78
3;300;10;1;1500;0;57.97
3;300;10;1;2500;0;42.29
3;300;10;1;3500;0;36.37
3;300;14;0;50;0;115.57
3;300;14;0;250;0;112.46
3;300;14;0;750;0;82.37
3;300;14;0;1500;0;57.96
3;300;14;0;2500;0;42.52
3;300;14;0;3500;0;36.46
3;300;14;1;50;0;110.87
3;300;14;1;250;0;109.56
3;300;14;1;750;0;81.56
3;300;14;1;1500;0;57.19
3;300;14;1;2500;0;41.95
3;300;14;1;3500;0;36.74
3;300;20;0;50;0;116.86
3;300;20;0;250;0;109.42
3;300;20;0;750;0;82.42
3;300;20;0;1500;0;57.75
3;300;20;0;2500;0;41.98
3;300;20;0;3500;0;36.92
3;300;20;1;50;0;109.65
3;300;20;1;250;0;108.67
3;300;20;1;750;0;81.95
3;300;20;1;1500;0;57.83
3;300;20;1;2500;0;42.61
3;300;20;1;3500;0;35.86
3;750;3;0;50;0;71.89
3;750;3;0;250;0;101.49
3;750;3;0;750;0;77.13
3;750;3;0;1500;0;55.87
3;750;3;0;2500;0;39.3
3;750;3;0;3500;0;35.43
3;750;3;1;50;0;95.48
3;750;3;1;250;0;93.3
3;750;3;1;750;0;71.25
3;750;3;1;1500;0;52.7
3;750;3;1;2500;0;39.28
3;750;3;1;3500;0;35.31
3;750;6;0;50;0;97.67
3;750;6;0;250;0;102.6
3;750;6;0;750;0;76.61
3;750;6;0;1500;0;50.99
3;750;6;0;2500;0;35.78
3;750;6;0;3500;0;31.9
3;750;6;1;50;0;90.59
3;750;6;1;250;0;102.34
3;750;6;1;750;0;78.31
3;750;6;1;1500;0;51.78
3;750;6;1;2500;0;37.34
3;750;6;1;3500;0;36.94
3;750;10;0;50;0;108.96
3;750;10;0;250;0;106.16
3;750;10;0;750;0;79.21
3;750;10;0;1500;0;58.03
3;750;10;0;2500;0;39.48
3;750;10;0;3500;0;31.19
3;750;10;1;50;0;90.48
3;750;10;1;250;0;97.62
3;750;10;1;750;0;78.64
3;750;10;1;1500;0;57.23
3;750;10;1;2500;0;38.84
3;750;10;1;3500;0;35.95
3;750;14;0;50;0;97.84
3;750;14;0;250;0;97.61
3;750;14;0;750;0;76.12
3;750;14;0;1500;0;55.65
3;750;14;0;2500;0;39.53
3;750;14;0;3500;0;36.15
3;750;14;1;50;0;90.6
3;750;14;1;250;0;92.57
3;750;14;1;750;0;75.45
3;750;14;1;1500;0;55.31
3;750;14;1;2500;0;38.79
3;750;14;1;3500;0;35.29
3;750;20;0;50;0;98.58
3;750;20;0;250;0;99.84
3;750;20;0;750;0;76.49
3;750;20;0;1500;0;56.23
3;750;20;0;2500;0;39.58
3;750;20;0;3500;0;35.55
3;750;20;1;50;0;93.17
3;750;20;1;250;0;94.45
3;750;20;1;750;0;72.97
3;750;20;1;1500;0;53.18
3;750;20;1;2500;0;39.73
3;750;20;1;3500;0;35.84
3;3000;3;0;50;0;39.54
3;3000;3;0;250;0;63.65
3;3000;3;0;750;0;57.32
3;3000;3;0;1500;0;45.68
3;3000;3;0;2500;0;32.56
3;3000;3;0;3500;0;31.34
3;3000;3;1;50;0;58.21
3;3000;3;1;250;0;59.92
3;3000;3;1;750;0;55.3
3;3000;3;1;1500;0;44.0
3;3000;3;1;2500;0;34.51
3;3000;3;1;3500;0;30.75
3;3000;6;0;50;0;59.77
3;3000;6;0;250;0;62.65
3;3000;6;0;750;0;55.31
3;3000;6;0;1500;0;44.66
3;3000;6;0;2500;0;35.28
3;3000;6;0;3500;0;31.17
3;3000;6;1;50;0;59.86
3;3000;6;1;250;0;59.14
3;3000;6;1;750;0;52.44
3;3000;6;1;1500;0;44.12
3;3000;6;1;2500;0;32.54
3;3000;6;1;3500;0;29.41
3;3000;10;0;50;0;58.23
3;3000;10;0;250;0;59.66
3;3000;10;0;750;0;52.93
3;3000;10;0;1500;0;44.88
3;3000;10;0;2500;0;34.75
3;3000;10;0;3500;0;30.65
3;3000;10;1;50;0;59.06
3;3000;10;1;250;0;58.73
3;3000;10;1;750;0;52.42
3;3000;10;1;1500;0;44.32
3;3000;10;1;2500;0;32.15
3;3000;10;1;3500;0;28.05
3;3000;14;0;50;0;55.71
3;3000;14;0;250;0;58.33
3;3000;14;0;750;0;52.84
3;3000;14;0;1500;0;48.76
3;3000;14;0;2500;0;36.25
3;3000;14;0;3500;0;32.88
3;3000;14;1;50;0;63.28
3;3000;14;1;250;0;59.5
3;3000;14;1;750;0;52.87
3;3000;14;1;1500;0;44.58
3;3000;14;1;2500;0;34.54
3;3000;14;1;3500;0;29.91
3;3000;20;0;50;0;62.43
3;3000;20;0;250;0;61.65
3;3000;20;0;750;0;55.68
3;3000;20;0;1500;0;44.26
3;3000;20;0;2500;0;33.23
3;3000;20;0;3500;0;30.87
3;3000;20;1;50;0;57.56
3;3000;20;1;250;0;59.4
3;3000;20;1;750;0;55.65
3;3000;20;1;1500;0;44.22
3;3000;20;1;2500;0;32.7
3;3000;20;1;3500;0;30.77
3;7500;3;0;50;0;19.18
3;7500;3;0;250;0;37.8
3;7500;3;0;750;0;35.24
3;7500;3;0;1500;0;31.41
3;7500;3;0;2500;0;27.68
3;7500;3;0;3500;0;25.61
3;7500;3;1;50;0;36.27
3;7500;3;1;250;0;35.43
3;7500;3;1;750;0;32.17
3;7500;3;1;1500;0;30.1
3;7500;3;1;2500;0;25.26
3;7500;3;1;3500;0;24.66
3;7500;6;0;50;0;34.21
3;7500;6;0;250;0;35.63
3;7500;6;0;750;0;33.0
3;7500;6;0;1500;0;31.08
3;7500;6;0;2500;0;26.11
3;7500;6;0;3500;0;24.72
3;7500;6;1;50;0;35.55
3;7500;6;1;250;0;34.97
3;7500;6;1;750;0;32.65
3;7500;6;1;1500;0;30.16
3;7500;6;1;2500;0;25.37
3;7500;6;1;3500;0;24.23
3;7500;10;0;50;0;36.5
3;7500;10;0;250;0;35.69
3;7500;10;0;750;0;32.71
3;7500;10;0;1500;0;29.58
3;7500;10;0;2500;0;26.48
3;7500;10;0;3500;0;23.26
3;7500;10;1;50;0;29.07
3;7500;10;1;250;0;30.92
3;7500;10;1;750;0;32.13
3;7500;10;1;1500;0;30.54
3;7500;10;1;2500;0;28.88
3;7500;10;1;3500;0;25.51
3;7500;14;0;50;0;37.07
3;7500;14;0;250;0;36.25
3;7500;14;0;750;0;32.7
3;7500;14;0;1500;0;30.59
3;7500;14;0;2500;0;26.08
3;7500;14;0;3500;0;25.13
3;7500;14;1;50;0;36.24
3;7500;14;1;250;0;33.14
3;7500;14;1;750;0;30.94
3;7500;14;1;1500;0;30.14
3;7500;14;1;2500;0;24.47
3;7500;14;1;3500;0;24.96
3;7500;20;0;50;0;35.14
3;7500;20;0;250;0;35.72
3;7500;20;0;750;0;32.37
3;7500;20;0;1500;0;30.03
3;7500;20;0;2500;0;26.28
3;7500;20;0;3500;0;24.72
3;7500;20;1;50;0;35.19
3;7500;20;1;250;0;35.0
3;7500;20;1;750;0;32.29
3;7500;20;1;1500;0;30.19
3;7500;20;1;2500;0;26.06
3;7500;20;1;3500;0;24.32
3;17500;3;0;50;0;9.85
3;17500;3;0;250;0;20.11
3;17500;3;0;750;0;18.23
3;17500;3;0;1500;0;17.14
3;17500;3;0;2500;0;15.72
3;17500;3;0;3500;0;15.42
3;17500;3;1;50;0;17.79
3;17500;3;1;250;0;17.32
3;17500;3;1;750;0;17.53
3;17500;3;1;1500;0;16.68
3;17500;3;1;2500;0;15.55
3;17500;3;1;3500;0;15.24
3;17500;6;0;50;0;17.34
3;17500;6;0;250;0;18.18
3;17500;6;0;750;0;17.75
3;17500;6;0;1500;0;16.89
3;17500;6;0;2500;0;15.55
3;17500;6;0;3500;0;15.42
3;17500;6;1;50;0;17.82
3;17500;6;1;250;0;17.16
3;17500;6;1;750;0;17.53
3;17500;6;1;1500;0;17.04
3;17500;6;1;2500;0;15.37
3;17500;6;1;3500;0;15.49
3;17500;10;0;50;0;16.62
3;17500;10;0;250;0;15.85
3;17500;10;0;750;0;14.77
3;17500;10;0;1500;0;10.75
3;17500;10;0;2500;0;10.75
3;17500;10;0;3500;0;10.68
3;17500;10;1;50;0;13.27
3;17500;10;1;250;0;16.72
3;17500;10;1;750;0;15.61
3;17500;10;1;1500;0;15.7
3;17500;10;1;2500;0;15.18
3;17500;10;1;3500;0;14.39
3;17500;14;0;50;0;17.87
3;17500;14;0;250;0;17.64
3;17500;14;0;750;0;17.04
3;17500;14;0;1500;0;16.96
3;17500;14;0;2500;0;15.79
3;17500;14;0;3500;0;15.31
3;17500;14;1;50;0;18.32
3;17500;14;1;250;0;17.75
3;17500;14;1;750;0;16.2
3;17500;14;1;1500;0;16.75
3;17500;14;1;2500;0;15.82
3;17500;14;1;3500;0;14.5
3;17500;20;0;50;0;17.74
3;17500;20;0;250;0;18.21
3;17500;20;0;750;0;17.74
3;17500;20;0;1500;0;16.7
3;17500;20;0;2500;0;16.43
3;17500;20;0;3500;0;15.9
3;17500;20;1;50;0;17.53
3;17500;20;1;250;0;17.39
3;17500;20;1;750;0;16.9
3;17500;20;1;1500;0;15.93
3;17500;20;1;2500;0;15.4
3;17500;20;1;3500;0;15.21
3;37500;3;0;50;0;4.1
3;37500;3;0;250;0;9.56
3;37500;3;0;750;0;9.02
3;37500;3;0;1500;0;9.38
3;37500;3;0;2500;0;8.74
3;37500;3;0;3500;0;8.84
3;37500;3;1;50;0;9.65
3;37500;3;1;250;0;9.69
3;37500;3;1;750;0;9.34
3;37500;3;1;1500;0;9.54
3;37500;3;1;2500;0;8.53
3;37500;3;1;3500;0;8.46
3;37500;6;0;50;0;9.37
3;37500;6;0;250;0;9.22
3;37500;6;0;750;0;9.4
3;37500;6;0;1500;0;8.91
3;37500;6;0;2500;0;8.97
3;37500;6;0;3500;0;8.91
3;37500;6;1;50;0;9.56
3;37500;6;1;250;0;9.49
3;37500;6;1;750;0;9.28
3;37500;6;1;1500;0;8.85
3;37500;6;1;2500;0;8.19
3;37500;6;1;3500;0;8.46
3;37500;10;0;50;0;9.68
3;37500;10;0;250;0;9.61
3;37500;10;0;750;0;9.09
3;37500;10;0;1500;0;9.06
3;37500;10;0;2500;0;8.99
3;37500;10;0;3500;0;8.98
3;37500;10;1;50;0;9.33
3;37500;10;1;250;0;9.34
3;37500;10;1;750;0;9.42
3;37500;10;1;1500;0;9.27
3;37500;10;1;2500;0;8.74
3;37500;10;1;3500;0;8.54
3;37500;14;0;50;0;9.17
3;37500;14;0;250;0;9.64
3;37500;14;0;750;0;9.69
3;37500;14;0;1500;0;8.82
3;37500;14;0;2500;0;9.23
3;37500;14;0;3500;0;8.62
3;37500;14;1;50;0;9.2
3;37500;14;1;250;0;9.61
3;37500;14;1;750;0;8.86
3;37500;14;1;1500;0;8.94
3;37500;14;1;2500;0;8.46
3;37500;14;1;3500;0;8.71
3;37500;20;0;50;0;9.02
3;37500;20;0;250;0;9.85
3;37500;20;0;750;0;9.72
3;37500;20;0;1500;0;9.51
3;37500;20;0;2500;0;8.95
3;37500;20;0;3500;0;8.47
3;37500;20;1;50;0;9.61
3;37500;20;1;250;0;9.49
3;37500;20;1;750;0;8.96
3;37500;20;1;1500;0;8.71
3;37500;20;1;2500;0;8.48
3;37500;20;1;3500;0;7.91
3;62500;3;0;50;0;2.81
3;62500;3;0;250;0;6.59
3;62500;3;0;750;0;5.78
3;62500;3;0;1500;0;5.34
3;62500;3;0;2500;0;6.16
3;62500;3;0;3500;0;5.76
3;62500;3;1;50;0;5.35
3;62500;3;1;250;0;6.0
3;62500;3;1;750;0;5.5
3;62500;3;1;1500;0;5.47
3;62500;3;1;2500;0;5.1
3;62500;3;1;3500;0;5.25
3;62500;6;0;50;0;5.59
3;62500;6;0;250;0;5.89
3;62500;6;0;750;0;5.68
3;62500;6;0;1500;0;5.49
3;62500;6;0;2500;0;5.56
3;62500;6;0;3500;0;5.44
3;62500;6;1;50;0;5.68
3;62500;6;1;250;0;5.78
3;62500;6;1;750;0;5.33
3;62500;6;1;1500;0;5.46
3;62500;6;1;2500;0;5.0
3;62500;6;1;3500;0;5.63
3;62500;10;0;50;0;5.58
3;62500;10;0;250;0;5.85
3;62500;10;0;750;0;5.56
3;62500;10;0;1500;0;5.11
3;62500;10;0;2500;0;5.14
3;62500;10;0;3500;0;5.32
3;62500;10;1;50;0;5.7
3;62500;10;1;250;0;5.21
3;62500;10;1;750;0;5.23
3;62500;10;1;1500;0;5.44
3;62500;10;1;2500;0;5.63
3;62500;10;1;3500;0;4.85
3;62500;14;0;50;0;5.65
3;62500;14;0;250;0;6.07
3;62500;14;0;750;0;5.64
3;62500;14;0;1500;0;5.49
3;62500;14;0;2500;0;5.49
3;62500;14;0;3500;0;5.17
3;62500;14;1;50;0;4.48
3;62500;14;1;250;0;5.5
3;62500;14;1;750;0;5.65
3;62500;14;1;1500;0;5.46
3;62500;14;1;2500;0;5.2
3;62500;14;1;3500;0;4.92
3;62500;20;0;50;0;5.25
3;62500;20;0;250;0;5.63
3;62500;20;0;750;0;5.41
3;62500;20;0;1500;0;5.91
3;62500;20;0;2500;0;5.61
3;62500;20;0;3500;0;5.35
3;62500;20;1;50;0;5.71
3;62500;20;1;250;0;5.41
3;62500;20;1;750;0;5.87
3;62500;20;1;1500;0;5.63
3;62500;20;1;2500;0;4.79
3;62500;20;1;3500;0;5.54
3;87500;3;0;50;0;2.53
3;87500;3;0;250;0;4.83
3;87500;3;0;750;0;3.99
3;87500;3;0;1500;0;4.27
3;87500;3;0;2500;0;3.53
3;87500;3;0;3500;0;3.37
3;87500;3;1;50;0;3.26
3;87500;3;1;250;0;4.61
3;87500;3;1;750;0;4.28
3;87500;3;1;1500;0;3.26
3;87500;3;1;2500;0;3.23
3;87500;3;1;3500;0;4.06
3;87500;6;0;50;0;4.29
3;87500;6;0;250;0;4.49
3;87500;6;0;750;0;4.24
3;87500;6;0;1500;0;3.95
3;87500;6;0;2500;0;3.67
3;87500;6;0;3500;0;3.65
3;87500;6;1;50;0;4.29
3;87500;6;1;250;0;4.33
3;87500;6;1;750;0;4.01
3;87500;6;1;1500;0;3.79
3;87500;6;1;2500;0;4.07
3;87500;6;1;3500;0;3.89
3;87500;10;0;50;0;4.52
3;87500;10;0;250;0;4.62
3;87500;10;0;750;0;4.47
3;87500;10;0;1500;0;4.02
3;87500;10;0;2500;0;3.98
3;87500;10;0;3500;0;4.14
3;87500;10;1;50;0;3.69
3;87500;10;1;250;0;4.13
3;87500;10;1;750;0;4.25
3;87500;10;1;1500;0;4.07
3;87500;10;1;2500;0;3.6
3;87500;10;1;3500;0;3.67
3;87500;14;0;50;0;4.25
3;87500;14;0;250;0;4.55
3;87500;14;0;750;0;4.37
3;87500;14;0;1500;0;4.24
3;87500;14;0;2500;0;3.75
3;87500;14;0;3500;0;3.75
3;87500;14;1;50;0;4.44
3;87500;14;1;250;0;3.77
3;87500;14;1;750;0;3.99
3;87500;14;1;1500;0;3.65
3;87500;14;1;2500;0;3.35
3;87500;14;1;3500;0;3.87
3;87500;20;0;50;0;4.5
3;87500;20;0;250;0;3.97
3;87500;20;0;750;0;3.92
3;87500;20;0;1500;0;4.04
3;87500;20;0;2500;0;3.97
3;87500;20;0;3500;0;4.15
3;87500;20;1;50;0;4.34
3;87500;20;1;250;0;4.22
3;87500;20;1;750;0;4.23
3;87500;20;1;1500;0;4.25
3;87500;20;1;2500;0;3.7
3;87500;20;1;3500;0;4.08
3;137500;3;0;50;0;3.21
3;137500;3;0;250;0;3.76
3;137500;3;0;750;0;3.68
3;137500;3;0;1500;0;3.85
3;137500;3;0;2500;0;3.66
3;137500;3;0;3500;0;3.63
3;137500;3;1;50;0;3.7
3;137500;3;1;250;0;3.74
3;137500;3;1;750;0;3.64
3;137500;3;1;1500;0;3.59
3;137500;3;1;2500;0;3.63
3;137500;3;1;3500;0;3.5
3;137500;6;0;50;0;3.65
3;137500;6;0;250;0;3.52
3;137500;6;0;750;0;3.64
3;137500;6;0;1500;0;3.54
3;137500;6;0;2500;0;3.32
3;137500;6;0;3500;0;3.48
3;137500;6;1;50;0;3.64
3;137500;6;1;250;0;3.73
3;137500;6;1;750;0;3.57
3;137500;6;1;1500;0;3.81
3;137500;6;1;2500;0;3.43
3;137500;6;1;3500;0;3.39
3;137500;10;0;50;0;3.67
3;137500;10;0;250;0;3.83
3;137500;10;0;750;0;3.79
3;137500;10;0;1500;0;3.46
3;137500;10;0;2500;0;3.48
3;137500;10;0;3500;0;3.72
3;137500;10;1;50;0;3.63
3;137500;10;1;250;0;3.8
3;137500;10;1;750;0;3.51
3;137500;10;1;1500;0;3.55
3;137500;10;1;2500;0;3.33
3;137500;10;1;3500;0;3.73
3;137500;14;0;50;0;3.64
3;137500;14;0;250;0;3.72
3;137500;14;0;750;0;3.67
3;137500;14;0;1500;0;3.87
3;137500;14;0;2500;0;3.62
3;137500;14;0;3500;0;3.5
3;137500;14;1;50;0;3.84
3;137500;14;1;250;0;3.61
3;137500;14;1;750;0;3.53
3;137500;14;1;1500;0;3.39
3;137500;14;1;2500;0;3.38
3;137500;14;1;3500;0;3.64
3;137500;20;0;50;0;3.69
3;137500;20;0;250;0;3.77
3;137500;20;0;750;0;3.68
3;137500;20;0;1500;0;3.73
3;137500;20;0;2500;0;3.55
3;137500;20;0;3500;0;3.55
3;137500;20;1;50;0;3.55
3;137500;20;1;250;0;3.85
3;137500;20;1;750;0;3.43
3;137500;20;1;1500;0;3.69
3;137500;20;1;2500;0;3.68
3;137500;20;1;3500;0;3.52
3;212500;3;0;50;0;3.42
3;212500;3;0;250;0;3.71
3;212500;3;0;750;0;3.85
3;212500;3;0;1500;0;3.72
3;212500;3;0;2500;0;3.51
3;212500;3;0;3500;0;3.69
3;212500;3;1;50;0;3.56
3;212500;3;1;250;0;3.69
3;212500;3;1;750;0;3.74
3;212500;3;1;1500;0;3.65
3;212500;3;1;2500;0;3.38
3;212500;3;1;3500;0;3.56
3;212500;6;0;50;0;3.74
3;212500;6;0;250;0;3.91
3;212500;6;0;750;0;3.62
3;212500;6;0;1500;0;3.78
3;212500;6;0;2500;0;3.66
3;212500;6;0;3500;0;3.36
3;212500;6;1;50;0;3.76
3;212500;6;1;250;0;3.79
3;212500;6;1;750;0;3.73
3;212500;6;1;1500;0;3.75
3;212500;6;1;2500;0;3.5
3;212500;6;1;3500;0;3.58
3;212500;10;0;50;0;3.42
3;212500;10;0;250;0;3.71
3;212500;10;0;750;0;4.08
3;212500;10;0;1500;0;3.58
3;212500;10;0;2500;0;3.72
3;212500;10;0;3500;0;3.42
3;212500;10;1;50;0;3.65
3;212500;10;1;250;0;3.93
3;212500;10;1;750;0;3.54
3;212500;10;1;1500;0;3.43
3;212500;10;1;2500;0;3.64
3;212500;10;1;3500;0;3.61
3;212500;14;0;50;0;3.6
3;212500;14;0;250;0;3.75
3;212500;14;0;750;0;3.88
3;212500;14;0;1500;0;3.64
3;212500;14;0;2500;0;3.69
3;212500;14;0;3500;0;3.56
3;212500;14;1;50;0;3.36
3;212500;14;1;250;0;3.56
3;212500;14;1;750;0;3.28
3;212500;14;1;1500;0;3.81
3;212500;14;1;2500;0;3.44
3;212500;14;1;3500;0;3.62
3;212500;20;0;50;0;3.41
3;212500;20;0;250;0;3.96
3;212500;20;0;750;0;3.6
3;212500;20;0;1500;0;3.85
3;212500;20;0;2500;0;3.61
3;212500;20;0;3500;0;3.55
3;212500;20;1;50;0;3.7
3;212500;20;1;250;0;3.77
3;212500;20;1;750;0;3.73
3;212500;20;1;1500;0;3.64
3;212500;20;1;2500;0;3.32
3;212500;20;1;3500;0;3.62
3;300000;3;0;50;0;3.86
3;300000;3;0;250;0;3.53
3;300000;3;0;750;0;3.62
3;300000;3;0;1500;0;3.82
3;300000;3;0;2500;0;3.49
3;300000;3;0;3500;0;3.6
3;300000;3;1;50;0;3.71
3;300000;3;1;250;0;4.05
3;300000;3;1;750;0;3.45
3;300000;3;1;1500;0;3.77
3;300000;3;1;2500;0;3.51
3;300000;3;1;3500;0;3.57
3;300000;6;0;50;0;3.78
3;300000;6;0;250;0;3.82
3;300000;6;0;750;0;3.79
3;300000;6;0;1500;0;3.61
3;300000;6;0;2500;0;3.31
3;300000;6;0;3500;0;4.02
3;300000;6;1;50;0;3.8
3;300000;6;1;250;0;3.72
3;300000;6;1;750;0;3.49
3;300000;6;1;1500;0;2.67
3;300000;6;1;2500;0;4.59
3;300000;6;1;3500;0;3.59
3;300000;10;0;50;0;3.73
3;300000;10;0;250;0;3.96
3;300000;10;0;750;0;3.84
3;300000;10;0;1500;0;3.64
3;300000;10;0;2500;0;3.52
3;300000;10;0;3500;0;3.75
3;300000;10;1;50;0;3.14
3;300000;10;1;250;0;3.74
3;300000;10;1;750;0;3.5
3;300000;10;1;1500;0;3.99
3;300000;10;1;2500;0;3.28
3;300000;10;1;3500;0;3.26
3;300000;14;0;50;0;3.63
3;300000;14;0;250;0;3.91
3;300000;14;0;750;0;3.79
3;300000;14;0;1500;0;3.66
3;300000;14;0;2500;0;3.33
3;300000;14;0;3500;0;3.58
3;300000;14;1;50;0;3.6
3;300000;14;1;250;0;3.66
3;300000;14;1;750;0;3.54
3;300000;14;1;1500;0;3.68
3;300000;14;1;2500;0;3.5
3;300000;14;1;3500;0;3.64
3;300000;20;0;50;0;3.49
3;300000;20;0;250;0;3.78
3;300000;20;0;750;0;3.8
3;300000;20;0;1500;0;3.47
3;300000;20;0;2500;0;3.55
3;300000;20;0;3500;0;3.54
3;300000;20;1;50;0;3.61
3;300000;20;1;250;0;3.66
3;300000;20;1;750;0;3.79
3;300000;20;1;1500;0;3.59
3;300000;20;1;2500;0;3.71
3;300000;20;1;3500;0;3.25
3;50;3;0;50;1;0.75
3;50;3;0;250;1;132.16
3;50;3;0;750;1;85.11
3;50;3;0;1500;1;59.78
3;50;3;0;2500;1;45.59
3;50;3;0;3500;1;41.82
3;50;3;1;50;1;111.88
3;50;3;1;250;1;109.47
3;50;3;1;750;1;88.67
3;50;3;1;1500;1;63.0
3;50;3;1;2500;1;44.25
3;50;3;1;3500;1;38.13
3;50;6;0;50;1;130.14
3;50;6;0;250;1;119.92
3;50;6;0;750;1;89.15
3;50;6;0;1500;1;59.35
3;50;6;0;2500;1;43.38
3;50;6;0;3500;1;37.81
3;50;6;1;50;1;117.04
3;50;6;1;250;1;113.23
3;50;6;1;750;1;84.37
3;50;6;1;1500;1;61.36
3;50;6;1;2500;1;42.85
3;50;6;1;3500;1;37.02
3;50;10;0;50;1;125.88
3;50;10;0;250;1;119.87
3;50;10;0;750;1;86.29
3;50;10;0;1500;1;59.63
3;50;10;0;2500;1;42.97
3;50;10;0;3500;1;37.54
3;50;10;1;50;1;118.97
3;50;10;1;250;1;113.25
3;50;10;1;750;1;84.17
3;50;10;1;1500;1;57.66
3;50;10;1;2500;1;43.25
3;50;10;1;3500;1;37.55
3;50;14;0;50;1;126.38
3;50;14;0;250;1;119.92
3;50;14;0;750;1;84.5
3;50;14;0;1500;1;59.33
3;50;14;0;2500;1;43.23
3;50;14;0;3500;1;37.94
3;50;14;1;50;1;105.73
3;50;14;1;250;1;112.48
3;50;14;1;750;1;82.02
3;50;14;1;1500;1;58.81
3;50;14;1;2500;1;42.89
3;50;14;1;3500;1;37.55
3;50;20;0;50;1;125.04
3;50;20;0;250;1;116.87
3;50;20;0;750;1;84.39
3;50;20;0;1500;1;59.48
3;50;20;0;2500;1;42.79
3;50;20;0;3500;1;36.87
3;50;20;1;50;1;117.17
3;50;20;1;250;1;112.34
3;50;20;1;750;1;84.63
3;50;20;1;1500;1;58.98
3;50;20;1;2500;1;42.87
3;50;20;1;3500;1;37.23
3;300;3;0;50;1;85.96
3;300;3;0;250;1;117.88
3;300;3;0;750;1;74.77
3;300;3;0;1500;1;55.97
3;300;3;0;2500;1;43.81
3;300;3;0;3500;1;38.61
3;300;3;1;50;1;117.36
3;300;3;1;250;1;114.78
3;300;3;1;750;1;84.93
3;300;3;1;1500;1;55.54
3;300;3;1;2500;1;38.47
3;300;3;1;3500;1;37.09
3;300;6;0;50;1;124.04
3;300;6;0;250;1;117.27
3;300;6;0;750;1;88.63
3;300;6;0;1500;1;59.39
3;300;6;0;2500;1;43.03
3;300;6;0;3500;1;37.31
3;300;6;1;50;1;113.0
3;300;6;1;250;1;110.88
3;300;6;1;750;1;83.75
3;300;6;1;1500;1;58.76
3;300;6;1;2500;1;41.65
3;300;6;1;3500;1;36.45
3;300;10;0;50;1;117.99
3;300;10;0;250;1;111.8
3;300;10;0;750;1;84.82
3;300;10;0;1500;1;59.76
3;300;10;0;2500;1;42.63
3;300;10;0;3500;1;37.5
3;300;10;1;50;1;111.43
3;300;10;1;250;1;110.17
3;300;10;1;750;1;82.06
3;300;10;1;1500;1;57.49
3;300;10;1;2500;1;43.29
3;300;10;1;3500;1;36.83
3;300;14;0;50;1;115.82
3;300;14;0;250;1;113.1
3;300;14;0;750;1;83.85
3;300;14;0;1500;1;59.34
3;300;14;0;2500;1;42.89
3;300;14;0;3500;1;37.51
3;300;14;1;50;1;112.78
3;300;14;1;250;1;109.47
3;300;14;1;750;1;82.4
3;300;14;1;1500;1;57.94
3;300;14;1;2500;1;42.5
3;300;14;1;3500;1;36.82
3;300;20;0;50;1;116.15
3;300;20;0;250;1;112.23
3;300;20;0;750;1;84.74
3;300;20;0;1500;1;59.88
3;300;20;0;2500;1;42.67
3;300;20;0;3500;1;36.63
3;300;20;1;50;1;111.29
3;300;20;1;250;1;106.33
3;300;20;1;750;1;81.86
3;300;20;1;1500;1;56.93
3;300;20;1;2500;1;42.36
3;300;20;1;3500;1;37.03
3;750;3;0;50;1;76.91
3;750;3;0;250;1;109.56
3;750;3;0;750;1;81.84
3;750;3;0;1500;1;57.43
3;750;3;0;2500;1;41.76
3;750;3;0;3500;1;36.7
3;750;3;1;50;1;103.69
3;750;3;1;250;1;102.33
3;750;3;1;750;1;77.49
3;750;3;1;1500;1;49.25
3;750;3;1;2500;1;38.57
3;750;3;1;3500;1;37.28
3;750;6;0;50;1;112.72
3;750;6;0;250;1;108.94
3;750;6;0;750;1;67.47
3;750;6;0;1500;1;57.21
3;750;6;0;2500;1;36.5
3;750;6;0;3500;1;35.4
3;750;6;1;50;1;105.81
3;750;6;1;250;1;105.99
3;750;6;1;750;1;80.83
3;750;6;1;1500;1;59.31
3;750;6;1;2500;1;41.46
3;750;6;1;3500;1;35.44
3;750;10;0;50;1;86.33
3;750;10;0;250;1;95.32
3;750;10;0;750;1;78.19
3;750;10;0;1500;1;61.87
3;750;10;0;2500;1;45.37
3;750;10;0;3500;1;37.68
3;750;10;1;50;1;104.54
3;750;10;1;250;1;104.24
3;750;10;1;750;1;81.11
3;750;10;1;1500;1;58.42
3;750;10;1;2500;1;41.19
3;750;10;1;3500;1;36.69
3;750;14;0;50;1;104.35
3;750;14;0;250;1;106.43
3;750;14;0;750;1;81.02
3;750;14;0;1500;1;58.45
3;750;14;0;2500;1;41.1
3;750;14;0;3500;1;36.04
3;750;14;1;50;1;102.79
3;750;14;1;250;1;103.61
3;750;14;1;750;1;77.52
3;750;14;1;1500;1;55.42
3;750;14;1;2500;1;42.0
3;750;14;1;3500;1;36.37
3;750;20;0;50;1;108.79
3;750;20;0;250;1;108.0
3;750;20;0;750;1;79.81
3;750;20;0;1500;1;58.21
3;750;20;0;2500;1;42.05
3;750;20;0;3500;1;36.48
3;750;20;1;50;1;102.12
3;750;20;1;250;1;102.46
3;750;20;1;750;1;77.42
3;750;20;1;1500;1;56.37
3;750;20;1;2500;1;39.6
3;750;20;1;3500;1;35.96
3;3000;3;0;50;1;45.26
3;3000;3;0;250;1;73.21
3;3000;3;0;750;1;63.58
3;3000;3;0;1500;1;49.15
3;3000;3;0;2500;1;37.23
3;3000;3;0;3500;1;32.96
3;3000;3;1;50;1;68.97
3;3000;3;1;250;1;72.7
3;3000;3;1;750;1;62.06
3;3000;3;1;1500;1;47.49
3;3000;3;1;2500;1;36.13
3;3000;3;1;3500;1;32.0
3;3000;6;0;50;1;75.17
3;3000;6;0;250;1;72.24
3;3000;6;0;750;1;62.66
3;3000;6;0;1500;1;46.66
3;3000;6;0;2500;1;36.58
3;3000;6;0;3500;1;31.99
3;3000;6;1;50;1;69.64
3;3000;6;1;250;1;70.04
3;3000;6;1;750;1;59.86
3;3000;6;1;1500;1;46.24
3;3000;6;1;2500;1;36.23
3;3000;6;1;3500;1;31.6
3;3000;10;0;50;1;75.17
3;3000;10;0;250;1;72.75
3;3000;10;0;750;1;62.56
3;3000;10;0;1500;1;48.84
3;3000;10;0;2500;1;37.06
3;3000;10;0;3500;1;32.18
3;3000;10;1;50;1;69.89
3;3000;10;1;250;1;70.46
3;3000;10;1;750;1;62.54
3;3000;10;1;1500;1;46.59
3;3000;10;1;2500;1;36.44
3;3000;10;1;3500;1;31.16
3;3000;14;0;50;1;73.02
3;3000;14;0;250;1;72.19
3;3000;14;0;750;1;62.69
3;3000;14;0;1500;1;48.9
3;3000;14;0;2500;1;36.29
3;3000;14;0;3500;1;32.25
3;3000;14;1;50;1;71.21
3;3000;14;1;250;1;70.47
3;3000;14;1;750;1;61.92
3;3000;14;1;1500;1;48.4
3;3000;14;1;2500;1;35.98
3;3000;14;1;3500;1;32.13
3;3000;20;0;50;1;72.54
3;3000;20;0;250;1;72.84
3;3000;20;0;750;1;63.6
3;3000;20;0;1500;1;48.83
3;3000;20;0;2500;1;36.58
3;3000;20;0;3500;1;29.94
3;3000;20;1;50;1;63.93
3;3000;20;1;250;1;66.38
3;3000;20;1;750;1;58.52
3;3000;20;1;1500;1;45.74
3;3000;20;1;2500;1;37.21
3;3000;20;1;3500;1;33.25
3;7500;3;0;50;1;25.95
3;7500;3;0;250;1;46.43
3;7500;3;0;750;1;39.54
3;7500;3;0;1500;1;37.92
3;7500;3;0;2500;1;33.06
3;7500;3;0;3500;1;29.45
3;7500;3;1;50;1;44.51
3;7500;3;1;250;1;43.99
3;7500;3;1;750;1;39.42
3;7500;3;1;1500;1;31.77
3;7500;3;1;2500;1;29.23
3;7500;3;1;3500;1;28.56
3;7500;6;0;50;1;45.11
3;7500;6;0;250;1;45.85
3;7500;6;0;750;1;42.11
3;7500;6;0;1500;1;36.49
3;7500;6;0;2500;1;25.1
3;7500;6;0;3500;1;24.63
3;7500;6;1;50;1;39.81
3;7500;6;1;250;1;45.32
3;7500;6;1;750;1;42.28
3;7500;6;1;1500;1;35.52
3;7500;6;1;2500;1;30.54
3;7500;6;1;3500;1;26.57
3;7500;10;0;50;1;44.01
3;7500;10;0;250;1;44.86
3;7500;10;0;750;1;42.33
3;7500;10;0;1500;1;36.96
3;7500;10;0;2500;1;30.77
3;7500;10;0;3500;1;28.31
3;7500;10;1;50;1;41.53
3;7500;10;1;250;1;42.94
3;7500;10;1;750;1;40.8
3;7500;10;1;1500;1;35.53
3;7500;10;1;2500;1;29.66
3;7500;10;1;3500;1;28.4
3;7500;14;0;50;1;43.56
3;7500;14;0;250;1;44.17
3;7500;14;0;750;1;42.31
3;7500;14;0;1500;1;36.9
3;7500;14;0;2500;1;30.01
3;7500;14;0;3500;1;28.75
3;7500;14;1;50;1;43.57
3;7500;14;1;250;1;43.44
3;7500;14;1;750;1;39.29
3;7500;14;1;1500;1;35.87
3;7500;14;1;2500;1;30.01
3;7500;14;1;3500;1;26.44
3;7500;20;0;50;1;42.77
3;7500;20;0;250;1;43.86
3;7500;20;0;750;1;39.42
3;7500;20;0;1500;1;36.25
3;7500;20;0;2500;1;30.26
3;7500;20;0;3500;1;26.21
3;7500;20;1;50;1;43.66
3;7500;20;1;250;1;44.48
3;7500;20;1;750;1;39.89
3;7500;20;1;1500;1;35.94
3;7500;20;1;2500;1;29.93
3;7500;20;1;3500;1;26.32
3;17500;3;0;50;1;10.3
3;17500;3;0;250;1;24.43
3;17500;3;0;750;1;23.88
3;17500;3;0;1500;1;22.24
3;17500;3;0;2500;1;19.27
3;17500;3;0;3500;1;18.76
3;17500;3;1;50;1;23.75
3;17500;3;1;250;1;23.69
3;17500;3;1;750;1;22.62
3;17500;3;1;1500;1;21.53
3;17500;3;1;2500;1;17.81
3;17500;3;1;3500;1;18.17
3;17500;6;0;50;1;23.85
3;17500;6;0;250;1;24.06
3;17500;6;0;750;1;22.87
3;17500;6;0;1500;1;21.9
3;17500;6;0;2500;1;19.13
3;17500;6;0;3500;1;18.27
3;17500;6;1;50;1;22.39
3;17500;6;1;250;1;23.9
3;17500;6;1;750;1;22.53
3;17500;6;1;1500;1;20.74
3;17500;6;1;2500;1;19.09
3;17500;6;1;3500;1;18.22
3;17500;10;0;50;1;23.64
3;17500;10;0;250;1;24.39
3;17500;10;0;750;1;23.61
3;17500;10;0;1500;1;22.23
3;17500;10;0;2500;1;18.75
3;17500;10;0;3500;1;18.73
3;17500;10;1;50;1;24.32
3;17500;10;1;250;1;23.82
3;17500;10;1;750;1;22.22
3;17500;10;1;1500;1;21.32
3;17500;10;1;2500;1;18.75
3;17500;10;1;3500;1;18.0
3;17500;14;0;50;1;22.8
3;17500;14;0;250;1;22.68
3;17500;14;0;750;1;22.26
3;17500;14;0;1500;1;19.2
3;17500;14;0;2500;1;17.49
3;17500;14;0;3500;1;17.71
3;17500;14;1;50;1;23.06
3;17500;14;1;250;1;22.19
3;17500;14;1;750;1;22.14
3;17500;14;1;1500;1;21.14
3;17500;14;1;2500;1;24.18
3;17500;14;1;3500;1;17.48
3;17500;20;0;50;1;23.5
3;17500;20;0;250;1;22.85
3;17500;20;0;750;1;22.63
3;17500;20;0;1500;1;21.83
3;17500;20;0;2500;1;19.23
3;17500;20;0;3500;1;18.03
3;17500;20;1;50;1;23.98
3;17500;20;1;250;1;23.58
3;17500;20;1;750;1;21.72
3;17500;20;1;1500;1;19.65
3;17500;20;1;2500;1;18.42
3;17500;20;1;3500;1;17.66
3;37500;3;0;50;1;3.71
3;37500;3;0;250;1;13.18
3;37500;3;0;750;1;11.77
3;37500;3;0;1500;1;11.43
3;37500;3;0;2500;1;10.79
3;37500;3;0;3500;1;11.26
3;37500;3;1;50;1;12.85
3;37500;3;1;250;1;13.11
3;37500;3;1;750;1;12.47
3;37500;3;1;1500;1;11.72
3;37500;3;1;2500;1;11.27
3;37500;3;1;3500;1;10.88
3;37500;6;0;50;1;11.29
3;37500;6;0;250;1;11.75
3;37500;6;0;750;1;11.66
3;37500;6;0;1500;1;11.14
3;37500;6;0;2500;1;9.66
3;37500;6;0;3500;1;11.11
3;37500;6;1;50;1;12.4
3;37500;6;1;250;1;12.2
3;37500;6;1;750;1;12.4
3;37500;6;1;1500;1;11.26
3;37500;6;1;2500;1;10.95
3;37500;6;1;3500;1;10.92
3;37500;10;0;50;1;11.85
3;37500;10;0;250;1;12.47
3;37500;10;0;750;1;12.11
3;37500;10;0;1500;1;11.88
3;37500;10;0;2500;1;10.84
3;37500;10;0;3500;1;10.78
3;37500;10;1;50;1;12.53
3;37500;10;1;250;1;12.23
3;37500;10;1;750;1;11.95
3;37500;10;1;1500;1;11.52
3;37500;10;1;2500;1;11.02
3;37500;10;1;3500;1;10.59
3;37500;14;0;50;1;12.17
3;37500;14;0;250;1;12.35
3;37500;14;0;750;1;11.24
3;37500;14;0;1500;1;11.54
3;37500;14;0;2500;1;10.88
3;37500;14;0;3500;1;10.96
3;37500;14;1;50;1;12.57
3;37500;14;1;250;1;12.44
3;37500;14;1;750;1;12.05
3;37500;14;1;1500;1;11.47
3;37500;14;1;2500;1;11.13
3;37500;14;1;3500;1;10.8
3;37500;20;0;50;1;12.42
3;37500;20;0;250;1;12.39
3;37500;20;0;750;1;11.79
3;37500;20;0;1500;1;11.73
3;37500;20;0;2500;1;10.64
3;37500;20;0;3500;1;10.85
3;37500;20;1;50;1;11.79
3;37500;20;1;250;1;12.23
3;37500;20;1;750;1;12.21
3;37500;20;1;1500;1;11.7
3;37500;20;1;2500;1;11.06
3;37500;20;1;3500;1;10.88
3;62500;3;0;50;1;2.91
3;62500;3;0;250;1;8.83
3;62500;3;0;750;1;8.41
3;62500;3;0;1500;1;8.39
3;62500;3;0;2500;1;7.84
3;62500;3;0;3500;1;6.61
3;62500;3;1;50;1;8.15
3;62500;3;1;250;1;8.22
3;62500;3;1;750;1;7.65
3;62500;3;1;1500;1;6.61
3;62500;3;1;2500;1;7.48
3;62500;3;1;3500;1;7.5
3;62500;6;0;50;1;7.89
3;62500;6;0;250;1;8.33
3;62500;6;0;750;1;6.65
3;62500;6;0;1500;1;6.36
3;62500;6;0;2500;1;6.35
3;62500;6;0;3500;1;6.14
3;62500;6;1;50;1;7.62
3;62500;6;1;250;1;8.24
3;62500;6;1;750;1;8.29
3;62500;6;1;1500;1;8.24
3;62500;6;1;2500;1;7.2
3;62500;6;1;3500;1;6.27
3;62500;10;0;50;1;5.88
3;62500;10;0;250;1;7.96
3;62500;10;0;750;1;8.43
3;62500;10;0;1500;1;7.48
3;62500;10;0;2500;1;7.69
3;62500;10;0;3500;1;7.79
3;62500;10;1;50;1;8.11
3;62500;10;1;250;1;6.39
3;62500;10;1;750;1;8.3
3;62500;10;1;1500;1;7.81
3;62500;10;1;2500;1;7.58
3;62500;10;1;3500;1;6.53
3;62500;14;0;50;1;6.41
3;62500;14;0;250;1;8.16
3;62500;14;0;750;1;6.1
3;62500;14;0;1500;1;6.1
3;62500;14;0;2500;1;7.26
3;62500;14;0;3500;1;5.35
3;62500;14;1;50;1;8.34
3;62500;14;1;250;1;7.84
3;62500;14;1;750;1;7.81
3;62500;14;1;1500;1;6.51
3;62500;14;1;2500;1;7.6
3;62500;14;1;3500;1;7.93
3;62500;20;0;50;1;7.44
3;62500;20;0;250;1;7.6
3;62500;20;0;750;1;7.56
3;62500;20;0;1500;1;6.35
3;62500;20;0;2500;1;7.79
3;62500;20;0;3500;1;7.54
3;62500;20;1;50;1;8.54
3;62500;20;1;250;1;8.53
3;62500;20;1;750;1;7.82
3;62500;20;1;1500;1;6.0
3;62500;20;1;2500;1;6.37
3;62500;20;1;3500;1;6.6
3;87500;3;0;50;1;2.78
3;87500;3;0;250;1;6.48
3;87500;3;0;750;1;6.0
3;87500;3;0;1500;1;4.98
3;87500;3;0;2500;1;5.54
3;87500;3;0;3500;1;5.39
3;87500;3;1;50;1;5.64
3;87500;3;1;250;1;5.81
3;87500;3;1;750;1;5.02
3;87500;3;1;1500;1;5.43
3;87500;3;1;2500;1;5.18
3;87500;3;1;3500;1;5.31
3;87500;6;0;50;1;5.8
3;87500;6;0;250;1;5.44
3;87500;6;0;750;1;5.37
3;87500;6;0;1500;1;5.47
3;87500;6;0;2500;1;4.89
3;87500;6;0;3500;1;5.66
3;87500;6;1;50;1;5.52
3;87500;6;1;250;1;5.37
3;87500;6;1;750;1;5.77
3;87500;6;1;1500;1;5.3
3;87500;6;1;2500;1;4.82
3;87500;6;1;3500;1;5.45
3;87500;10;0;50;1;5.52
3;87500;10;0;250;1;5.49
3;87500;10;0;750;1;5.48
3;87500;10;0;1500;1;4.74
3;87500;10;0;2500;1;5.35
3;87500;10;0;3500;1;5.39
3;87500;10;1;50;1;5.96
3;87500;10;1;250;1;5.74
3;87500;10;1;750;1;5.39
3;87500;10;1;1500;1;5.53
3;87500;10;1;2500;1;5.13
3;87500;10;1;3500;1;4.98
3;87500;14;0;50;1;5.65
3;87500;14;0;250;1;5.61
3;87500;14;0;750;1;5.54
3;87500;14;0;1500;1;5.66
3;87500;14;0;2500;1;5.15
3;87500;14;0;3500;1;5.02
3;87500;14;1;50;1;5.24
3;87500;14;1;250;1;5.51
3;87500;14;1;750;1;5.18
3;87500;14;1;1500;1;5.15
3;87500;14;1;2500;1;5.33
3;87500;14;1;3500;1;5.1
3;87500;20;0;50;1;5.32
3;87500;20;0;250;1;5.8
3;87500;20;0;750;1;5.64
3;87500;20;0;1500;1;4.88
3;87500;20;0;2500;1;5.65
3;87500;20;0;3500;1;4.78
3;87500;20;1;50;1;5.85
3;87500;20;1;250;1;5.58
3;87500;20;1;750;1;5.7
3;87500;20;1;1500;1;4.79
3;87500;20;1;2500;1;5.21
3;87500;20;1;3500;1;4.84
3;137500;3;0;50;1;3.42
3;137500;3;0;250;1;5.71
3;137500;3;0;750;1;4.82
3;137500;3;0;1500;1;5.12
3;137500;3;0;2500;1;4.9
3;137500;3;0;3500;1;4.47
3;137500;3;1;50;1;4.52
3;137500;3;1;250;1;5.19
3;137500;3;1;750;1;5.1
3;137500;3;1;1500;1;4.83
3;137500;3;1;2500;1;4.84
3;137500;3;1;3500;1;4.17
3;137500;6;0;50;1;5.09
3;137500;6;0;250;1;5.16
3;137500;6;0;750;1;5.07
3;137500;6;0;1500;1;5.08
3;137500;6;0;2500;1;4.81
3;137500;6;0;3500;1;4.81
3;137500;6;1;50;1;5.14
3;137500;6;1;250;1;4.95
3;137500;6;1;750;1;5.32
3;137500;6;1;1500;1;4.68
3;137500;6;1;2500;1;4.76
3;137500;6;1;3500;1;4.61
3;137500;10;0;50;1;4.87
3;137500;10;0;250;1;5.22
3;137500;10;0;750;1;4.82
3;137500;10;0;1500;1;4.94
3;137500;10;0;2500;1;4.9
3;137500;10;0;3500;1;4.58
3;137500;10;1;50;1;4.79
3;137500;10;1;250;1;5.21
3;137500;10;1;750;1;4.74
3;137500;10;1;1500;1;4.87
3;137500;10;1;2500;1;4.87
3;137500;10;1;3500;1;4.43
3;137500;14;0;50;1;5.43
3;137500;14;0;250;1;4.71
3;137500;14;0;750;1;5.37
3;137500;14;0;1500;1;4.84
3;137500;14;0;2500;1;4.56
3;137500;14;0;3500;1;4.41
3;137500;14;1;50;1;5.14
3;137500;14;1;250;1;4.93
3;137500;14;1;750;1;5.13
3;137500;14;1;1500;1;4.68
3;137500;14;1;2500;1;4.54
3;137500;14;1;3500;1;4.9
3;137500;20;0;50;1;5.1
3;137500;20;0;250;1;5.07
3;137500;20;0;750;1;4.95
3;137500;20;0;1500;1;4.68
3;137500;20;0;2500;1;5.03
3;137500;20;0;3500;1;4.85
3;137500;20;1;50;1;5.21
3;137500;20;1;250;1;4.78
3;137500;20;1;750;1;4.76
3;137500;20;1;1500;1;4.66
3;137500;20;1;2500;1;4.84
3;137500;20;1;3500;1;4.63
3;212500;3;0;50;1;4.48
3;212500;3;0;250;1;5.14
3;212500;3;0;750;1;4.96
3;212500;3;0;1500;1;4.53
3;212500;3;0;2500;1;4.94
3;212500;3;0;3500;1;4.6
3;212500;3;1;50;1;4.73
3;212500;3;1;250;1;4.94
3;212500;3;1;750;1;4.89
3;212500;3;1;1500;1;4.52
3;212500;3;1;2500;1;4.52
3;212500;3;1;3500;1;4.62
3;212500;6;0;50;1;5.25
3;212500;6;0;250;1;4.99
3;212500;6;0;750;1;4.81
3;212500;6;0;1500;1;4.51
3;212500;6;0;2500;1;4.33
3;212500;6;0;3500;1;4.29
3;212500;6;1;50;1;4.9
3;212500;6;1;250;1;4.59
3;212500;6;1;750;1;5.15
3;212500;6;1;1500;1;4.65
3;212500;6;1;2500;1;4.23
3;212500;6;1;3500;1;4.34
3;212500;10;0;50;1;4.86
3;212500;10;0;250;1;5.3
3;212500;10;0;750;1;5.39
3;212500;10;0;1500;1;5.12
3;212500;10;0;2500;1;4.54
3;212500;10;0;3500;1;4.64
3;212500;10;1;50;1;4.65
3;212500;10;1;250;1;4.94
3;212500;10;1;750;1;4.66
3;212500;10;1;1500;1;5.2
3;212500;10;1;2500;1;4.54
3;212500;10;1;3500;1;4.79
3;212500;14;0;50;1;5.0
3;212500;14;0;250;1;4.99
3;212500;14;0;750;1;4.84
3;212500;14;0;1500;1;4.96
3;212500;14;0;2500;1;4.71
3;212500;14;0;3500;1;4.81
3;212500;14;1;50;1;5.12
3;212500;14;1;250;1;4.76
3;212500;14;1;750;1;4.7
3;212500;14;1;1500;1;4.94
3;212500;14;1;2500;1;4.7
3;212500;14;1;3500;1;4.58
3;212500;20;0;50;1;4.85
3;212500;20;0;250;1;5.41
3;212500;20;0;750;1;5.0
3;212500;20;0;1500;1;4.59
3;212500;20;0;2500;1;4.86
3;212500;20;0;3500;1;4.44
3;212500;20;1;50;1;4.73
3;212500;20;1;250;1;4.89
3;212500;20;1;750;1;5.04
3;212500;20;1;1500;1;4.76
3;212500;20;1;2500;1;4.69
3;212500;20;1;3500;1;5.08
3;300000;3;0;50;1;4.55
3;300000;3;0;250;1;5.22
3;300000;3;0;750;1;4.93
3;300000;3;0;1500;1;4.66
3;300000;3;0;2500;1;5.05
3;300000;3;0;3500;1;4.81
3;300000;3;1;50;1;4.79
3;300000;3;1;250;1;5.09
3;300000;3;1;750;1;4.92
3;300000;3;1;1500;1;4.76
3;300000;3;1;2500;1;4.83
3;300000;3;1;3500;1;4.84
3;300000;6;0;50;1;4.92
3;300000;6;0;250;1;5.16
3;300000;6;0;750;1;5.0
3;300000;6;0;1500;1;4.51
3;300000;6;0;2500;1;4.73
3;300000;6;0;3500;1;5.0
3;300000;6;1;50;1;4.92
3;300000;6;1;250;1;4.73
3;300000;6;1;750;1;4.82
3;300000;6;1;1500;1;4.64
3;300000;6;1;2500;1;4.56
3;300000;6;1;3500;1;4.24
3;300000;10;0;50;1;4.96
3;300000;10;0;250;1;5.06
3;300000;10;0;750;1;4.97
3;300000;10;0;1500;1;5.03
3;300000;10;0;2500;1;4.72
3;300000;10;0;3500;1;4.75
3;300000;10;1;50;1;5.31
3;300000;10;1;250;1;4.61
3;300000;10;1;750;1;4.82
3;300000;10;1;1500;1;4.93
3;300000;10;1;2500;1;4.73
3;300000;10;1;3500;1;4.59
3;300000;14;0;50;1;4.55
3;300000;14;0;250;1;5.2
3;300000;14;0;750;1;4.66
3;300000;14;0;1500;1;5.31
3;300000;14;0;2500;1;4.96
3;300000;14;0;3500;1;4.1
3;300000;14;1;50;1;4.87
3;300000;14;1;250;1;5.31
3;300000;14;1;750;1;4.63
3;300000;14;1;1500;1;4.91
3;300000;14;1;2500;1;4.41
3;300000;14;1;3500;1;4.72
3;300000;20;0;50;1;5.12
3;300000;20;0;250;1;4.96
3;300000;20;0;750;1;4.93
3;300000;20;0;1500;1;4.69
3;300000;20;0;2500;1;4.66
3;300000;20;0;3500;1;4.66
3;300000;20;1;50;1;5.26
3;300000;20;1;250;1;4.9
3;300000;20;1;750;1;4.52
3;300000;20;1;1500;1;4.76
3;300000;20;1;2500;1;4.9
3;300000;20;1;3500;1;4.32
4;50;3;0;50;0;0.76
4;50;3;0;250;0;135.8
4;50;3;0;750;0;85.89
4;50;3;0;1500;0;58.29
4;50;3;0;2500;0;44.21
4;50;3;0;3500;0;39.0
4;50;3;1;50;0;125.21
4;50;3;1;250;0;118.95
4;50;3;1;750;0;83.67
4;50;3;1;1500;0;57.96
4;50;3;1;2500;0;42.45
4;50;3;1;3500;0;37.26
4;50;6;0;50;0;123.97
4;50;6;0;250;0;116.69
4;50;6;0;750;0;85.93
4;50;6;0;1500;0;61.8
4;50;6;0;2500;0;43.1
4;50;6;0;3500;0;37.47
4;50;6;1;50;0;117.15
4;50;6;1;250;0;115.24
4;50;6;1;750;0;85.18
4;50;6;1;1500;0;59.64
4;50;6;1;2500;0;42.74
4;50;6;1;3500;0;37.21
4;50;10;0;50;0;125.13
4;50;10;0;250;0;117.95
4;50;10;0;750;0;86.16
4;50;10;0;1500;0;55.55
4;50;10;0;2500;0;42.7
4;50;10;0;3500;0;37.12
4;50;10;1;50;0;119.36
4;50;10;1;250;0;111.81
4;50;10;1;750;0;81.82
4;50;10;1;1500;0;58.71
4;50;10;1;2500;0;42.28
4;50;10;1;3500;0;37.13
4;50;14;0;50;0;125.44
4;50;14;0;250;0;119.64
4;50;14;0;750;0;83.54
4;50;14;0;1500;0;59.31
4;50;14;0;2500;0;42.62
4;50;14;0;3500;0;36.98
4;50;14;1;50;0;116.38
4;50;14;1;250;0;110.12
4;50;14;1;750;0;82.57
4;50;14;1;1500;0;58.32
4;50;14;1;2500;0;42.43
4;50;14;1;3500;0;36.95
4;50;20;0;50;0;125.77
4;50;20;0;250;0;116.53
4;50;20;0;750;0;84.23
4;50;20;0;1500;0;59.4
4;50;20;0;2500;0;42.92
4;50;20;0;3500;0;37.28
4;50;20;1;50;0;118.21
4;50;20;1;250;0;110.72
4;50;20;1;750;0;81.63
4;50;20;1;1500;0;57.25
4;50;20;1;2500;0;37.29
4;50;20;1;3500;0;32.16
4;300;3;0;50;0;78.4
4;300;3;0;250;0;114.98
4;300;3;0;750;0;88.25
4;300;3;0;1500;0;59.85
4;300;3;0;2500;0;43.85
4;300;3;0;3500;0;37.36
4;300;3;1;50;0;109.97
4;300;3;1;250;0;106.37
4;300;3;1;750;0;78.05
4;300;3;1;1500;0;57.68
4;300;3;1;2500;0;42.66
4;300;3;1;3500;0;36.77
4;300;6;0;50;0;96.56
4;300;6;0;250;0;95.59
4;300;6;0;750;0;77.03
4;300;6;0;1500;0;57.9
4;300;6;0;2500;0;43.48
4;300;6;0;3500;0;37.57
4;300;6;1;50;0;112.09
4;300;6;1;250;0;109.51
4;300;6;1;750;0;78.52
4;300;6;1;1500;0;57.82
4;300;6;1;2500;0;39.93
4;300;6;1;3500;0;36.77
4;300;10;0;50;0;116.42
4;300;10;0;250;0;110.39
4;300;10;0;750;0;83.75
4;300;10;0;1500;0;50.33
4;300;10;0;2500;0;35.91
4;300;10;0;3500;0;32.91
4;300;10;1;50;0;99.82
4;300;10;1;250;0;105.47
4;300;10;1;750;0;84.65
4;300;10;1;1500;0;62.76
4;300;10;1;2500;0;42.99
4;300;10;1;3500;0;37.03
4;300;14;0;50;0;117.91
4;300;14;0;250;0;111.14
4;300;14;0;750;0;84.19
4;300;14;0;1500;0;57.57
4;300;14;0;2500;0;42.22
4;300;14;0;3500;0;36.63
4;300;14;1;50;0;109.57
4;300;14;1;250;0;104.58
4;300;14;1;750;0;78.51
4;300;14;1;1500;0;57.32
4;300;14;1;2500;0;36.88
4;300;14;1;3500;0;32.94
4;300;20;0;50;0;117.19
4;300;20;0;250;0;116.58
4;300;20;0;750;0;85.52
4;300;20;0;1500;0;57.92
4;300;20;0;2500;0;42.23
4;300;20;0;3500;0;34.81
4;300;20;1;50;0;98.27
4;300;20;1;250;0;105.23
4;300;20;1;750;0;83.66
4;300;20;1;1500;0;58.42
4;300;20;1;2500;0;42.42
4;300;20;1;3500;0;36.63
4;750;3;0;50;0;70.83
4;750;3;0;250;0;102.02
4;750;3;0;750;0;76.78
4;750;3;0;1500;0;55.98
4;750;3;0;2500;0;39.13
4;750;3;0;3500;0;35.95
4;750;3;1;50;0;95.56
4;750;3;1;250;0;96.9
4;750;3;1;750;0;71.76
4;750;3;1;1500;0;53.01
4;750;3;1;2500;0;38.99
4;750;3;1;3500;0;34.91
4;750;6;0;50;0;98.84
4;750;6;0;250;0;99.47
4;750;6;0;750;0;72.68
4;750;6;0;1500;0;55.3
4;750;6;0;2500;0;39.12
4;750;6;0;3500;0;34.98
4;750;6;1;50;0;91.97
4;750;6;1;250;0;95.5
4;750;6;1;750;0;72.32
4;750;6;1;1500;0;55.56
4;750;6;1;2500;0;39.53
4;750;6;1;3500;0;33.3
4;750;10;0;50;0;98.52
4;750;10;0;250;0;98.35
4;750;10;0;750;0;74.75
4;750;10;0;1500;0;55.33
4;750;10;0;2500;0;38.95
4;750;10;0;3500;0;35.3
4;750;10;1;50;0;90.33
4;750;10;1;250;0;92.6
4;750;10;1;750;0;62.62
4;750;10;1;1500;0;46.36
4;750;10;1;2500;0;36.78
4;750;10;1;3500;0;36.01
4;750;14;0;50;0;106.65
4;750;14;0;250;0;104.97
4;750;14;0;750;0;78.47
4;750;14;0;1500;0;56.13
4;750;14;0;2500;0;39.6
4;750;14;0;3500;0;36.23
4;750;14;1;50;0;92.13
4;750;14;1;250;0;91.61
4;750;14;1;750;0;72.82
4;750;14;1;1500;0;52.35
4;750;14;1;2500;0;38.73
4;750;14;1;3500;0;32.85
4;750;20;0;50;0;99.34
4;750;20;0;250;0;99.02
4;750;20;0;750;0;76.52
4;750;20;0;1500;0;55.58
4;750;20;0;2500;0;39.05
4;750;20;0;3500;0;35.94
4;750;20;1;50;0;92.03
4;750;20;1;250;0;92.54
4;750;20;1;750;0;71.61
4;750;20;1;1500;0;52.46
4;750;20;1;2500;0;38.6
4;750;20;1;3500;0;35.3
4;3000;3;0;50;0;38.61
4;3000;3;0;250;0;64.01
4;3000;3;0;750;0;55.83
4;3000;3;0;1500;0;44.58
4;3000;3;0;2500;0;33.21
4;3000;3;0;3500;0;30.11
4;3000;3;1;50;0;58.86
4;3000;3;1;250;0;58.49
4;3000;3;1;750;0;52.67
4;3000;3;1;1500;0;43.44
4;3000;3;1;2500;0;32.89
4;3000;3;1;3500;0;30.24
4;3000;6;0;50;0;59.38
4;3000;6;0;250;0;59.04
4;3000;6;0;750;0;52.86
4;3000;6;0;1500;0;43.42
4;3000;6;0;2500;0;35.16
4;3000;6;0;3500;0;30.87
4;3000;6;1;50;0;57.7
4;3000;6;1;250;0;58.78
4;3000;6;1;750;0;51.92
4;3000;6;1;1500;0;42.86
4;3000;6;1;2500;0;32.42
4;3000;6;1;3500;0;30.1
4;3000;10;0;50;0;59.12
4;3000;10;0;250;0;62.15
4;3000;10;0;750;0;55.85
4;3000;10;0;1500;0;43.75
4;3000;10;0;2500;0;31.92
4;3000;10;0;3500;0;31.06
4;3000;10;1;50;0;58.49
4;3000;10;1;250;0;58.74
4;3000;10;1;750;0;55.1
4;3000;10;1;1500;0;43.1
4;3000;10;1;2500;0;32.03
4;3000;10;1;3500;0;30.96
4;3000;14;0;50;0;59.88
4;3000;14;0;250;0;61.75
4;3000;14;0;750;0;55.55
4;3000;14;0;1500;0;44.69
4;3000;14;0;2500;0;35.07
4;3000;14;0;3500;0;30.87
4;3000;14;1;50;0;58.65
4;3000;14;1;250;0;58.65
4;3000;14;1;750;0;52.8
4;3000;14;1;1500;0;44.76
4;3000;14;1;2500;0;32.58
4;3000;14;1;3500;0;29.48
4;3000;20;0;50;0;62.18
4;3000;20;0;250;0;62.45
4;3000;20;0;750;0;56.32
4;3000;20;0;1500;0;43.87
4;3000;20;0;2500;0;32.65
4;3000;20;0;3500;0;31.26
4;3000;20;1;50;0;59.15
4;3000;20;1;250;0;62.11
4;3000;20;1;750;0;53.23
4;3000;20;1;1500;0;44.64
4;3000;20;1;2500;0;30.41
4;3000;20;1;3500;0;29.28
4;7500;3;0;50;0;18.37
4;7500;3;0;250;0;35.3
4;7500;3;0;750;0;26.33
4;7500;3;0;1500;0;23.4
4;7500;3;0;2500;0;19.11
4;7500;3;0;3500;0;17.37
4;7500;3;1;50;0;22.6
4;7500;3;1;250;0;13.22
4;7500;3;1;750;0;11.37
4;7500;3;1;1500;0;10.05
4;7500;3;1;2500;0;9.21
4;7500;3;1;3500;0;9.06
4;7500;6;0;50;0;10.74
4;7500;6;0;250;0;10.51
4;7500;6;0;750;0;11.44
4;7500;6;0;1500;0;10.92
4;7500;6;0;2500;0;10.41
4;7500;6;0;3500;0;10.33
4;7500;6;1;50;0;10.81
4;7500;6;1;250;0;10.55
4;7500;6;1;750;0;10.78
4;7500;6;1;1500;0;10.77
4;7500;6;1;2500;0;9.58
4;7500;6;1;3500;0;9.36
4;7500;10;0;50;0;9.67
4;7500;10;0;250;0;10.41
4;7500;10;0;750;0;10.33
4;7500;10;0;1500;0;11.15
4;7500;10;0;2500;0;12.02
4;7500;10;0;3500;0;12.09
4;7500;10;1;50;0;17.62
4;7500;10;1;250;0;18.02
4;7500;10;1;750;0;19.42
4;7500;10;1;1500;0;17.02
4;7500;10;1;2500;0;17.51
4;7500;10;1;3500;0;13.13
4;7500;14;0;50;0;19.83
4;7500;14;0;250;0;22.25
4;7500;14;0;750;0;22.19
4;7500;14;0;1500;0;16.57
4;7500;14;0;2500;0;12.07
4;7500;14;0;3500;0;11.66
4;7500;14;1;50;0;13.21
4;7500;14;1;250;0;16.79
4;7500;14;1;750;0;17.68
4;7500;14;1;1500;0;16.27
4;7500;14;1;2500;0;17.3
4;7500;14;1;3500;0;18.29
4;7500;20;0;50;0;29.38
4;7500;20;0;250;0;30.87
4;7500;20;0;750;0;30.83
4;7500;20;0;1500;0;28.6
4;7500;20;0;2500;0;24.97
4;7500;20;0;3500;0;23.74
4;7500;20;1;50;0;33.2
4;7500;20;1;250;0;32.76
4;7500;20;1;750;0;31.27
4;7500;20;1;1500;0;29.31
4;7500;20;1;2500;0;25.43
4;7500;20;1;3500;0;24.0
4;17500;3;0;50;0;5.57
4;17500;3;0;250;0;21.14
4;17500;3;0;750;0;17.98
4;17500;3;0;1500;0;16.7
4;17500;3;0;2500;0;15.89
4;17500;3;0;3500;0;13.07
4;17500;3;1;50;0;16.43
4;17500;3;1;250;0;15.82
4;17500;3;1;750;0;11.08
4;17500;3;1;1500;0;8.11
4;17500;3;1;2500;0;8.12
4;17500;3;1;3500;0;5.28
4;17500;6;0;50;0;4.32
4;17500;6;0;250;0;5.66
4;17500;6;0;750;0;5.7
4;17500;6;0;1500;0;7.8
4;17500;6;0;2500;0;6.2
4;17500;6;0;3500;0;6.01
4;17500;6;1;50;0;8.42
4;17500;6;1;250;0;8.33
4;17500;6;1;750;0;9.3
4;17500;6;1;1500;0;10.41
4;17500;6;1;2500;0;12.14
4;17500;6;1;3500;0;12.12
4;17500;10;0;50;0;16.8
4;17500;10;0;250;0;16.58
4;17500;10;0;750;0;16.97
4;17500;10;0;1500;0;15.2
4;17500;10;0;2500;0;8.51
4;17500;10;0;3500;0;12.75
4;17500;10;1;50;0;16.9
4;17500;10;1;250;0;17.06
4;17500;10;1;750;0;17.64
4;17500;10;1;1500;0;17.34
4;17500;10;1;2500;0;15.16
4;17500;10;1;3500;0;12.19
4;17500;14;0;50;0;16.02
4;17500;14;0;250;0;15.4
4;17500;14;0;750;0;12.91
4;17500;14;0;1500;0;12.96
4;17500;14;0;2500;0;12.55
4;17500;14;0;3500;0;11.55
4;17500;14;1;50;0;12.6
4;17500;14;1;250;0;15.56
4;17500;14;1;750;0;13.21
4;17500;14;1;1500;0;14.71
4;17500;14;1;2500;0;12.66
4;17500;14;1;3500;0;11.02
4;17500;20;0;50;0;16.13
4;17500;20;0;250;0;15.95
4;17500;20;0;750;0;15.27
4;17500;20;0;1500;0;12.78
4;17500;20;0;2500;0;12.2
4;17500;20;0;3500;0;12.07
4;17500;20;1;50;0;15.84
4;17500;20;1;250;0;16.47
4;17500;20;1;750;0;12.22
4;17500;20;1;1500;0;12.51
4;17500;20;1;2500;0;12.48
4;17500;20;1;3500;0;11.46
4;37500;3;0;50;0;3.35
4;37500;3;0;250;0;8.43
4;37500;3;0;750;0;8.09
4;37500;3;0;1500;0;6.5
4;37500;3;0;2500;0;7.98
4;37500;3;0;3500;0;5.97
4;37500;3;1;50;0;8.17
4;37500;3;1;250;0;9.0
4;37500;3;1;750;0;6.5
4;37500;3;1;1500;0;7.77
4;37500;3;1;2500;0;6.46
4;37500;3;1;3500;0;5.87
4;37500;6;0;50;0;8.93
4;37500;6;0;250;0;5.88
4;37500;6;0;750;0;5.96
4;37500;6;0;1500;0;9.24
4;37500;6;0;2500;0;6.35
4;37500;6;0;3500;0;7.64
4;37500;6;1;50;0;7.91
4;37500;6;1;250;0;8.21
4;37500;6;1;750;0;8.81
4;37500;6;1;1500;0;6.28
4;37500;6;1;2500;0;7.69
4;37500;6;1;3500;0;8.06
4;37500;10;0;50;0;9.69
4;37500;10;0;250;0;8.95
4;37500;10;0;750;0;9.27
4;37500;10;0;1500;0;9.15
4;37500;10;0;2500;0;8.88
4;37500;10;0;3500;0;8.79
4;37500;10;1;50;0;9.66
4;37500;10;1;250;0;9.38
4;37500;10;1;750;0;9.24
4;37500;10;1;1500;0;8.98
4;37500;10;1;2500;0;8.66
4;37500;10;1;3500;0;8.14
4;37500;14;0;50;0;9.59
4;37500;14;0;250;0;9.11
4;37500;14;0;750;0;9.38
4;37500;14;0;1500;0;8.92
4;37500;14;0;2500;0;8.82
4;37500;14;0;3500;0;8.33
4;37500;14;1;50;0;9.49
4;37500;14;1;250;0;8.91
4;37500;14;1;750;0;8.76
4;37500;14;1;1500;0;8.81
4;37500;14;1;2500;0;8.18
4;37500;14;1;3500;0;7.92
4;37500;20;0;50;0;9.22
4;37500;20;0;250;0;8.98
4;37500;20;0;750;0;9.08
4;37500;20;0;1500;0;8.93
4;37500;20;0;2500;0;8.71
4;37500;20;0;3500;0;8.48
4;37500;20;1;50;0;9.7
4;37500;20;1;250;0;8.99
4;37500;20;1;750;0;8.94
4;37500;20;1;1500;0;8.99
4;37500;20;1;2500;0;8.41
4;37500;20;1;3500;0;8.32
4;62500;3;0;50;0;2.4
4;62500;3;0;250;0;6.38
4;62500;3;0;750;0;5.42
4;62500;3;0;1500;0;5.64
4;62500;3;0;2500;0;5.62
4;62500;3;0;3500;0;5.62
4;62500;3;1;50;0;5.32
4;62500;3;1;250;0;5.68
4;62500;3;1;750;0;5.59
4;62500;3;1;1500;0;5.51
4;62500;3;1;2500;0;5.32
4;62500;3;1;3500;0;5.16
4;62500;6;0;50;0;5.84
4;62500;6;0;250;0;5.72
4;62500;6;0;750;0;5.71
4;62500;6;0;1500;0;5.46
4;62500;6;0;2500;0;5.05
4;62500;6;0;3500;0;5.2
4;62500;6;1;50;0;5.47
4;62500;6;1;250;0;5.4
4;62500;6;1;750;0;5.33
4;62500;6;1;1500;0;5.84
4;62500;6;1;2500;0;5.29
4;62500;6;1;3500;0;5.4
4;62500;10;0;50;0;5.24
4;62500;10;0;250;0;5.71
4;62500;10;0;750;0;5.75
4;62500;10;0;1500;0;5.35
4;62500;10;0;2500;0;5.09
4;62500;10;0;3500;0;5.08
4;62500;10;1;50;0;5.61
4;62500;10;1;250;0;5.87
4;62500;10;1;750;0;5.46
4;62500;10;1;1500;0;5.24
4;62500;10;1;2500;0;5.32
4;62500;10;1;3500;0;4.76
4;62500;14;0;50;0;6.25
4;62500;14;0;250;0;5.92
4;62500;14;0;750;0;5.59
4;62500;14;0;1500;0;5.35
4;62500;14;0;2500;0;5.47
4;62500;14;0;3500;0;5.2
4;62500;14;1;50;0;5.71
4;62500;14;1;250;0;5.81
4;62500;14;1;750;0;5.6
4;62500;14;1;1500;0;5.18
4;62500;14;1;2500;0;5.26
4;62500;14;1;3500;0;5.17
4;62500;20;0;50;0;5.53
4;62500;20;0;250;0;5.44
4;62500;20;0;750;0;5.66
4;62500;20;0;1500;0;5.71
4;62500;20;0;2500;0;5.19
4;62500;20;0;3500;0;5.41
4;62500;20;1;50;0;5.74
4;62500;20;1;250;0;5.77
4;62500;20;1;750;0;5.56
4;62500;20;1;1500;0;5.11
4;62500;20;1;2500;0;5.39
4;62500;20;1;3500;0;5.36
4;87500;3;0;50;0;2.46
4;87500;3;0;250;0;4.73
4;87500;3;0;750;0;4.3
4;87500;3;0;1500;0;4.12
4;87500;3;0;2500;0;3.85
4;87500;3;0;3500;0;4.01
4;87500;3;1;50;0;4.55
4;87500;3;1;250;0;4.14
4;87500;3;1;750;0;4.17
4;87500;3;1;1500;0;3.74
4;87500;3;1;2500;0;3.83
4;87500;3;1;3500;0;3.74
4;87500;6;0;50;0;3.85
4;87500;6;0;250;0;3.91
4;87500;6;0;750;0;4.26
4;87500;6;0;1500;0;4.03
4;87500;6;0;2500;0;4.37
4;87500;6;0;3500;0;3.59
4;87500;6;1;50;0;4.29
4;87500;6;1;250;0;4.36
4;87500;6;1;750;0;4.03
4;87500;6;1;1500;0;3.84
4;87500;6;1;2500;0;4.13
4;87500;6;1;3500;0;3.79
4;87500;10;0;50;0;4.54
4;87500;10;0;250;0;3.94
4;87500;10;0;750;0;3.47
4;87500;10;0;1500;0;3.68
4;87500;10;0;2500;0;4.21
4;87500;10;0;3500;0;4.37
4;87500;10;1;50;0;4.51
4;87500;10;1;250;0;4.04
4;87500;10;1;750;0;3.86
4;87500;10;1;1500;0;3.91
4;87500;10;1;2500;0;4.03
4;87500;10;1;3500;0;4.4
4;87500;14;0;50;0;4.18
4;87500;14;0;250;0;4.34
4;87500;14;0;750;0;4.33
4;87500;14;0;1500;0;4.01
4;87500;14;0;2500;0;3.91
4;87500;14;0;3500;0;3.89
4;87500;14;1;50;0;3.89
4;87500;14;1;250;0;4.33
4;87500;14;1;750;0;4.0
4;87500;14;1;1500;0;3.89
4;87500;14;1;2500;0;3.75
4;87500;14;1;3500;0;4.07
4;87500;20;0;50;0;4.1
4;87500;20;0;250;0;4.3
4;87500;20;0;750;0;4.21
4;87500;20;0;1500;0;4.21
4;87500;20;0;2500;0;4.0
4;87500;20;0;3500;0;4.01
4;87500;20;1;50;0;3.84
4;87500;20;1;250;0;4.11
4;87500;20;1;750;0;3.86
4;87500;20;1;1500;0;3.33
4;87500;20;1;2500;0;3.9
4;87500;20;1;3500;0;3.75
4;137500;3;0;50;0;2.82
4;137500;3;0;250;0;3.46
4;137500;3;0;750;0;3.74
4;137500;3;0;1500;0;3.73
4;137500;3;0;2500;0;3.63
4;137500;3;0;3500;0;2.9
4;137500;3;1;50;0;3.79
4;137500;3;1;250;0;3.86
4;137500;3;1;750;0;3.78
4;137500;3;1;1500;0;3.59
4;137500;3;1;2500;0;3.25
4;137500;3;1;3500;0;3.23
4;137500;6;0;50;0;3.77
4;137500;6;0;250;0;3.88
4;137500;6;0;750;0;3.76
4;137500;6;0;1500;0;3.57
4;137500;6;0;2500;0;3.81
4;137500;6;0;3500;0;3.54
4;137500;6;1;50;0;3.56
4;137500;6;1;250;0;3.73
4;137500;6;1;750;0;3.49
4;137500;6;1;1500;0;3.35
4;137500;6;1;2500;0;3.53
4;137500;6;1;3500;0;3.65
4;137500;10;0;50;0;3.56
4;137500;10;0;250;0;3.69
4;137500;10;0;750;0;3.68
4;137500;10;0;1500;0;3.73
4;137500;10;0;2500;0;3.52
4;137500;10;0;3500;0;3.51
4;137500;10;1;50;0;3.32
4;137500;10;1;250;0;3.48
4;137500;10;1;750;0;3.65
4;137500;10;1;1500;0;3.76
4;137500;10;1;2500;0;3.38
4;137500;10;1;3500;0;3.36
4;137500;14;0;50;0;3.46
4;137500;14;0;250;0;4.2
4;137500;14;0;750;0;4.04
4;137500;14;0;1500;0;3.83
4;137500;14;0;2500;0;3.43
4;137500;14;0;3500;0;3.68
4;137500;14;1;50;0;3.72
4;137500;14;1;250;0;3.82
4;137500;14;1;750;0;3.4
4;137500;14;1;1500;0;3.58
4;137500;14;1;2500;0;3.26
4;137500;14;1;3500;0;3.1
4;137500;20;0;50;0;3.22
4;137500;20;0;250;0;4.0
4;137500;20;0;750;0;3.29
4;137500;20;0;1500;0;3.37
4;137500;20;0;2500;0;3.39
4;137500;20;0;3500;0;3.34
4;137500;20;1;50;0;3.81
4;137500;20;1;250;0;3.78
4;137500;20;1;750;0;3.7
4;137500;20;1;1500;0;3.5
4;137500;20;1;2500;0;3.48
4;137500;20;1;3500;0;3.53
4;212500;3;0;50;0;3.58
4;212500;3;0;250;0;3.54
4;212500;3;0;750;0;3.76
4;212500;3;0;1500;0;3.61
4;212500;3;0;2500;0;3.32
4;212500;3;0;3500;0;3.73
4;212500;3;1;50;0;3.66
4;212500;3;1;250;0;3.9
4;212500;3;1;750;0;3.62
4;212500;3;1;1500;0;3.54
4;212500;3;1;2500;0;3.44
4;212500;3;1;3500;0;3.57
4;212500;6;0;50;0;3.42
4;212500;6;0;250;0;3.66
4;212500;6;0;750;0;3.87
4;212500;6;0;1500;0;3.66
4;212500;6;0;2500;0;3.45
4;212500;6;0;3500;0;3.72
4;212500;6;1;50;0;3.64
4;212500;6;1;250;0;3.87
4;212500;6;1;750;0;3.36
4;212500;6;1;1500;0;3.51
4;212500;6;1;2500;0;3.06
4;212500;6;1;3500;0;3.52
4;212500;10;0;50;0;3.51
4;212500;10;0;250;0;3.89
4;212500;10;0;750;0;3.56
4;212500;10;0;1500;0;3.48
4;212500;10;0;2500;0;3.7
4;212500;10;0;3500;0;3.6
4;212500;10;1;50;0;3.45
4;212500;10;1;250;0;3.29
4;212500;10;1;750;0;3.54
4;212500;10;1;1500;0;3.22
4;212500;10;1;2500;0;3.13
4;212500;10;1;3500;0;3.47
4;212500;14;0;50;0;3.69
4;212500;14;0;250;0;3.7
4;212500;14;0;750;0;3.72
4;212500;14;0;1500;0;3.74
4;212500;14;0;2500;0;3.41
4;212500;14;0;3500;0;3.77
4;212500;14;1;50;0;3.89
4;212500;14;1;250;0;3.52
4;212500;14;1;750;0;3.79
4;212500;14;1;1500;0;3.68
4;212500;14;1;2500;0;3.6
4;212500;14;1;3500;0;3.44
4;212500;20;0;50;0;3.33
4;212500;20;0;250;0;3.41
4;212500;20;0;750;0;3.3
4;212500;20;0;1500;0;3.55
4;212500;20;0;2500;0;3.71
4;212500;20;0;3500;0;3.77
4;212500;20;1;50;0;3.54
4;212500;20;1;250;0;3.23
4;212500;20;1;750;0;3.6
4;212500;20;1;1500;0;4.01
4;212500;20;1;2500;0;3.4
4;212500;20;1;3500;0;3.89
4;300000;3;0;50;0;3.67
4;300000;3;0;250;0;3.92
4;300000;3;0;750;0;3.53
4;300000;3;0;1500;0;3.68
4;300000;3;0;2500;0;3.68
4;300000;3;0;3500;0;3.56
4;300000;3;1;50;0;3.33
4;300000;3;1;250;0;3.68
4;300000;3;1;750;0;3.02
4;300000;3;1;1500;0;3.41
4;300000;3;1;2500;0;3.3
4;300000;3;1;3500;0;3.72
4;300000;6;0;50;0;3.71
4;300000;6;0;250;0;3.87
4;300000;6;0;750;0;3.61
4;300000;6;0;1500;0;3.45
4;300000;6;0;2500;0;3.13
4;300000;6;0;3500;0;3.73
4;300000;6;1;50;0;3.85
4;300000;6;1;250;0;3.99
4;300000;6;1;750;0;3.44
4;300000;6;1;1500;0;3.64
4;300000;6;1;2500;0;3.41
4;300000;6;1;3500;0;3.49
4;300000;10;0;50;0;3.36
4;300000;10;0;250;0;3.92
4;300000;10;0;750;0;3.71
4;300000;10;0;1500;0;3.41
4;300000;10;0;2500;0;4.0
4;300000;10;0;3500;0;3.53
4;300000;10;1;50;0;3.78
4;300000;10;1;250;0;3.53
4;300000;10;1;750;0;3.75
4;300000;10;1;1500;0;3.42
4;300000;10;1;2500;0;3.54
4;300000;10;1;3500;0;3.4
4;300000;14;0;50;0;3.65
4;300000;14;0;250;0;3.73
4;300000;14;0;750;0;3.67
4;300000;14;0;1500;0;3.54
4;300000;14;0;2500;0;3.66
4;300000;14;0;3500;0;3.38
4;300000;14;1;50;0;3.88
4;300000;14;1;250;0;3.4
4;300000;14;1;750;0;3.79
4;300000;14;1;1500;0;3.54
4;300000;14;1;2500;0;3.54
4;300000;14;1;3500;0;3.62
4;300000;20;0;50;0;3.79
4;300000;20;0;250;0;3.54
4;300000;20;0;750;0;3.81
4;300000;20;0;1500;0;3.23
4;300000;20;0;2500;0;3.51
4;300000;20;0;3500;0;3.94
4;300000;20;1;50;0;3.87
4;300000;20;1;250;0;3.72
4;300000;20;1;750;0;3.46
4;300000;20;1;1500;0;3.52
4;300000;20;1;2500;0;3.59
4;300000;20;1;3500;0;3.39
4;50;3;0;50;1;0.74
4;50;3;0;250;1;132.59
4;50;3;0;750;1;87.53
4;50;3;0;1500;1;58.16
4;50;3;0;2500;1;45.03
4;50;3;0;3500;1;39.53
4;50;3;1;50;1;110.23
4;50;3;1;250;1;109.62
4;50;3;1;750;1;88.44
4;50;3;1;1500;1;62.6
4;50;3;1;2500;1;43.93
4;50;3;1;3500;1;37.95
4;50;6;0;50;1;125.19
4;50;6;0;250;1;119.7
4;50;6;0;750;1;88.4
4;50;6;0;1500;1;59.4
4;50;6;0;2500;1;43.35
4;50;6;0;3500;1;37.59
4;50;6;1;50;1;122.69
4;50;6;1;250;1;111.95
4;50;6;1;750;1;84.67
4;50;6;1;1500;1;57.82
4;50;6;1;2500;1;43.38
4;50;6;1;3500;1;36.96
4;50;10;0;50;1;122.89
4;50;10;0;250;1;116.93
4;50;10;0;750;1;85.62
4;50;10;0;1500;1;59.8
4;50;10;0;2500;1;42.83
4;50;10;0;3500;1;37.52
4;50;10;1;50;1;119.08
4;50;10;1;250;1;112.44
4;50;10;1;750;1;84.72
4;50;10;1;1500;1;59.76
4;50;10;1;2500;1;42.96
4;50;10;1;3500;1;37.62
4;50;14;0;50;1;123.86
4;50;14;0;250;1;118.2
4;50;14;0;750;1;85.04
4;50;14;0;1500;1;61.88
4;50;14;0;2500;1;43.86
4;50;14;0;3500;1;37.69
4;50;14;1;50;1;119.8
4;50;14;1;250;1;111.39
4;50;14;1;750;1;83.78
4;50;14;1;1500;1;59.7
4;50;14;1;2500;1;41.83
4;50;14;1;3500;1;36.82
4;50;20;0;50;1;124.91
4;50;20;0;250;1;115.54
4;50;20;0;750;1;83.05
4;50;20;0;1500;1;58.27
4;50;20;0;2500;1;43.1
4;50;20;0;3500;1;35.47
4;50;20;1;50;1;108.68
4;50;20;1;250;1;105.64
4;50;20;1;750;1;81.97
4;50;20;1;1500;1;56.63
4;50;20;1;2500;1;42.05
4;50;20;1;3500;1;36.4
4;300;3;0;50;1;84.08
4;300;3;0;250;1;110.87
4;300;3;0;750;1;72.73
4;300;3;0;1500;1;49.45
4;300;3;0;2500;1;38.54
4;300;3;0;3500;1;35.28
4;300;3;1;50;1;105.23
4;300;3;1;250;1;102.57
4;300;3;1;750;1;78.22
4;300;3;1;1500;1;56.53
4;300;3;1;2500;1;39.96
4;300;3;1;3500;1;36.45
4;300;6;0;50;1;116.99
4;300;6;0;250;1;113.21
4;300;6;0;750;1;84.06
4;300;6;0;1500;1;57.97
4;300;6;0;2500;1;41.97
4;300;6;0;3500;1;36.44
4;300;6;1;50;1;110.2
4;300;6;1;250;1;104.95
4;300;6;1;750;1;79.92
4;300;6;1;1500;1;57.15
4;300;6;1;2500;1;39.74
4;300;6;1;3500;1;35.91
4;300;10;0;50;1;112.61
4;300;10;0;250;1;111.82
4;300;10;0;750;1;79.81
4;300;10;0;1500;1;57.78
4;300;10;0;2500;1;42.43
4;300;10;0;3500;1;32.55
4;300;10;1;50;1;92.11
4;300;10;1;250;1;97.58
4;300;10;1;750;1;83.0
4;300;10;1;1500;1;59.61
4;300;10;1;2500;1;43.96
4;300;10;1;3500;1;34.98
4;300;14;0;50;1;112.56
4;300;14;0;250;1;115.48
4;300;14;0;750;1;90.46
4;300;14;0;1500;1;61.85
4;300;14;0;2500;1;43.28
4;300;14;0;3500;1;37.76
4;300;14;1;50;1;98.57
4;300;14;1;250;1;102.17
4;300;14;1;750;1;82.65
4;300;14;1;1500;1;61.91
4;300;14;1;2500;1;43.3
4;300;14;1;3500;1;37.61
4;300;20;0;50;1;118.68
4;300;20;0;250;1;115.0
4;300;20;0;750;1;85.27
4;300;20;0;1500;1;58.74
4;300;20;0;2500;1;42.83
4;300;20;0;3500;1;37.39
4;300;20;1;50;1;112.46
4;300;20;1;250;1;111.23
4;300;20;1;750;1;81.71
4;300;20;1;1500;1;57.72
4;300;20;1;2500;1;41.99
4;300;20;1;3500;1;32.93
4;750;3;0;50;1;65.66
4;750;3;0;250;1;90.68
4;750;3;0;750;1;66.37
4;750;3;0;1500;1;51.98
4;750;3;0;2500;1;38.59
4;750;3;0;3500;1;35.36
4;750;3;1;50;1;98.85
4;750;3;1;250;1;98.58
4;750;3;1;750;1;76.73
4;750;3;1;1500;1;55.44
4;750;3;1;2500;1;39.28
4;750;3;1;3500;1;36.07
4;750;6;0;50;1;105.97
4;750;6;0;250;1;104.32
4;750;6;0;750;1;77.13
4;750;6;0;1500;1;56.48
4;750;6;0;2500;1;41.84
4;750;6;0;3500;1;36.29
4;750;6;1;50;1;102.8
4;750;6;1;250;1;99.64
4;750;6;1;750;1;76.61
4;750;6;1;1500;1;55.94
4;750;6;1;2500;1;39.91
4;750;6;1;3500;1;36.1
4;750;10;0;50;1;105.08
4;750;10;0;250;1;104.63
4;750;10;0;750;1;77.54
4;750;10;0;1500;1;56.76
4;750;10;0;2500;1;41.77
4;750;10;0;3500;1;36.47
4;750;10;1;50;1;102.52
4;750;10;1;250;1;98.99
4;750;10;1;750;1;75.65
4;750;10;1;1500;1;55.77
4;750;10;1;2500;1;39.08
4;750;10;1;3500;1;35.58
4;750;14;0;50;1;106.48
4;750;14;0;250;1;106.21
4;750;14;0;750;1;77.09
4;750;14;0;1500;1;56.23
4;750;14;0;2500;1;41.77
4;750;14;0;3500;1;36.39
4;750;14;1;50;1;102.92
4;750;14;1;250;1;103.11
4;750;14;1;750;1;76.7
4;750;14;1;1500;1;55.41
4;750;14;1;2500;1;39.14
4;750;14;1;3500;1;36.13
4;750;20;0;50;1;104.48
4;750;20;0;250;1;103.22
4;750;20;0;750;1;79.55
4;750;20;0;1500;1;56.58
4;750;20;0;2500;1;42.34
4;750;20;0;3500;1;36.27
4;750;20;1;50;1;103.72
4;750;20;1;250;1;99.41
4;750;20;1;750;1;77.15
4;750;20;1;1500;1;55.08
4;750;20;1;2500;1;39.85
4;750;20;1;3500;1;36.0
4;3000;3;0;50;1;45.09
4;3000;3;0;250;1;76.24
4;3000;3;0;750;1;64.24
4;3000;3;0;1500;1;48.19
4;3000;3;0;2500;1;36.33
4;3000;3;0;3500;1;32.07
4;3000;3;1;50;1;70.34
4;3000;3;1;250;1;71.4
4;3000;3;1;750;1;62.35
4;3000;3;1;1500;1;45.65
4;3000;3;1;2500;1;35.36
4;3000;3;1;3500;1;31.54
4;3000;6;0;50;1;71.95
4;3000;6;0;250;1;71.68
4;3000;6;0;750;1;62.13
4;3000;6;0;1500;1;45.62
4;3000;6;0;2500;1;36.51
4;3000;6;0;3500;1;32.18
4;3000;6;1;50;1;69.31
4;3000;6;1;250;1;69.94
4;3000;6;1;750;1;59.64
4;3000;6;1;1500;1;46.01
4;3000;6;1;2500;1;35.89
4;3000;6;1;3500;1;31.7
4;3000;10;0;50;1;71.64
4;3000;10;0;250;1;70.79
4;3000;10;0;750;1;59.58
4;3000;10;0;1500;1;46.09
4;3000;10;0;2500;1;36.1
4;3000;10;0;3500;1;29.62
4;3000;10;1;50;1;62.27
4;3000;10;1;250;1;65.31
4;3000;10;1;750;1;63.88
4;3000;10;1;1500;1;50.28
4;3000;10;1;2500;1;37.19
4;3000;10;1;3500;1;31.82
4;3000;14;0;50;1;72.47
4;3000;14;0;250;1;72.2
4;3000;14;0;750;1;62.36
4;3000;14;0;1500;1;42.7
4;3000;14;0;2500;1;35.93
4;3000;14;0;3500;1;31.62
4;3000;14;1;50;1;70.69
4;3000;14;1;250;1;71.73
4;3000;14;1;750;1;62.05
4;3000;14;1;1500;1;45.64
4;3000;14;1;2500;1;36.14
4;3000;14;1;3500;1;31.54
4;3000;20;0;50;1;72.31
4;3000;20;0;250;1;70.97
4;3000;20;0;750;1;62.74
4;3000;20;0;1500;1;46.29
4;3000;20;0;2500;1;36.58
4;3000;20;0;3500;1;32.36
4;3000;20;1;50;1;69.97
4;3000;20;1;250;1;70.11
4;3000;20;1;750;1;59.49
4;3000;20;1;1500;1;46.31
4;3000;20;1;2500;1;35.69
4;3000;20;1;3500;1;31.65
4;7500;3;0;50;1;24.64
4;7500;3;0;250;1;46.56
4;7500;3;0;750;1;42.82
4;7500;3;0;1500;1;37.46
4;7500;3;0;2500;1;30.59
4;7500;3;0;3500;1;26.55
4;7500;3;1;50;1;43.09
4;7500;3;1;250;1;41.73
4;7500;3;1;750;1;39.9
4;7500;3;1;1500;1;35.54
4;7500;3;1;2500;1;29.43
4;7500;3;1;3500;1;25.95
4;7500;6;0;50;1;44.43
4;7500;6;0;250;1;43.87
4;7500;6;0;750;1;41.13
4;7500;6;0;1500;1;36.24
4;7500;6;0;2500;1;30.31
4;7500;6;0;3500;1;25.91
4;7500;6;1;50;1;42.97
4;7500;6;1;250;1;42.19
4;7500;6;1;750;1;38.71
4;7500;6;1;1500;1;35.14
4;7500;6;1;2500;1;29.65
4;7500;6;1;3500;1;25.56
4;7500;10;0;50;1;42.11
4;7500;10;0;250;1;44.43
4;7500;10;0;750;1;39.49
4;7500;10;0;1500;1;35.49
4;7500;10;0;2500;1;30.06
4;7500;10;0;3500;1;26.04
4;7500;10;1;50;1;43.82
4;7500;10;1;250;1;43.99
4;7500;10;1;750;1;39.26
4;7500;10;1;1500;1;35.14
4;7500;10;1;2500;1;28.14
4;7500;10;1;3500;1;23.07
4;7500;14;0;50;1;38.19
4;7500;14;0;250;1;43.8
4;7500;14;0;750;1;42.5
4;7500;14;0;1500;1;38.76
4;7500;14;0;2500;1;26.63
4;7500;14;0;3500;1;26.12
4;7500;14;1;50;1;44.89
4;7500;14;1;250;1;45.61
4;7500;14;1;750;1;42.48
4;7500;14;1;1500;1;36.17
4;7500;14;1;2500;1;30.14
4;7500;14;1;3500;1;23.92
4;7500;20;0;50;1;42.71
4;7500;20;0;250;1;45.98
4;7500;20;0;750;1;42.85
4;7500;20;0;1500;1;37.62
4;7500;20;0;2500;1;30.12
4;7500;20;0;3500;1;26.26
4;7500;20;1;50;1;44.08
4;7500;20;1;250;1;43.44
4;7500;20;1;750;1;39.55
4;7500;20;1;1500;1;36.01
4;7500;20;1;2500;1;28.77
4;7500;20;1;3500;1;26.14
4;17500;3;0;50;1;5.92
4;17500;3;0;250;1;26.21
4;17500;3;0;750;1;24.05
4;17500;3;0;1500;1;22.34
4;17500;3;0;2500;1;19.41
4;17500;3;0;3500;1;18.88
4;17500;3;1;50;1;23.04
4;17500;3;1;250;1;23.27
4;17500;3;1;750;1;22.19
4;17500;3;1;1500;1;19.91
4;17500;3;1;2500;1;18.23
4;17500;3;1;3500;1;17.36
4;17500;6;0;50;1;22.46
4;17500;6;0;250;1;22.14
4;17500;6;0;750;1;23.86
4;17500;6;0;1500;1;21.86
4;17500;6;0;2500;1;18.82
4;17500;6;0;3500;1;18.42
4;17500;6;1;50;1;23.13
4;17500;6;1;250;1;23.41
4;17500;6;1;750;1;22.89
4;17500;6;1;1500;1;21.31
4;17500;6;1;2500;1;18.63
4;17500;6;1;3500;1;17.65
4;17500;10;0;50;1;23.65
4;17500;10;0;250;1;24.35
4;17500;10;0;750;1;23.46
4;17500;10;0;1500;1;22.06
4;17500;10;0;2500;1;19.07
4;17500;10;0;3500;1;18.17
4;17500;10;1;50;1;23.7
4;17500;10;1;250;1;23.24
4;17500;10;1;750;1;22.88
4;17500;10;1;1500;1;21.69
4;17500;10;1;2500;1;18.29
4;17500;10;1;3500;1;18.12
4;17500;14;0;50;1;22.72
4;17500;14;0;250;1;23.38
4;17500;14;0;750;1;23.23
4;17500;14;0;1500;1;21.75
4;17500;14;0;2500;1;18.79
4;17500;14;0;3500;1;18.35
4;17500;14;1;50;1;24.13
4;17500;14;1;250;1;23.6
4;17500;14;1;750;1;22.98
4;17500;14;1;1500;1;21.01
4;17500;14;1;2500;1;18.6
4;17500;14;1;3500;1;17.72
4;17500;20;0;50;1;23.96
4;17500;20;0;250;1;23.09
4;17500;20;0;750;1;23.17
4;17500;20;0;1500;1;21.68
4;17500;20;0;2500;1;19.1
4;17500;20;0;3500;1;18.14
4;17500;20;1;50;1;23.99
4;17500;20;1;250;1;23.05
4;17500;20;1;750;1;21.95
4;17500;20;1;1500;1;21.32
4;17500;20;1;2500;1;18.85
4;17500;20;1;3500;1;18.1
4;37500;3;0;50;1;3.67
4;37500;3;0;250;1;12.73
4;37500;3;0;750;1;11.98
4;37500;3;0;1500;1;11.54
4;37500;3;0;2500;1;10.95
4;37500;3;0;3500;1;11.43
4;37500;3;1;50;1;12.4
4;37500;3;1;250;1;11.72
4;37500;3;1;750;1;12.04
4;37500;3;1;1500;1;11.42
4;37500;3;1;2500;1;10.91
4;37500;3;1;3500;1;10.88
4;37500;6;0;50;1;12.27
4;37500;6;0;250;1;12.56
4;37500;6;0;750;1;12.07
4;37500;6;0;1500;1;11.81
4;37500;6;0;2500;1;11.1
4;37500;6;0;3500;1;10.81
4;37500;6;1;50;1;12.28
4;37500;6;1;250;1;12.34
4;37500;6;1;750;1;12.0
4;37500;6;1;1500;1;11.49
4;37500;6;1;2500;1;10.39
4;37500;6;1;3500;1;10.31
4;37500;10;0;50;1;12.11
4;37500;10;0;250;1;12.52
4;37500;10;0;750;1;12.18
4;37500;10;0;1500;1;11.22
4;37500;10;0;2500;1;10.88
4;37500;10;0;3500;1;10.78
4;37500;10;1;50;1;12.61
4;37500;10;1;250;1;12.34
4;37500;10;1;750;1;11.84
4;37500;10;1;1500;1;11.88
4;37500;10;1;2500;1;10.92
4;37500;10;1;3500;1;10.2
4;37500;14;0;50;1;11.86
4;37500;14;0;250;1;11.97
4;37500;14;0;750;1;12.21
4;37500;14;0;1500;1;11.14
4;37500;14;0;2500;1;10.66
4;37500;14;0;3500;1;11.12
4;37500;14;1;50;1;11.71
4;37500;14;1;250;1;12.12
4;37500;14;1;750;1;12.29
4;37500;14;1;1500;1;11.45
4;37500;14;1;2500;1;11.14
4;37500;14;1;3500;1;10.41
4;37500;20;0;50;1;12.33
4;37500;20;0;250;1;11.78
4;37500;20;0;750;1;12.1
4;37500;20;0;1500;1;11.44
4;37500;20;0;2500;1;11.14
4;37500;20;0;3500;1;10.93
4;37500;20;1;50;1;11.87
4;37500;20;1;250;1;11.92
4;37500;20;1;750;1;11.77
4;37500;20;1;1500;1;11.42
4;37500;20;1;2500;1;11.19
4;37500;20;1;3500;1;10.67
4;62500;3;0;50;1;2.96
4;62500;3;0;250;1;8.24
4;62500;3;0;750;1;8.93
4;62500;3;0;1500;1;8.08
4;62500;3;0;2500;1;7.96
4;62500;3;0;3500;1;6.65
4;62500;3;1;50;1;7.94
4;62500;3;1;250;1;8.66
4;62500;3;1;750;1;7.74
4;62500;3;1;1500;1;7.79
4;62500;3;1;2500;1;6.13
4;62500;3;1;3500;1;7.57
4;62500;6;0;50;1;7.98
4;62500;6;0;250;1;8.16
4;62500;6;0;750;1;8.19
4;62500;6;0;1500;1;7.89
4;62500;6;0;2500;1;7.39
4;62500;6;0;3500;1;7.45
4;62500;6;1;50;1;8.08
4;62500;6;1;250;1;6.37
4;62500;6;1;750;1;7.67
4;62500;6;1;1500;1;7.61
4;62500;6;1;2500;1;6.53
4;62500;6;1;3500;1;7.4
4;62500;10;0;50;1;5.89
4;62500;10;0;250;1;8.33
4;62500;10;0;750;1;8.11
4;62500;10;0;1500;1;7.59
4;62500;10;0;2500;1;7.7
4;62500;10;0;3500;1;6.46
4;62500;10;1;50;1;6.49
4;62500;10;1;250;1;6.51
4;62500;10;1;750;1;6.54
4;62500;10;1;1500;1;6.31
4;62500;10;1;2500;1;6.64
4;62500;10;1;3500;1;7.74
4;62500;14;0;50;1;8.84
4;62500;14;0;250;1;8.45
4;62500;14;0;750;1;6.54
4;62500;14;0;1500;1;6.45
4;62500;14;0;2500;1;7.97
4;62500;14;0;3500;1;7.79
4;62500;14;1;50;1;8.41
4;62500;14;1;250;1;7.99
4;62500;14;1;750;1;8.03
4;62500;14;1;1500;1;7.36
4;62500;14;1;2500;1;6.61
4;62500;14;1;3500;1;6.53
4;62500;20;0;50;1;6.62
4;62500;20;0;250;1;8.07
4;62500;20;0;750;1;8.12
4;62500;20;0;1500;1;8.01
4;62500;20;0;2500;1;6.47
4;62500;20;0;3500;1;7.34
4;62500;20;1;50;1;6.3
4;62500;20;1;250;1;8.17
4;62500;20;1;750;1;7.91
4;62500;20;1;1500;1;6.44
4;62500;20;1;2500;1;7.65
4;62500;20;1;3500;1;6.32
4;87500;3;0;50;1;2.63
4;87500;3;0;250;1;5.64
4;87500;3;0;750;1;5.74
4;87500;3;0;1500;1;5.65
4;87500;3;0;2500;1;5.81
4;87500;3;0;3500;1;5.53
4;87500;3;1;50;1;6.19
4;87500;3;1;250;1;5.42
4;87500;3;1;750;1;5.66
4;87500;3;1;1500;1;5.28
4;87500;3;1;2500;1;5.07
4;87500;3;1;3500;1;5.47
4;87500;6;0;50;1;5.35
4;87500;6;0;250;1;5.91
4;87500;6;0;750;1;5.59
4;87500;6;0;1500;1;4.78
4;87500;6;0;2500;1;4.85
4;87500;6;0;3500;1;5.1
4;87500;6;1;50;1;5.44
4;87500;6;1;250;1;5.66
4;87500;6;1;750;1;5.91
4;87500;6;1;1500;1;5.1
4;87500;6;1;2500;1;4.35
4;87500;6;1;3500;1;5.41
4;87500;10;0;50;1;5.32
4;87500;10;0;250;1;5.89
4;87500;10;0;750;1;5.78
4;87500;10;0;1500;1;5.88
4;87500;10;0;2500;1;5.14
4;87500;10;0;3500;1;5.64
4;87500;10;1;50;1;5.41
4;87500;10;1;250;1;5.61
4;87500;10;1;750;1;5.77
4;87500;10;1;1500;1;5.3
4;87500;10;1;2500;1;4.96
4;87500;10;1;3500;1;5.35
4;87500;14;0;50;1;5.28
4;87500;14;0;250;1;6.05
4;87500;14;0;750;1;5.6
4;87500;14;0;1500;1;5.8
4;87500;14;0;2500;1;5.41
4;87500;14;0;3500;1;4.06
4;87500;14;1;50;1;6.2
4;87500;14;1;250;1;5.66
4;87500;14;1;750;1;5.53
4;87500;14;1;1500;1;5.47
4;87500;14;1;2500;1;5.35
4;87500;14;1;3500;1;5.26
4;87500;20;0;50;1;5.52
4;87500;20;0;250;1;4.67
4;87500;20;0;750;1;5.31
4;87500;20;0;1500;1;4.97
4;87500;20;0;2500;1;5.51
4;87500;20;0;3500;1;5.42
4;87500;20;1;50;1;5.7
4;87500;20;1;250;1;5.23
4;87500;20;1;750;1;5.2
4;87500;20;1;1500;1;5.25
4;87500;20;1;2500;1;4.99
4;87500;20;1;3500;1;5.72
4;137500;3;0;50;1;3.18
4;137500;3;0;250;1;5.03
4;137500;3;0;750;1;5.04
4;137500;3;0;1500;1;5.18
4;137500;3;0;2500;1;4.74
4;137500;3;0;3500;1;4.87
4;137500;3;1;50;1;4.9
4;137500;3;1;250;1;4.26
4;137500;3;1;750;1;4.92
4;137500;3;1;1500;1;4.88
4;137500;3;1;2500;1;4.92
4;137500;3;1;3500;1;4.85
4;137500;6;0;50;1;4.78
4;137500;6;0;250;1;5.26
4;137500;6;0;750;1;4.9
4;137500;6;0;1500;1;4.68
4;137500;6;0;2500;1;4.85
4;137500;6;0;3500;1;4.83
4;137500;6;1;50;1;5.11
4;137500;6;1;250;1;5.08
4;137500;6;1;750;1;4.54
4;137500;6;1;1500;1;5.24
4;137500;6;1;2500;1;4.44
4;137500;6;1;3500;1;4.46
4;137500;10;0;50;1;4.79
4;137500;10;0;250;1;5.09
4;137500;10;0;750;1;5.34
4;137500;10;0;1500;1;4.79
4;137500;10;0;2500;1;4.78
4;137500;10;0;3500;1;4.57
4;137500;10;1;50;1;4.8
4;137500;10;1;250;1;5.11
4;137500;10;1;750;1;4.64
4;137500;10;1;1500;1;4.45
4;137500;10;1;2500;1;4.71
4;137500;10;1;3500;1;4.38
4;137500;14;0;50;1;4.88
4;137500;14;0;250;1;5.26
4;137500;14;0;750;1;5.0
4;137500;14;0;1500;1;4.91
4;137500;14;0;2500;1;4.8
4;137500;14;0;3500;1;4.16
4;137500;14;1;50;1;5.22
4;137500;14;1;250;1;5.22
4;137500;14;1;750;1;4.77
4;137500;14;1;1500;1;4.94
4;137500;14;1;2500;1;4.62
4;137500;14;1;3500;1;4.76
4;137500;20;0;50;1;4.69
4;137500;20;0;250;1;4.73
4;137500;20;0;750;1;5.23
4;137500;20;0;1500;1;4.97
4;137500;20;0;2500;1;4.84
4;137500;20;0;3500;1;4.76
4;137500;20;1;50;1;4.53
4;137500;20;1;250;1;4.87
4;137500;20;1;750;1;5.05
4;137500;20;1;1500;1;4.4
4;137500;20;1;2500;1;4.81
4;137500;20;1;3500;1;4.38
4;212500;3;0;50;1;4.26
4;212500;3;0;250;1;4.86
4;212500;3;0;750;1;4.88
4;212500;3;0;1500;1;5.09
4;212500;3;0;2500;1;4.91
4;212500;3;0;3500;1;4.59
4;212500;3;1;50;1;4.88
4;212500;3;1;250;1;4.93
4;212500;3;1;750;1;5.07
4;212500;3;1;1500;1;4.61
4;212500;3;1;2500;1;4.95
4;212500;3;1;3500;1;4.8
4;212500;6;0;50;1;4.53
4;212500;6;0;250;1;4.74
4;212500;6;0;750;1;4.74
4;212500;6;0;1500;1;4.71
4;212500;6;0;2500;1;5.18
4;212500;6;0;3500;1;4.54
4;212500;6;1;50;1;4.54
4;212500;6;1;250;1;5.1
4;212500;6;1;750;1;4.89
4;212500;6;1;1500;1;4.71
4;212500;6;1;2500;1;4.97
4;212500;6;1;3500;1;4.66
4;212500;10;0;50;1;4.94
4;212500;10;0;250;1;4.85
4;212500;10;0;750;1;4.85
4;212500;10;0;1500;1;4.8
4;212500;10;0;2500;1;4.97
4;212500;10;0;3500;1;4.65
4;212500;10;1;50;1;5.28
4;212500;10;1;250;1;4.85
4;212500;10;1;750;1;4.97
4;212500;10;1;1500;1;4.73
4;212500;10;1;2500;1;4.47
4;212500;10;1;3500;1;3.92
4;212500;14;0;50;1;4.31
4;212500;14;0;250;1;4.73
4;212500;14;0;750;1;4.34
4;212500;14;0;1500;1;2.34
4;212500;14;0;2500;1;1.42
4;212500;14;0;3500;1;4.67
4;212500;14;1;50;1;4.88
4;212500;14;1;250;1;5.27
4;212500;14;1;750;1;5.02
4;212500;14;1;1500;1;5.0
4;212500;14;1;2500;1;4.25
4;212500;14;1;3500;1;4.86
4;212500;20;0;50;1;4.82
4;212500;20;0;250;1;5.28
4;212500;20;0;750;1;5.38
4;212500;20;0;1500;1;4.67
4;212500;20;0;2500;1;5.22
4;212500;20;0;3500;1;4.73
4;212500;20;1;50;1;5.29
4;212500;20;1;250;1;4.7
4;212500;20;1;750;1;5.35
4;212500;20;1;1500;1;4.51
4;212500;20;1;2500;1;4.82
4;212500;20;1;3500;1;4.77
4;300000;3;0;50;1;4.84
4;300000;3;0;250;1;4.47
4;300000;3;0;750;1;4.73
4;300000;3;0;1500;1;4.98
4;300000;3;0;2500;1;4.89
4;300000;3;0;3500;1;4.5
4;300000;3;1;50;1;4.63
4;300000;3;1;250;1;5.21
4;300000;3;1;750;1;5.08
4;300000;3;1;1500;1;4.9
4;300000;3;1;2500;1;4.83
4;300000;3;1;3500;1;4.23
4;300000;6;0;50;1;4.68
4;300000;6;0;250;1;5.24
4;300000;6;0;750;1;5.08
4;300000;6;0;1500;1;4.81
4;300000;6;0;2500;1;4.44
4;300000;6;0;3500;1;4.78
4;300000;6;1;50;1;4.97
4;300000;6;1;250;1;4.96
4;300000;6;1;750;1;5.02
4;300000;6;1;1500;1;4.86
4;300000;6;1;2500;1;4.66
4;300000;6;1;3500;1;4.61
4;300000;10;0;50;1;4.88
4;300000;10;0;250;1;4.76
4;300000;10;0;750;1;4.85
4;300000;10;0;1500;1;5.11
4;300000;10;0;2500;1;4.62
4;300000;10;0;3500;1;5.15
4;300000;10;1;50;1;5.11
4;300000;10;1;250;1;4.58
4;300000;10;1;750;1;4.74
4;300000;10;1;1500;1;4.75
4;300000;10;1;2500;1;4.74
4;300000;10;1;3500;1;4.44
4;300000;14;0;50;1;4.85
4;300000;14;0;250;1;5.06
4;300000;14;0;750;1;4.95
4;300000;14;0;1500;1;5.15
4;300000;14;0;2500;1;4.76
4;300000;14;0;3500;1;4.3
4;300000;14;1;50;1;5.1
4;300000;14;1;250;1;4.72
4;300000;14;1;750;1;4.64
4;300000;14;1;1500;1;4.68
4;300000;14;1;2500;1;4.74
4;300000;14;1;3500;1;4.49
4;300000;20;0;50;1;4.43
4;300000;20;0;250;1;4.34
4;300000;20;0;750;1;4.83
4;300000;20;0;1500;1;4.88
4;300000;20;0;2500;1;4.76
4;300000;20;0;3500;1;4.99
4;300000;20;1;50;1;4.94
4;300000;20;1;250;1;5.09
4;300000;20;1;750;1;4.85
4;300000;20;1;1500;1;4.92
4;300000;20;1;2500;1;4.33
4;300000;20;1;3500;1;4.61
5;50;3;0;50;0;0.77
5;50;3;0;250;0;130.25
5;50;3;0;750;0;84.4
5;50;3;0;1500;0;58.9
5;50;3;0;2500;0;42.81
5;50;3;0;3500;0;36.42
5;50;3;1;50;0;117.65
5;50;3;1;250;0;117.71
5;50;3;1;750;0;90.69
5;50;3;1;1500;0;62.42
5;50;3;1;2500;0;43.59
5;50;3;1;3500;0;36.19
5;50;6;0;50;0;111.44
5;50;6;0;250;0;116.27
5;50;6;0;750;0;91.69
5;50;6;0;1500;0;62.53
5;50;6;0;2500;0;43.57
5;50;6;0;3500;0;37.78
5;50;6;1;50;0;119.21
5;50;6;1;250;0;115.23
5;50;6;1;750;0;84.46
5;50;6;1;1500;0;58.3
5;50;6;1;2500;0;42.68
5;50;6;1;3500;0;37.29
5;50;10;0;50;0;124.87
5;50;10;0;250;0;116.92
5;50;10;0;750;0;84.46
5;50;10;0;1500;0;59.17
5;50;10;0;2500;0;43.29
5;50;10;0;3500;0;37.24
5;50;10;1;50;0;118.34
5;50;10;1;250;0;112.72
5;50;10;1;750;0;84.93
5;50;10;1;1500;0;59.12
5;50;10;1;2500;0;42.78
5;50;10;1;3500;0;36.63
5;50;14;0;50;0;123.59
5;50;14;0;250;0;115.73
5;50;14;0;750;0;84.55
5;50;14;0;1500;0;59.05
5;50;14;0;2500;0;42.83
5;50;14;0;3500;0;37.1
5;50;14;1;50;0;119.39
5;50;14;1;250;0;112.6
5;50;14;1;750;0;82.89
5;50;14;1;1500;0;58.89
5;50;14;1;2500;0;42.98
5;50;14;1;3500;0;32.52
5;50;20;0;50;0;105.62
5;50;20;0;250;0;108.38
5;50;20;0;750;0;85.84
5;50;20;0;1500;0;63.92
5;50;20;0;2500;0;44.37
5;50;20;0;3500;0;38.24
5;50;20;1;50;0;122.03
5;50;20;1;250;0;112.68
5;50;20;1;750;0;84.87
5;50;20;1;1500;0;57.85
5;50;20;1;2500;0;42.5
5;50;20;1;3500;0;36.89
5;300;3;0;50;0;83.71
5;300;3;0;250;0;110.63
5;300;3;0;750;0;83.12
5;300;3;0;1500;0;57.23
5;300;3;0;2500;0;42.1
5;300;3;0;3500;0;36.3
5;300;3;1;50;0;105.78
5;300;3;1;250;0;103.33
5;300;3;1;750;0;77.07
5;300;3;1;1500;0;56.49
5;300;3;1;2500;0;41.64
5;300;3;1;3500;0;36.03
5;300;6;0;50;0;113.2
5;300;6;0;250;0;111.27
5;300;6;0;750;0;81.9
5;300;6;0;1500;0;57.42
5;300;6;0;2500;0;42.14
5;300;6;0;3500;0;36.65
5;300;6;1;50;0;109.02
5;300;6;1;250;0;104.95
5;300;6;1;750;0;78.47
5;300;6;1;1500;0;57.35
5;300;6;1;2500;0;39.96
5;300;6;1;3500;0;35.92
5;300;10;0;50;0;115.67
5;300;10;0;250;0;106.48
5;300;10;0;750;0;79.32
5;300;10;0;1500;0;57.02
5;300;10;0;2500;0;41.97
5;300;10;0;3500;0;36.56
5;300;10;1;50;0;110.21
5;300;10;1;250;0;104.46
5;300;10;1;750;0;78.23
5;300;10;1;1500;0;56.8
5;300;10;1;2500;0;42.11
5;300;10;1;3500;0;36.25
5;300;14;0;50;0;116.52
5;300;14;0;250;0;111.08
5;300;14;0;750;0;83.89
5;300;14;0;1500;0;56.99
5;300;14;0;2500;0;41.9
5;300;14;0;3500;0;37.24
5;300;14;1;50;0;109.09
5;300;14;1;250;0;105.09
5;300;14;1;750;0;78.61
5;300;14;1;1500;0;56.8
5;300;14;1;2500;0;42.46
5;300;14;1;3500;0;36.38
5;300;20;0;50;0;115.27
5;300;20;0;250;0;109.47
5;300;20;0;750;0;79.18
5;300;20;0;1500;0;57.62
5;300;20;0;2500;0;42.32
5;300;20;0;3500;0;36.44
5;300;20;1;50;0;109.08
5;300;20;1;250;0;103.5
5;300;20;1;750;0;78.49
5;300;20;1;1500;0;57.37
5;300;20;1;2500;0;41.92
5;300;20;1;3500;0;36.12
5;750;3;0;50;0;71.31
5;750;3;0;250;0;101.91
5;750;3;0;750;0;76.8
5;750;3;0;1500;0;55.71
5;750;3;0;2500;0;39.3
5;750;3;0;3500;0;35.76
5;750;3;1;50;0;93.02
5;750;3;1;250;0;96.68
5;750;3;1;750;0;70.48
5;750;3;1;1500;0;55.15
5;750;3;1;2500;0;38.9
5;750;3;1;3500;0;35.19
5;750;6;0;50;0;98.15
5;750;6;0;250;0;98.73
5;750;6;0;750;0;75.82
5;750;6;0;1500;0;55.77
5;750;6;0;2500;0;38.75
5;750;6;0;3500;0;35.35
5;750;6;1;50;0;92.38
5;750;6;1;250;0;92.07
5;750;6;1;750;0;71.27
5;750;6;1;1500;0;53.26
5;750;6;1;2500;0;38.95
5;750;6;1;3500;0;35.43
5;750;10;0;50;0;98.86
5;750;10;0;250;0;99.01
5;750;10;0;750;0;76.17
5;750;10;0;1500;0;55.45
5;750;10;0;2500;0;39.31
5;750;10;0;3500;0;36.12
5;750;10;1;50;0;96.42
5;750;10;1;250;0;95.71
5;750;10;1;750;0;71.81
5;750;10;1;1500;0;52.76
5;750;10;1;2500;0;38.83
5;750;10;1;3500;0;33.19
5;750;14;0;50;0;97.86
5;750;14;0;250;0;97.92
5;750;14;0;750;0;76.58
5;750;14;0;1500;0;55.13
5;750;14;0;2500;0;39.29
5;750;14;0;3500;0;35.02
5;750;14;1;50;0;96.91
5;750;14;1;250;0;92.24
5;750;14;1;750;0;72.58
5;750;14;1;1500;0;52.32
5;750;14;1;2500;0;38.88
5;750;14;1;3500;0;30.21
5;750;20;0;50;0;86.1
5;750;20;0;250;0;91.78
5;750;20;0;750;0;77.03
5;750;20;0;1500;0;57.36
5;750;20;0;2500;0;42.51
5;750;20;0;3500;0;37.22
5;750;20;1;50;0;96.05
5;750;20;1;250;0;96.75
5;750;20;1;750;0;72.23
5;750;20;1;1500;0;54.81
5;750;20;1;2500;0;38.65
5;750;20;1;3500;0;35.66
5;3000;3;0;50;0;38.67
5;3000;3;0;250;0;65.54
5;3000;3;0;750;0;56.39
5;3000;3;0;1500;0;46.43
5;3000;3;0;2500;0;33.26
5;3000;3;0;3500;0;30.68
5;3000;3;1;50;0;58.3
5;3000;3;1;250;0;58.69
5;3000;3;1;750;0;53.3
5;3000;3;1;1500;0;44.08
5;3000;3;1;2500;0;33.12
5;3000;3;1;3500;0;30.08
5;3000;6;0;50;0;59.75
5;3000;6;0;250;0;59.73
5;3000;6;0;750;0;55.05
5;3000;6;0;1500;0;42.62
5;3000;6;0;2500;0;31.92
5;3000;6;0;3500;0;29.26
5;3000;6;1;50;0;52.15
5;3000;6;1;250;0;56.55
5;3000;6;1;750;0;50.13
5;3000;6;1;1500;0;39.83
5;3000;6;1;2500;0;31.45
5;3000;6;1;3500;0;29.56
5;3000;10;0;50;0;57.79
5;3000;10;0;250;0;58.14
5;3000;10;0;750;0;51.63
5;3000;10;0;1500;0;42.22
5;3000;10;0;2500;0;32.16
5;3000;10;0;3500;0;30.57
5;3000;10;1;50;0;58.25
5;3000;10;1;250;0;59.06
5;3000;10;1;750;0;51.94
5;3000;10;1;1500;0;43.27
5;3000;10;1;2500;0;31.87
5;3000;10;1;3500;0;30.26
5;3000;14;0;50;0;59.19
5;3000;14;0;250;0;59.82
5;3000;14;0;750;0;53.28
5;3000;14;0;1500;0;44.53
5;3000;14;0;2500;0;32.53
5;3000;14;0;3500;0;30.6
5;3000;14;1;50;0;57.88
5;3000;14;1;250;0;59.26
5;3000;14;1;750;0;52.27
5;3000;14;1;1500;0;43.83
5;3000;14;1;2500;0;31.91
5;3000;14;1;3500;0;30.48
5;3000;20;0;50;0;59.48
5;3000;20;0;250;0;61.61
5;3000;20;0;750;0;52.96
5;3000;20;0;1500;0;44.48
5;3000;20;0;2500;0;30.96
5;3000;20;0;3500;0;26.33
5;3000;20;1;50;0;51.41
5;3000;20;1;250;0;57.29
5;3000;20;1;750;0;56.0
5;3000;20;1;1500;0;46.29
5;3000;20;1;2500;0;32.55
5;3000;20;1;3500;0;29.53
5;7500;3;0;50;0;19.32
5;7500;3;0;250;0;39.57
5;7500;3;0;750;0;36.93
5;7500;3;0;1500;0;31.76
5;7500;3;0;2500;0;24.62
5;7500;3;0;3500;0;22.1
5;7500;3;1;50;0;30.05
5;7500;3;1;250;0;32.51
5;7500;3;1;750;0;32.44
5;7500;3;1;1500;0;30.55
5;7500;3;1;2500;0;26.02
5;7500;3;1;3500;0;24.15
5;7500;6;0;50;0;35.25
5;7500;6;0;250;0;33.11
5;7500;6;0;750;0;31.4
5;7500;6;0;1500;0;30.03
5;7500;6;0;2500;0;25.95
5;7500;6;0;3500;0;24.16
5;7500;6;1;50;0;34.89
5;7500;6;1;250;0;33.27
5;7500;6;1;750;0;31.13
5;7500;6;1;1500;0;29.47
5;7500;6;1;2500;0;24.48
5;7500;6;1;3500;0;24.25
5;7500;10;0;50;0;35.34
5;7500;10;0;250;0;33.25
5;7500;10;0;750;0;32.05
5;7500;10;0;1500;0;30.1
5;7500;10;0;2500;0;25.18
5;7500;10;0;3500;0;24.02
5;7500;10;1;50;0;35.14
5;7500;10;1;250;0;33.1
5;7500;10;1;750;0;31.87
5;7500;10;1;1500;0;29.55
5;7500;10;1;2500;0;24.83
5;7500;10;1;3500;0;23.98
5;7500;14;0;50;0;35.67
5;7500;14;0;250;0;35.23
5;7500;14;0;750;0;32.51
5;7500;14;0;1500;0;29.72
5;7500;14;0;2500;0;25.15
5;7500;14;0;3500;0;24.04
5;7500;14;1;50;0;33.28
5;7500;14;1;250;0;33.22
5;7500;14;1;750;0;31.66
5;7500;14;1;1500;0;29.43
5;7500;14;1;2500;0;24.84
5;7500;14;1;3500;0;23.44
5;7500;20;0;50;0;33.19
5;7500;20;0;250;0;35.38
5;7500;20;0;750;0;32.19
5;7500;20;0;1500;0;29.57
5;7500;20;0;2500;0;25.48
5;7500;20;0;3500;0;23.47
5;7500;20;1;50;0;31.32
5;7500;20;1;250;0;30.78
5;7500;20;1;750;0;25.13
5;7500;20;1;1500;0;9.25
5;7500;20;1;2500;0;29.4
5;7500;20;1;3500;0;21.36
5;17500;3;0;50;0;5.71
5;17500;3;0;250;0;18.65
5;17500;3;0;750;0;18.58
5;17500;3;0;1500;0;17.51
5;17500;3;0;2500;0;16.4
5;17500;3;0;3500;0;15.15
5;17500;3;1;50;0;18.07
5;17500;3;1;250;0;17.12
5;17500;3;1;750;0;17.15
5;17500;3;1;1500;0;16.65
5;17500;3;1;2500;0;15.18
5;17500;3;1;3500;0;14.44
5;17500;6;0;50;0;18.33
5;17500;6;0;250;0;17.7
5;17500;6;0;750;0;17.2
5;17500;6;0;1500;0;16.91
5;17500;6;0;2500;0;15.93
5;17500;6;0;3500;0;15.06
5;17500;6;1;50;0;18.38
5;17500;6;1;250;0;17.7
5;17500;6;1;750;0;17.74
5;17500;6;1;1500;0;16.79
5;17500;6;1;2500;0;14.91
5;17500;6;1;3500;0;15.49
5;17500;10;0;50;0;18.36
5;17500;10;0;250;0;18.42
5;17500;10;0;750;0;17.98
5;17500;10;0;1500;0;17.18
5;17500;10;0;2500;0;14.94
5;17500;10;0;3500;0;12.01
5;17500;10;1;50;0;16.38
5;17500;10;1;250;0;17.22
5;17500;10;1;750;0;17.86
5;17500;10;1;1500;0;17.02
5;17500;10;1;2500;0;16.22
5;17500;10;1;3500;0;16.09
5;17500;14;0;50;0;17.98
5;17500;14;0;250;0;18.58
5;17500;14;0;750;0;16.92
5;17500;14;0;1500;0;17.14
5;17500;14;0;2500;0;15.11
5;17500;14;0;3500;0;15.15
5;17500;14;1;50;0;17.84
5;17500;14;1;250;0;17.47
5;17500;14;1;750;0;17.39
5;17500;14;1;1500;0;16.45
5;17500;14;1;2500;0;15.04
5;17500;14;1;3500;0;14.9
5;17500;20;0;50;0;17.9
5;17500;20;0;250;0;17.95
5;17500;20;0;750;0;16.79
5;17500;20;0;1500;0;16.23
5;17500;20;0;2500;0;15.33
5;17500;20;0;3500;0;15.01
5;17500;20;1;50;0;17.45
5;17500;20;1;250;0;18.35
5;17500;20;1;750;0;17.62
5;17500;20;1;1500;0;16.73
5;17500;20;1;2500;0;15.71
5;17500;20;1;3500;0;14.67
5;37500;3;0;50;0;3.49
5;37500;3;0;250;0;10.07
5;37500;3;0;750;0;9.34
5;37500;3;0;1500;0;8.9
5;37500;3;0;2500;0;8.56
5;37500;3;0;3500;0;9.06
5;37500;3;1;50;0;9.72
5;37500;3;1;250;0;9.16
5;37500;3;1;750;0;9.38
5;37500;3;1;1500;0;8.96
5;37500;3;1;2500;0;7.99
5;37500;3;1;3500;0;8.1
5;37500;6;0;50;0;10.1
5;37500;6;0;250;0;9.42
5;37500;6;0;750;0;9.52
5;37500;6;0;1500;0;8.38
5;37500;6;0;2500;0;8.98
5;37500;6;0;3500;0;8.29
5;37500;6;1;50;0;9.31
5;37500;6;1;250;0;8.99
5;37500;6;1;750;0;9.26
5;37500;6;1;1500;0;8.53
5;37500;6;1;2500;0;9.02
5;37500;6;1;3500;0;8.48
5;37500;10;0;50;0;9.57
5;37500;10;0;250;0;9.2
5;37500;10;0;750;0;9.41
5;37500;10;0;1500;0;9.17
5;37500;10;0;2500;0;8.45
5;37500;10;0;3500;0;8.61
5;37500;10;1;50;0;9.61
5;37500;10;1;250;0;9.45
5;37500;10;1;750;0;9.31
5;37500;10;1;1500;0;8.62
5;37500;10;1;2500;0;8.64
5;37500;10;1;3500;0;8.4
5;37500;14;0;50;0;9.33
5;37500;14;0;250;0;9.79
5;37500;14;0;750;0;9.51
5;37500;14;0;1500;0;8.03
5;37500;14;0;2500;0;7.8
5;37500;14;0;3500;0;6.16
5;37500;14;1;50;0;8.98
5;37500;14;1;250;0;9.02
5;37500;14;1;750;0;7.81
5;37500;14;1;1500;0;9.37
5;37500;14;1;2500;0;8.55
5;37500;14;1;3500;0;6.51
5;37500;20;0;50;0;7.58
5;37500;20;0;250;0;6.26
5;37500;20;0;750;0;6.4
5;37500;20;0;1500;0;6.47
5;37500;20;0;2500;0;5.95
5;37500;20;0;3500;0;7.83
5;37500;20;1;50;0;8.57
5;37500;20;1;250;0;8.79
5;37500;20;1;750;0;8.91
5;37500;20;1;1500;0;7.59
5;37500;20;1;2500;0;8.13
5;37500;20;1;3500;0;8.84
5;62500;3;0;50;0;2.9
5;62500;3;0;250;0;5.71
5;62500;3;0;750;0;5.37
5;62500;3;0;1500;0;5.55
5;62500;3;0;2500;0;5.75
5;62500;3;0;3500;0;5.47
5;62500;3;1;50;0;5.99
5;62500;3;1;250;0;6.04
5;62500;3;1;750;0;5.41
5;62500;3;1;1500;0;5.44
5;62500;3;1;2500;0;4.92
5;62500;3;1;3500;0;5.08
5;62500;6;0;50;0;5.79
5;62500;6;0;250;0;5.31
5;62500;6;0;750;0;6.23
5;62500;6;0;1500;0;5.49
5;62500;6;0;2500;0;5.3
5;62500;6;0;3500;0;4.93
5;62500;6;1;50;0;5.31
5;62500;6;1;250;0;5.18
5;62500;6;1;750;0;6.22
5;62500;6;1;1500;0;5.47
5;62500;6;1;2500;0;4.94
5;62500;6;1;3500;0;5.43
5;62500;10;0;50;0;5.42
5;62500;10;0;250;0;5.58
5;62500;10;0;750;0;5.87
5;62500;10;0;1500;0;5.05
5;62500;10;0;2500;0;5.37
5;62500;10;0;3500;0;5.27
5;62500;10;1;50;0;5.23
5;62500;10;1;250;0;5.83
5;62500;10;1;750;0;5.7
5;62500;10;1;1500;0;5.16
5;62500;10;1;2500;0;5.48
5;62500;10;1;3500;0;5.38
5;62500;14;0;50;0;5.19
5;62500;14;0;250;0;5.99
5;62500;14;0;750;0;5.77
5;62500;14;0;1500;0;5.57
5;62500;14;0;2500;0;5.33
5;62500;14;0;3500;0;5.48
5;62500;14;1;50;0;5.16
5;62500;14;1;250;0;5.81
5;62500;14;1;750;0;5.36
5;62500;14;1;1500;0;5.29
5;62500;14;1;2500;0;5.3
5;62500;14;1;3500;0;5.27
5;62500;20;0;50;0;5.7
5;62500;20;0;250;0;5.55
5;62500;20;0;750;0;5.99
5;62500;20;0;1500;0;5.61
5;62500;20;0;2500;0;5.53
5;62500;20;0;3500;0;5.01
5;62500;20;1;50;0;6.24
5;62500;20;1;250;0;5.53
5;62500;20;1;750;0;5.84
5;62500;20;1;1500;0;5.47
5;62500;20;1;2500;0;5.32
5;62500;20;1;3500;0;5.22
5;87500;3;0;50;0;2.57
5;87500;3;0;250;0;4.13
5;87500;3;0;750;0;4.04
5;87500;3;0;1500;0;4.03
5;87500;3;0;2500;0;3.87
5;87500;3;0;3500;0;4.35
5;87500;3;1;50;0;4.14
5;87500;3;1;250;0;4.08
5;87500;3;1;750;0;3.93
5;87500;3;1;1500;0;4.53
5;87500;3;1;2500;0;4.04
5;87500;3;1;3500;0;4.3
5;87500;6;0;50;0;4.17
5;87500;6;0;250;0;4.32
5;87500;6;0;750;0;4.43
5;87500;6;0;1500;0;4.18
5;87500;6;0;2500;0;3.93
5;87500;6;0;3500;0;4.01
5;87500;6;1;50;0;4.3
5;87500;6;1;250;0;4.19
5;87500;6;1;750;0;4.46
5;87500;6;1;1500;0;4.04
5;87500;6;1;2500;0;3.8
5;87500;6;1;3500;0;3.93
5;87500;10;0;50;0;3.92
5;87500;10;0;250;0;4.29
5;87500;10;0;750;0;4.19
5;87500;10;0;1500;0;4.18
5;87500;10;0;2500;0;3.9
5;87500;10;0;3500;0;3.75
5;87500;10;1;50;0;4.46
5;87500;10;1;250;0;4.2
5;87500;10;1;750;0;4.09
5;87500;10;1;1500;0;3.88
5;87500;10;1;2500;0;4.14
5;87500;10;1;3500;0;3.82
5;87500;14;0;50;0;4.17
5;87500;14;0;250;0;4.25
5;87500;14;0;750;0;4.14
5;87500;14;0;1500;0;4.2
5;87500;14;0;2500;0;3.77
5;87500;14;0;3500;0;3.74
5;87500;14;1;50;0;4.17
5;87500;14;1;250;0;3.8
5;87500;14;1;750;0;3.83
5;87500;14;1;1500;0;3.5
5;87500;14;1;2500;0;3.76
5;87500;14;1;3500;0;4.1
5;87500;20;0;50;0;4.0
5;87500;20;0;250;0;4.01
5;87500;20;0;750;0;3.98
5;87500;20;0;1500;0;4.49
5;87500;20;0;2500;0;4.47
5;87500;20;0;3500;0;4.18
5;87500;20;1;50;0;4.48
5;87500;20;1;250;0;4.15
5;87500;20;1;750;0;4.17
5;87500;20;1;1500;0;4.01
5;87500;20;1;2500;0;4.22
5;87500;20;1;3500;0;3.73
5;137500;3;0;50;0;3.09
5;137500;3;0;250;0;3.84
5;137500;3;0;750;0;3.29
5;137500;3;0;1500;0;3.85
5;137500;3;0;2500;0;3.74
5;137500;3;0;3500;0;3.45
5;137500;3;1;50;0;3.81
5;137500;3;1;250;0;3.86
5;137500;3;1;750;0;3.67
5;137500;3;1;1500;0;3.48
5;137500;3;1;2500;0;3.44
5;137500;3;1;3500;0;3.09
5;137500;6;0;50;0;3.73
5;137500;6;0;250;0;3.57
5;137500;6;0;750;0;3.63
5;137500;6;0;1500;0;3.54
5;137500;6;0;2500;0;3.69
5;137500;6;0;3500;0;3.52
5;137500;6;1;50;0;3.77
5;137500;6;1;250;0;3.38
5;137500;6;1;750;0;3.5
5;137500;6;1;1500;0;3.98
5;137500;6;1;2500;0;3.31
5;137500;6;1;3500;0;3.52
5;137500;10;0;50;0;3.87
5;137500;10;0;250;0;3.78
5;137500;10;0;750;0;3.61
5;137500;10;0;1500;0;3.48
5;137500;10;0;2500;0;3.57
5;137500;10;0;3500;0;3.37
5;137500;10;1;50;0;3.94
5;137500;10;1;250;0;3.64
5;137500;10;1;750;0;3.65
5;137500;10;1;1500;0;3.72
5;137500;10;1;2500;0;3.51
5;137500;10;1;3500;0;3.46
5;137500;14;0;50;0;3.73
5;137500;14;0;250;0;3.73
5;137500;14;0;750;0;3.83
5;137500;14;0;1500;0;3.62
5;137500;14;0;2500;0;3.46
5;137500;14;0;3500;0;3.34
5;137500;14;1;50;0;3.81
5;137500;14;1;250;0;3.52
5;137500;14;1;750;0;2.95
5;137500;14;1;1500;0;3.7
5;137500;14;1;2500;0;3.8
5;137500;14;1;3500;0;3.44
5;137500;20;0;50;0;3.33
5;137500;20;0;250;0;3.86
5;137500;20;0;750;0;3.5
5;137500;20;0;1500;0;3.58
5;137500;20;0;2500;0;3.52
5;137500;20;0;3500;0;3.99
5;137500;20;1;50;0;3.3
5;137500;20;1;250;0;3.81
5;137500;20;1;750;0;3.52
5;137500;20;1;1500;0;3.77
5;137500;20;1;2500;0;3.67
5;137500;20;1;3500;0;3.37
5;212500;3;0;50;0;3.57
5;212500;3;0;250;0;3.23
5;212500;3;0;750;0;3.52
5;212500;3;0;1500;0;3.79
5;212500;3;0;2500;0;3.47
5;212500;3;0;3500;0;3.1
5;212500;3;1;50;0;2.92
5;212500;3;1;250;0;3.08
5;212500;3;1;750;0;2.92
5;212500;3;1;1500;0;2.9
5;212500;3;1;2500;0;2.9
5;212500;3;1;3500;0;3.22
5;212500;6;0;50;0;3.55
5;212500;6;0;250;0;3.5
5;212500;6;0;750;0;3.6
5;212500;6;0;1500;0;3.8
5;212500;6;0;2500;0;3.64
5;212500;6;0;3500;0;3.51
5;212500;6;1;50;0;3.48
5;212500;6;1;250;0;3.53
5;212500;6;1;750;0;3.24
5;212500;6;1;1500;0;3.16
5;212500;6;1;2500;0;3.31
5;212500;6;1;3500;0;3.49
5;212500;10;0;50;0;3.37
5;212500;10;0;250;0;3.37
5;212500;10;0;750;0;3.37
5;212500;10;0;1500;0;3.86
5;212500;10;0;2500;0;3.35
5;212500;10;0;3500;0;3.65
5;212500;10;1;50;0;3.54
5;212500;10;1;250;0;3.63
5;212500;10;1;750;0;3.75
5;212500;10;1;1500;0;3.34
5;212500;10;1;2500;0;3.58
5;212500;10;1;3500;0;3.46
5;212500;14;0;50;0;3.48
5;212500;14;0;250;0;3.4
5;212500;14;0;750;0;3.77
5;212500;14;0;1500;0;3.34
5;212500;14;0;2500;0;3.49
5;212500;14;0;3500;0;3.46
5;212500;14;1;50;0;3.49
5;212500;14;1;250;0;3.77
5;212500;14;1;750;0;3.38
5;212500;14;1;1500;0;3.57
5;212500;14;1;2500;0;3.31
5;212500;14;1;3500;0;3.4
5;212500;20;0;50;0;3.68
5;212500;20;0;250;0;3.72
5;212500;20;0;750;0;3.61
5;212500;20;0;1500;0;3.52
5;212500;20;0;2500;0;3.67
5;212500;20;0;3500;0;3.61
5;212500;20;1;50;0;3.6
5;212500;20;1;250;0;3.75
5;212500;20;1;750;0;3.53
5;212500;20;1;1500;0;3.01
5;212500;20;1;2500;0;3.5
5;212500;20;1;3500;0;3.36
5;300000;3;0;50;0;3.41
5;300000;3;0;250;0;3.53
5;300000;3;0;750;0;3.56
5;300000;3;0;1500;0;3.71
5;300000;3;0;2500;0;3.6
5;300000;3;0;3500;0;3.49
5;300000;3;1;50;0;3.68
5;300000;3;1;250;0;3.72
5;300000;3;1;750;0;3.53
5;300000;3;1;1500;0;3.6
5;300000;3;1;2500;0;3.63
5;300000;3;1;3500;0;3.29
5;300000;6;0;50;0;3.77
5;300000;6;0;250;0;3.69
5;300000;6;0;750;0;3.73
5;300000;6;0;1500;0;3.83
5;300000;6;0;2500;0;3.51
5;300000;6;0;3500;0;3.43
5;300000;6;1;50;0;3.48
5;300000;6;1;250;0;3.54
5;300000;6;1;750;0;3.8
5;300000;6;1;1500;0;3.49
5;300000;6;1;2500;0;3.58
5;300000;6;1;3500;0;3.42
5;300000;10;0;50;0;3.64
5;300000;10;0;250;0;3.62
5;300000;10;0;750;0;3.81
5;300000;10;0;1500;0;3.56
5;300000;10;0;2500;0;3.4
5;300000;10;0;3500;0;3.36
5;300000;10;1;50;0;3.49
5;300000;10;1;250;0;3.52
5;300000;10;1;750;0;3.54
5;300000;10;1;1500;0;3.58
5;300000;10;1;2500;0;3.26
5;300000;10;1;3500;0;3.28
5;300000;14;0;50;0;3.58
5;300000;14;0;250;0;3.55
5;300000;14;0;750;0;3.72
5;300000;14;0;1500;0;3.6
5;300000;14;0;2500;0;3.71
5;300000;14;0;3500;0;3.43
5;300000;14;1;50;0;3.94
5;300000;14;1;250;0;3.64
5;300000;14;1;750;0;3.58
5;300000;14;1;1500;0;3.67
5;300000;14;1;2500;0;3.52
5;300000;14;1;3500;0;3.48
5;300000;20;0;50;0;3.43
5;300000;20;0;250;0;3.55
5;300000;20;0;750;0;3.82
5;300000;20;0;1500;0;3.89
5;300000;20;0;2500;0;3.52
5;300000;20;0;3500;0;3.62
5;300000;20;1;50;0;3.53
5;300000;20;1;250;0;3.65
5;300000;20;1;750;0;3.67
5;300000;20;1;1500;0;3.42
5;300000;20;1;2500;0;3.31
5;300000;20;1;3500;0;3.01
5;50;3;0;50;1;0.73
5;50;3;0;250;1;130.12
5;50;3;0;750;1;93.14
5;50;3;0;1500;1;65.84
5;50;3;0;2500;1;49.3
5;50;3;0;3500;1;41.53
5;50;3;1;50;1;111.02
5;50;3;1;250;1;112.26
5;50;3;1;750;1;88.67
5;50;3;1;1500;1;63.43
5;50;3;1;2500;1;43.39
5;50;3;1;3500;1;37.46
5;50;6;0;50;1;118.88
5;50;6;0;250;1;117.05
5;50;6;0;750;1;84.44
5;50;6;0;1500;1;59.63
5;50;6;0;2500;1;43.17
5;50;6;0;3500;1;37.05
5;50;6;1;50;1;117.21
5;50;6;1;250;1;115.54
5;50;6;1;750;1;81.72
5;50;6;1;1500;1;56.12
5;50;6;1;2500;1;38.87
5;50;6;1;3500;1;33.28
5;50;10;0;50;1;110.39
5;50;10;0;250;1;105.21
5;50;10;0;750;1;81.71
5;50;10;0;1500;1;59.16
5;50;10;0;2500;1;42.38
5;50;10;0;3500;1;37.35
5;50;10;1;50;1;113.31
5;50;10;1;250;1;110.59
5;50;10;1;750;1;79.99
5;50;10;1;1500;1;57.35
5;50;10;1;2500;1;42.21
5;50;10;1;3500;1;36.59
5;50;14;0;50;1;123.07
5;50;14;0;250;1;116.3
5;50;14;0;750;1;71.17
5;50;14;0;1500;1;52.18
5;50;14;0;2500;1;38.32
5;50;14;0;3500;1;35.82
5;50;14;1;50;1;118.25
5;50;14;1;250;1;122.0
5;50;14;1;750;1;89.05
5;50;14;1;1500;1;61.64
5;50;14;1;2500;1;43.13
5;50;14;1;3500;1;37.34
5;50;20;0;50;1;124.36
5;50;20;0;250;1;117.51
5;50;20;0;750;1;86.26
5;50;20;0;1500;1;61.62
5;50;20;0;2500;1;42.95
5;50;20;0;3500;1;37.26
5;50;20;1;50;1;118.06
5;50;20;1;250;1;111.92
5;50;20;1;750;1;82.91
5;50;20;1;1500;1;57.67
5;50;20;1;2500;1;42.37
5;50;20;1;3500;1;37.58
5;300;3;0;50;1;84.36
5;300;3;0;250;1;116.4
5;300;3;0;750;1;85.37
5;300;3;0;1500;1;59.21
5;300;3;0;2500;1;42.24
5;300;3;0;3500;1;37.08
5;300;3;1;50;1;110.19
5;300;3;1;250;1;105.68
5;300;3;1;750;1;79.18
5;300;3;1;1500;1;57.37
5;300;3;1;2500;1;42.04
5;300;3;1;3500;1;36.71
5;300;6;0;50;1;116.99
5;300;6;0;250;1;111.13
5;300;6;0;750;1;83.25
5;300;6;0;1500;1;57.71
5;300;6;0;2500;1;42.07
5;300;6;0;3500;1;36.67
5;300;6;1;50;1;110.19
5;300;6;1;250;1;108.99
5;300;6;1;750;1;82.57
5;300;6;1;1500;1;57.36
5;300;6;1;2500;1;41.92
5;300;6;1;3500;1;36.67
5;300;10;0;50;1;113.03
5;300;10;0;250;1;110.55
5;300;10;0;750;1;84.15
5;300;10;0;1500;1;59.49
5;300;10;0;2500;1;41.99
5;300;10;0;3500;1;36.74
5;300;10;1;50;1;111.93
5;300;10;1;250;1;106.4
5;300;10;1;750;1;81.78
5;300;10;1;1500;1;58.17
5;300;10;1;2500;1;42.22
5;300;10;1;3500;1;36.77
5;300;14;0;50;1;115.54
5;300;14;0;250;1;111.31
5;300;14;0;750;1;84.26
5;300;14;0;1500;1;58.71
5;300;14;0;2500;1;42.47
5;300;14;0;3500;1;36.94
5;300;14;1;50;1;112.67
5;300;14;1;250;1;110.03
5;300;14;1;750;1;82.24
5;300;14;1;1500;1;58.28
5;300;14;1;2500;1;42.03
5;300;14;1;3500;1;37.11
5;300;20;0;50;1;116.61
5;300;20;0;250;1;111.82
5;300;20;0;750;1;83.45
5;300;20;0;1500;1;58.95
5;300;20;0;2500;1;42.3
5;300;20;0;3500;1;36.85
5;300;20;1;50;1;112.73
5;300;20;1;250;1;109.21
5;300;20;1;750;1;82.8
5;300;20;1;1500;1;57.33
5;300;20;1;2500;1;42.03
5;300;20;1;3500;1;37.08
5;750;3;0;50;1;73.01
5;750;3;0;250;1;105.24
5;750;3;0;750;1;79.73
5;750;3;0;1500;1;56.79
5;750;3;0;2500;1;41.96
5;750;3;0;3500;1;35.95
5;750;3;1;50;1;103.45
5;750;3;1;250;1;103.92
5;750;3;1;750;1;77.31
5;750;3;1;1500;1;55.61
5;750;3;1;2500;1;39.01
5;750;3;1;3500;1;36.14
5;750;6;0;50;1;105.14
5;750;6;0;250;1;103.79
5;750;6;0;750;1;77.81
5;750;6;0;1500;1;56.82
5;750;6;0;2500;1;41.57
5;750;6;0;3500;1;36.15
5;750;6;1;50;1;102.57
5;750;6;1;250;1;101.5
5;750;6;1;750;1;76.27
5;750;6;1;1500;1;56.62
5;750;6;1;2500;1;39.78
5;750;6;1;3500;1;36.38
5;750;10;0;50;1;105.62
5;750;10;0;250;1;105.25
5;750;10;0;750;1;79.52
5;750;10;0;1500;1;56.82
5;750;10;0;2500;1;39.19
5;750;10;0;3500;1;36.41
5;750;10;1;50;1;98.58
5;750;10;1;250;1;96.78
5;750;10;1;750;1;75.02
5;750;10;1;1500;1;53.31
5;750;10;1;2500;1;39.15
5;750;10;1;3500;1;35.72
5;750;14;0;50;1;105.67
5;750;14;0;250;1;103.94
5;750;14;0;750;1;77.94
5;750;14;0;1500;1;55.69
5;750;14;0;2500;1;39.63
5;750;14;0;3500;1;36.66
5;750;14;1;50;1;103.08
5;750;14;1;250;1;99.76
5;750;14;1;750;1;76.11
5;750;14;1;1500;1;56.44
5;750;14;1;2500;1;39.42
5;750;14;1;3500;1;35.99
5;750;20;0;50;1;105.98
5;750;20;0;250;1;103.13
5;750;20;0;750;1;75.86
5;750;20;0;1500;1;56.6
5;750;20;0;2500;1;39.34
5;750;20;0;3500;1;36.1
5;750;20;1;50;1;98.62
5;750;20;1;250;1;99.84
5;750;20;1;750;1;76.55
5;750;20;1;1500;1;55.35
5;750;20;1;2500;1;39.09
5;750;20;1;3500;1;35.5
5;3000;3;0;50;1;44.27
5;3000;3;0;250;1;72.84
5;3000;3;0;750;1;63.76
5;3000;3;0;1500;1;48.29
5;3000;3;0;2500;1;32.87
5;3000;3;0;3500;1;23.05
5;3000;3;1;50;1;51.7
5;3000;3;1;250;1;52.66
5;3000;3;1;750;1;44.7
5;3000;3;1;1500;1;31.66
5;3000;3;1;2500;1;25.43
5;3000;3;1;3500;1;26.05
5;3000;6;0;50;1;62.89
5;3000;6;0;250;1;66.55
5;3000;6;0;750;1;58.44
5;3000;6;0;1500;1;44.86
5;3000;6;0;2500;1;35.43
5;3000;6;0;3500;1;31.32
5;3000;6;1;50;1;66.54
5;3000;6;1;250;1;70.11
5;3000;6;1;750;1;61.9
5;3000;6;1;1500;1;45.95
5;3000;6;1;2500;1;35.39
5;3000;6;1;3500;1;31.07
5;3000;10;0;50;1;58.84
5;3000;10;0;250;1;63.19
5;3000;10;0;750;1;57.97
5;3000;10;0;1500;1;45.75
5;3000;10;0;2500;1;37.57
5;3000;10;0;3500;1;34.96
5;3000;10;1;50;1;63.97
5;3000;10;1;250;1;68.67
5;3000;10;1;750;1;64.04
5;3000;10;1;1500;1;49.02
5;3000;10;1;2500;1;36.94
5;3000;10;1;3500;1;31.95
5;3000;14;0;50;1;72.31
5;3000;14;0;250;1;62.22
5;3000;14;0;750;1;57.53
5;3000;14;0;1500;1;48.7
5;3000;14;0;2500;1;37.22
5;3000;14;0;3500;1;32.0
5;3000;14;1;50;1;70.17
5;3000;14;1;250;1;70.99
5;3000;14;1;750;1;59.38
5;3000;14;1;1500;1;45.65
5;3000;14;1;2500;1;35.66
5;3000;14;1;3500;1;31.12
5;3000;20;0;50;1;70.62
5;3000;20;0;250;1;71.88
5;3000;20;0;750;1;62.89
5;3000;20;0;1500;1;48.62
5;3000;20;0;2500;1;36.09
5;3000;20;0;3500;1;31.72
5;3000;20;1;50;1;70.39
5;3000;20;1;250;1;69.29
5;3000;20;1;750;1;59.61
5;3000;20;1;1500;1;46.19
5;3000;20;1;2500;1;35.66
5;3000;20;1;3500;1;31.04
5;7500;3;0;50;1;24.45
5;7500;3;0;250;1;46.26
5;7500;3;0;750;1;41.7
5;7500;3;0;1500;1;36.78
5;7500;3;0;2500;1;30.93
5;7500;3;0;3500;1;28.37
5;7500;3;1;50;1;43.53
5;7500;3;1;250;1;42.2
5;7500;3;1;750;1;39.31
5;7500;3;1;1500;1;36.12
5;7500;3;1;2500;1;29.49
5;7500;3;1;3500;1;25.45
5;7500;6;0;50;1;43.68
5;7500;6;0;250;1;41.85
5;7500;6;0;750;1;33.3
5;7500;6;0;1500;1;31.45
5;7500;6;0;2500;1;26.24
5;7500;6;0;3500;1;22.83
5;7500;6;1;50;1;31.78
5;7500;6;1;250;1;36.11
5;7500;6;1;750;1;35.24
5;7500;6;1;1500;1;32.49
5;7500;6;1;2500;1;26.24
5;7500;6;1;3500;1;25.23
5;7500;10;0;50;1;42.67
5;7500;10;0;250;1;43.54
5;7500;10;0;750;1;41.52
5;7500;10;0;1500;1;36.07
5;7500;10;0;2500;1;30.1
5;7500;10;0;3500;1;26.61
5;7500;10;1;50;1;43.44
5;7500;10;1;250;1;43.13
5;7500;10;1;750;1;39.13
5;7500;10;1;1500;1;35.46
5;7500;10;1;2500;1;30.08
5;7500;10;1;3500;1;26.63
5;7500;14;0;50;1;44.59
5;7500;14;0;250;1;43.72
5;7500;14;0;750;1;39.47
5;7500;14;0;1500;1;32.81
5;7500;14;0;2500;1;30.02
5;7500;14;0;3500;1;26.6
5;7500;14;1;50;1;43.09
5;7500;14;1;250;1;42.38
5;7500;14;1;750;1;38.91
5;7500;14;1;1500;1;35.62
5;7500;14;1;2500;1;29.12
5;7500;14;1;3500;1;25.22
5;7500;20;0;50;1;43.37
5;7500;20;0;250;1;43.58
5;7500;20;0;750;1;41.59
5;7500;20;0;1500;1;36.07
5;7500;20;0;2500;1;30.31
5;7500;20;0;3500;1;26.19
5;7500;20;1;50;1;42.65
5;7500;20;1;250;1;43.08
5;7500;20;1;750;1;39.25
5;7500;20;1;1500;1;35.77
5;7500;20;1;2500;1;28.41
5;7500;20;1;3500;1;28.07
5;17500;3;0;50;1;5.83
5;17500;3;0;250;1;26.28
5;17500;3;0;750;1;24.65
5;17500;3;0;1500;1;22.44
5;17500;3;0;2500;1;19.28
5;17500;3;0;3500;1;18.35
5;17500;3;1;50;1;24.32
5;17500;3;1;250;1;23.98
5;17500;3;1;750;1;19.77
5;17500;3;1;1500;1;19.94
5;17500;3;1;2500;1;18.59
5;17500;3;1;3500;1;17.86
5;17500;6;0;50;1;24.06
5;17500;6;0;250;1;24.22
5;17500;6;0;750;1;22.97
5;17500;6;0;1500;1;19.66
5;17500;6;0;2500;1;18.81
5;17500;6;0;3500;1;18.8
5;17500;6;1;50;1;23.63
5;17500;6;1;250;1;23.35
5;17500;6;1;750;1;22.98
5;17500;6;1;1500;1;19.83
5;17500;6;1;2500;1;18.79
5;17500;6;1;3500;1;18.03
5;17500;10;0;50;1;24.2
5;17500;10;0;250;1;24.07
5;17500;10;0;750;1;23.46
5;17500;10;0;1500;1;19.99
5;17500;10;0;2500;1;19.16
5;17500;10;0;3500;1;17.99
5;17500;10;1;50;1;24.06
5;17500;10;1;250;1;23.12
5;17500;10;1;750;1;22.78
5;17500;10;1;1500;1;19.66
5;17500;10;1;2500;1;17.55
5;17500;10;1;3500;1;18.26
5;17500;14;0;50;1;23.92
5;17500;14;0;250;1;24.15
5;17500;14;0;750;1;23.44
5;17500;14;0;1500;1;19.87
5;17500;14;0;2500;1;18.78
5;17500;14;0;3500;1;18.34
5;17500;14;1;50;1;23.17
5;17500;14;1;250;1;23.17
5;17500;14;1;750;1;22.51
5;17500;14;1;1500;1;19.73
5;17500;14;1;2500;1;18.52
5;17500;14;1;3500;1;18.06
5;17500;20;0;50;1;23.28
5;17500;20;0;250;1;24.01
5;17500;20;0;750;1;23.16
5;17500;20;0;1500;1;19.95
5;17500;20;0;2500;1;19.0
5;17500;20;0;3500;1;17.44
5;17500;20;1;50;1;7.24
5;17500;20;1;250;1;22.19
5;17500;20;1;750;1;22.0
5;17500;20;1;1500;1;19.95
5;17500;20;1;2500;1;19.31
5;17500;20;1;3500;1;19.47
5;37500;3;0;50;1;3.81
5;37500;3;0;250;1;12.83
5;37500;3;0;750;1;11.44
5;37500;3;0;1500;1;11.68
5;37500;3;0;2500;1;11.46
5;37500;3;0;3500;1;11.34
5;37500;3;1;50;1;12.59
5;37500;3;1;250;1;12.85
5;37500;3;1;750;1;12.53
5;37500;3;1;1500;1;11.89
5;37500;3;1;2500;1;10.76
5;37500;3;1;3500;1;10.8
5;37500;6;0;50;1;12.1
5;37500;6;0;250;1;12.12
5;37500;6;0;750;1;11.83
5;37500;6;0;1500;1;11.19
5;37500;6;0;2500;1;10.99
5;37500;6;0;3500;1;10.58
5;37500;6;1;50;1;12.21
5;37500;6;1;250;1;12.18
5;37500;6;1;750;1;11.8
5;37500;6;1;1500;1;11.47
5;37500;6;1;2500;1;11.01
5;37500;6;1;3500;1;10.9
5;37500;10;0;50;1;12.23
5;37500;10;0;250;1;12.17
5;37500;10;0;750;1;12.05
5;37500;10;0;1500;1;11.59
5;37500;10;0;2500;1;10.93
5;37500;10;0;3500;1;11.08
5;37500;10;1;50;1;12.37
5;37500;10;1;250;1;11.84
5;37500;10;1;750;1;11.78
5;37500;10;1;1500;1;11.33
5;37500;10;1;2500;1;10.97
5;37500;10;1;3500;1;10.81
5;37500;14;0;50;1;11.73
5;37500;14;0;250;1;12.56
5;37500;14;0;750;1;11.92
5;37500;14;0;1500;1;11.72
5;37500;14;0;2500;1;10.96
5;37500;14;0;3500;1;10.81
5;37500;14;1;50;1;11.48
5;37500;14;1;250;1;12.09
5;37500;14;1;750;1;11.79
5;37500;14;1;1500;1;11.59
5;37500;14;1;2500;1;10.71
5;37500;14;1;3500;1;10.84
5;37500;20;0;50;1;11.33
5;37500;20;0;250;1;11.95
5;37500;20;0;750;1;12.25
5;37500;20;0;1500;1;11.63
5;37500;20;0;2500;1;11.04
5;37500;20;0;3500;1;11.07
5;37500;20;1;50;1;12.19
5;37500;20;1;250;1;12.46
5;37500;20;1;750;1;11.66
5;37500;20;1;1500;1;11.78
5;37500;20;1;2500;1;10.98
5;37500;20;1;3500;1;10.4
5;62500;3;0;50;1;2.92
5;62500;3;0;250;1;8.91
5;62500;3;0;750;1;8.41
5;62500;3;0;1500;1;8.61
5;62500;3;0;2500;1;7.85
5;62500;3;0;3500;1;7.5
5;62500;3;1;50;1;7.85
5;62500;3;1;250;1;7.77
5;62500;3;1;750;1;5.94
5;62500;3;1;1500;1;7.63
5;62500;3;1;2500;1;6.39
5;62500;3;1;3500;1;6.61
5;62500;6;0;50;1;8.21
5;62500;6;0;250;1;7.73
5;62500;6;0;750;1;8.17
5;62500;6;0;1500;1;6.53
5;62500;6;0;2500;1;7.76
5;62500;6;0;3500;1;6.04
5;62500;6;1;50;1;8.3
5;62500;6;1;250;1;7.74
5;62500;6;1;750;1;7.77
5;62500;6;1;1500;1;7.26
5;62500;6;1;2500;1;5.25
5;62500;6;1;3500;1;5.61
5;62500;10;0;50;1;5.65
5;62500;10;0;250;1;6.37
5;62500;10;0;750;1;6.81
5;62500;10;0;1500;1;5.43
5;62500;10;0;2500;1;5.57
5;62500;10;0;3500;1;5.65
5;62500;10;1;50;1;7.56
5;62500;10;1;250;1;6.6
5;62500;10;1;750;1;5.2
5;62500;10;1;1500;1;5.66
5;62500;10;1;2500;1;5.8
5;62500;10;1;3500;1;5.62
5;62500;14;0;50;1;7.66
5;62500;14;0;250;1;7.34
5;62500;14;0;750;1;6.53
5;62500;14;0;1500;1;5.49
5;62500;14;0;2500;1;7.53
5;62500;14;0;3500;1;5.91
5;62500;14;1;50;1;7.62
5;62500;14;1;250;1;8.29
5;62500;14;1;750;1;7.94
5;62500;14;1;1500;1;6.62
5;62500;14;1;2500;1;6.45
5;62500;14;1;3500;1;6.27
5;62500;20;0;50;1;8.46
5;62500;20;0;250;1;8.02
5;62500;20;0;750;1;7.63
5;62500;20;0;1500;1;7.8
5;62500;20;0;2500;1;6.28
5;62500;20;0;3500;1;6.52
5;62500;20;1;50;1;8.17
5;62500;20;1;250;1;7.56
5;62500;20;1;750;1;7.3
5;62500;20;1;1500;1;6.18
5;62500;20;1;2500;1;6.46
5;62500;20;1;3500;1;6.62
5;87500;3;0;50;1;2.72
5;87500;3;0;250;1;6.44
5;87500;3;0;750;1;5.53
5;87500;3;0;1500;1;5.57
5;87500;3;0;2500;1;5.43
5;87500;3;0;3500;1;5.61
5;87500;3;1;50;1;5.79
5;87500;3;1;250;1;5.98
5;87500;3;1;750;1;5.62
5;87500;3;1;1500;1;5.21
5;87500;3;1;2500;1;5.4
5;87500;3;1;3500;1;5.26
5;87500;6;0;50;1;5.55
5;87500;6;0;250;1;5.94
5;87500;6;0;750;1;5.33
5;87500;6;0;1500;1;5.25
5;87500;6;0;2500;1;5.23
5;87500;6;0;3500;1;5.08
5;87500;6;1;50;1;5.48
5;87500;6;1;250;1;5.75
5;87500;6;1;750;1;5.12
5;87500;6;1;1500;1;4.93
5;87500;6;1;2500;1;4.7
5;87500;6;1;3500;1;4.87
5;87500;10;0;50;1;5.78
5;87500;10;0;250;1;6.01
5;87500;10;0;750;1;5.23
5;87500;10;0;1500;1;4.68
5;87500;10;0;2500;1;5.14
5;87500;10;0;3500;1;5.62
5;87500;10;1;50;1;6.08
5;87500;10;1;250;1;6.08
5;87500;10;1;750;1;5.57
5;87500;10;1;1500;1;5.43
5;87500;10;1;2500;1;5.08
5;87500;10;1;3500;1;5.19
5;87500;14;0;50;1;5.46
5;87500;14;0;250;1;5.71
5;87500;14;0;750;1;5.17
5;87500;14;0;1500;1;5.44
5;87500;14;0;2500;1;5.07
5;87500;14;0;3500;1;5.21
5;87500;14;1;50;1;4.14
5;87500;14;1;250;1;1.56
5;87500;14;1;750;1;5.45
5;87500;14;1;1500;1;5.25
5;87500;14;1;2500;1;5.11
5;87500;14;1;3500;1;5.31
5;87500;20;0;50;1;5.91
5;87500;20;0;250;1;5.28
5;87500;20;0;750;1;5.02
5;87500;20;0;1500;1;5.01
5;87500;20;0;2500;1;5.24
5;87500;20;0;3500;1;5.28
5;87500;20;1;50;1;5.77
5;87500;20;1;250;1;5.36
5;87500;20;1;750;1;4.24
5;87500;20;1;1500;1;5.33
5;87500;20;1;2500;1;5.16
5;87500;20;1;3500;1;5.37
5;137500;3;0;50;1;3.32
5;137500;3;0;250;1;4.7
5;137500;3;0;750;1;5.01
5;137500;3;0;1500;1;4.97
5;137500;3;0;2500;1;4.72
5;137500;3;0;3500;1;4.74
5;137500;3;1;50;1;5.11
5;137500;3;1;250;1;5.07
5;137500;3;1;750;1;4.59
5;137500;3;1;1500;1;4.46
5;137500;3;1;2500;1;4.37
5;137500;3;1;3500;1;4.59
5;137500;6;0;50;1;4.72
5;137500;6;0;250;1;5.09
5;137500;6;0;750;1;5.14
5;137500;6;0;1500;1;4.64
5;137500;6;0;2500;1;4.81
5;137500;6;0;3500;1;4.73
5;137500;6;1;50;1;4.89
5;137500;6;1;250;1;4.81
5;137500;6;1;750;1;4.55
5;137500;6;1;1500;1;4.63
5;137500;6;1;2500;1;4.77
5;137500;6;1;3500;1;4.76
5;137500;10;0;50;1;4.53
5;137500;10;0;250;1;5.13
5;137500;10;0;750;1;5.0
5;137500;10;0;1500;1;4.96
5;137500;10;0;2500;1;4.72
5;137500;10;0;3500;1;4.71
5;137500;10;1;50;1;4.89
5;137500;10;1;250;1;5.2
5;137500;10;1;750;1;4.45
5;137500;10;1;1500;1;4.58
5;137500;10;1;2500;1;4.93
5;137500;10;1;3500;1;4.69
5;137500;14;0;50;1;4.94
5;137500;14;0;250;1;5.06
5;137500;14;0;750;1;4.72
5;137500;14;0;1500;1;4.7
5;137500;14;0;2500;1;4.41
5;137500;14;0;3500;1;3.93
5;137500;14;1;50;1;5.82
5;137500;14;1;250;1;5.22
5;137500;14;1;750;1;4.6
5;137500;14;1;1500;1;4.87
5;137500;14;1;2500;1;4.5
5;137500;14;1;3500;1;4.59
5;137500;20;0;50;1;5.03
5;137500;20;0;250;1;5.24
5;137500;20;0;750;1;4.71
5;137500;20;0;1500;1;4.78
5;137500;20;0;2500;1;4.94
5;137500;20;0;3500;1;4.54
5;137500;20;1;50;1;5.03
5;137500;20;1;250;1;4.84
5;137500;20;1;750;1;5.12
5;137500;20;1;1500;1;4.09
5;137500;20;1;2500;1;4.68
5;137500;20;1;3500;1;4.42
5;212500;3;0;50;1;4.6
5;212500;3;0;250;1;5.1
5;212500;3;0;750;1;4.82
5;212500;3;0;1500;1;4.78
5;212500;3;0;2500;1;4.74
5;212500;3;0;3500;1;4.49
5;212500;3;1;50;1;5.19
5;212500;3;1;250;1;4.97
5;212500;3;1;750;1;4.24
5;212500;3;1;1500;1;4.77
5;212500;3;1;2500;1;4.62
5;212500;3;1;3500;1;4.73
5;212500;6;0;50;1;4.84
5;212500;6;0;250;1;5.2
5;212500;6;0;750;1;5.0
5;212500;6;0;1500;1;4.78
5;212500;6;0;2500;1;4.81
5;212500;6;0;3500;1;4.52
5;212500;6;1;50;1;5.01
5;212500;6;1;250;1;4.95
5;212500;6;1;750;1;4.93
5;212500;6;1;1500;1;4.87
5;212500;6;1;2500;1;4.4
5;212500;6;1;3500;1;4.6
5;212500;10;0;50;1;4.9
5;212500;10;0;250;1;4.88
5;212500;10;0;750;1;5.18
5;212500;10;0;1500;1;4.59
5;212500;10;0;2500;1;4.87
5;212500;10;0;3500;1;4.88
5;212500;10;1;50;1;4.93
5;212500;10;1;250;1;4.75
5;212500;10;1;750;1;4.56
5;212500;10;1;1500;1;4.83
5;212500;10;1;2500;1;4.41
5;212500;10;1;3500;1;4.06
5;212500;14;0;50;1;4.42
5;212500;14;0;250;1;5.03
5;212500;14;0;750;1;5.14
5;212500;14;0;1500;1;4.86
5;212500;14;0;2500;1;4.38
5;212500;14;0;3500;1;4.96
5;212500;14;1;50;1;5.03
5;212500;14;1;250;1;5.38
5;212500;14;1;750;1;5.13
5;212500;14;1;1500;1;4.77
5;212500;14;1;2500;1;4.47
5;212500;14;1;3500;1;4.65
5;212500;20;0;50;1;4.82
5;212500;20;0;250;1;5.07
5;212500;20;0;750;1;4.92
5;212500;20;0;1500;1;4.34
5;212500;20;0;2500;1;4.9
5;212500;20;0;3500;1;4.49
5;212500;20;1;50;1;5.22
5;212500;20;1;250;1;4.72
5;212500;20;1;750;1;4.63
5;212500;20;1;1500;1;4.7
5;212500;20;1;2500;1;4.61
5;212500;20;1;3500;1;4.48
5;300000;3;0;50;1;4.49
5;300000;3;0;250;1;5.25
5;300000;3;0;750;1;5.03
5;300000;3;0;1500;1;5.12
5;300000;3;0;2500;1;4.76
5;300000;3;0;3500;1;4.52
5;300000;3;1;50;1;5.16
5;300000;3;1;250;1;4.61
5;300000;3;1;750;1;4.86
5;300000;3;1;1500;1;4.79
5;300000;3;1;2500;1;4.49
5;300000;3;1;3500;1;4.66
5;300000;6;0;50;1;4.84
5;300000;6;0;250;1;5.13
5;300000;6;0;750;1;4.34
5;300000;6;0;1500;1;5.11
5;300000;6;0;2500;1;4.78
5;300000;6;0;3500;1;4.68
5;300000;6;1;50;1;5.04
5;300000;6;1;250;1;4.95
5;300000;6;1;750;1;4.62
5;300000;6;1;1500;1;4.88
5;300000;6;1;2500;1;4.39
5;300000;6;1;3500;1;4.98
5;300000;10;0;50;1;4.63
5;300000;10;0;250;1;4.95
5;300000;10;0;750;1;4.97
5;300000;10;0;1500;1;4.88
5;300000;10;0;2500;1;4.23
5;300000;10;0;3500;1;5.08
5;300000;10;1;50;1;5.11
5;300000;10;1;250;1;4.97
5;300000;10;1;750;1;5.0
5;300000;10;1;1500;1;4.46
5;300000;10;1;2500;1;5.06
5;300000;10;1;3500;1;4.41
5;300000;14;0;50;1;4.88
5;300000;14;0;250;1;4.99
5;300000;14;0;750;1;4.83
5;300000;14;0;1500;1;5.07
5;300000;14;0;2500;1;4.79
5;300000;14;0;3500;1;4.56
5;300000;14;1;50;1;5.14
5;300000;14;1;250;1;4.62
5;300000;14;1;750;1;4.63
5;300000;14;1;1500;1;5.18
5;300000;14;1;2500;1;4.94
5;300000;14;1;3500;1;4.6
5;300000;20;0;50;1;4.71
5;300000;20;0;250;1;5.04
5;300000;20;0;750;1;4.91
5;300000;20;0;1500;1;4.67
5;300000;20;0;2500;1;5.07
5;300000;20;0;3500;1;4.79
5;300000;20;1;50;1;4.81
5;300000;20;1;250;1;4.99
5;300000;20;1;750;1;4.9
5;300000;20;1;1500;1;4.56
5;300000;20;1;2500;1;4.91
5;300000;20;1;3500;1;4.45
